"Data","Link","UK INTERBANK 1 MTH (LDN:BBA) - OFFERED RATE","SWITZERLAND IBK. 1 MTH (LDN:BBA) - OFFERED RATE","EURO INTERBANK 1 MTH (LDN:BBA) - OFFERED RATE","JAPAN INTERBANK 1 MTH (LDN:BBA) - OFFERED RATE","CANADA INTERBANK 1 MTH (LDN:BBA) - OFFERED RATE","AUSTRALIA INTERBANK 1 MTH (LDN:BBA) - OFFERED RATE"
1990-01-01,1990-01-31,-0.00546703099769545,-0.00072377607460894,,0.00150091894750217,,-0.00731698013782555
1990-02-01,1990-02-28,-0.00557075768813769,-0.00113730367924653,,0.00133280316553109,,-0.00703565816983764
1990-03-01,1990-03-31,-0.00551903399608888,-0.00077553451137789,,0.00093143603111817,,-0.00625175659059325
1990-04-01,1990-04-30,-0.00544159380688374,-0.00046536881317643,,0.00098315704796489,,-0.00560876071898215
1990-05-01,1990-05-31,-0.00544131314822061,-0.00074961553404887,,0.00098310617702577,-0.00387127228777238,-0.00515837314247460
1990-06-01,1990-06-30,-0.00557075768813769,-0.00041371464622784,,0.00082794312620879,-0.00441273957084939,-0.00521062906688229
1990-07-01,1990-07-31,-0.00546787702961082,-0.00067219940999027,,0.00064677198368796,-0.00415521999793890,-0.00540357535841364
1990-08-01,1990-08-31,-0.00577797727988857,-0.00082747212003254,,0.00036223447315792,-0.00432373519707620,-0.00567509132887455
1990-09-01,1990-09-30,-0.00572624020767783,-0.00031036623464529,,-0.00015519515822247,-0.00382113446452021,-0.00472265036005945
1990-10-01,1990-10-31,-0.00563592893628794,0.00031044652807951,,0.00005173439562448,-0.00335700767169104,-0.00443917520406066
1990-11-01,1990-11-30,-0.00495459312468345,-0.00015520318715042,,-0.00003880719401102,-0.00356359318375025,-0.00397594306846531
1990-12-01,1990-12-31,-0.00448882419235547,-0.00029730195921652,,0.00005171299290083,-0.00282721694548830,-0.00309789590999532
1991-01-01,1991-01-31,-0.00557392029403092,-0.00093114692983045,,-0.00046568184423690,-0.00297146324088023,-0.00347444980533967
1991-02-01,1991-02-28,-0.00588601451512255,-0.00121618314663150,,-0.00098341148165101,-0.00336030507214794,-0.00408258751597198
1991-03-01,1991-03-31,-0.00516476718779405,-0.00113853968723806,,-0.00130662734930891,-0.00232744680823287,-0.00382449171524059
1991-04-01,1991-04-30,-0.00542538856303671,-0.00201858198507732,,-0.00150138518016853,-0.00279387598954043,-0.00442003950626389
1991-05-01,1991-05-31,-0.00491147426497851,-0.00217436407887270,,-0.00186402994997275,-0.00263968477077322,-0.00444720972902867
1991-06-01,1991-06-30,-0.00460175057811750,-0.00170873827984036,,-0.00160526145855581,-0.00232937445181793,-0.00359531186656577
1991-07-01,1991-07-31,-0.00445965177423883,-0.00155343858911183,,-0.00129469968109892,-0.00201899998696298,-0.00355640260045184
1991-08-01,1991-08-31,-0.00424080072886342,-0.00155359948390374,,-0.00124307262083488,-0.00218729671490260,-0.00346638730829783
1991-09-01,1991-09-30,-0.00439629351171988,-0.00196779101351405,,-0.00155384088859232,-0.00222642285253491,-0.00376390491889959
1991-10-01,1991-10-31,-0.00429418359124497,-0.00234339613606430,,-0.00114001463274218,-0.00244684485749010,-0.00324820980244818
1991-11-01,1991-11-30,-0.00450183161791361,-0.00239574216823302,,-0.00098488979788251,-0.00233106376114211,-0.00278369996168583
1991-12-01,1991-12-31,-0.00450136576906361,-0.00248601743946179,,-0.00090707655465915,-0.00181333106704098,-0.00252481660400015
1992-01-01,1992-01-31,-0.00544081566247428,-0.00316070627647438,,-0.00112812361395412,-0.00233263460096088,-0.00281145129508774
1992-02-01,1992-02-29,-0.00539622435061619,-0.00274704088574899,,-0.00111527549784323,-0.00233287645655264,-0.00274704088574899
1992-03-01,1992-03-31,-0.00522816109212772,-0.00300565080914236,,-0.00114113814966317,-0.00238453277675153,-0.00266925976432221
1992-04-01,1992-04-30,-0.00535077425736026,-0.00388490815198629,,-0.00051886059380207,-0.00233275552248780,-0.00265632352805769
1992-05-01,1992-05-31,-0.00531342762279875,-0.00419613639241602,,-0.00072651793543331,-0.00212617084270961,-0.00229451970481282
1992-06-01,1992-06-30,-0.00502266428061757,-0.00471271490320082,,-0.00067460628904357,-0.00171157428780830,-0.00203541053455095
1992-07-01,1992-07-31,-0.00507457592700719,-0.00450626199576990,,-0.00062276196937231,-0.00129698339884904,-0.00176348593419792
1992-08-01,1992-08-31,-0.00561908336586442,-0.00419787613430958,,-0.00057111706855960,-0.00155682439331878,-0.00181605965076535
1992-09-01,1992-09-30,-0.00543803292625734,-0.00357689399271494,,-0.00067488646299437,-0.00097325286640448,-0.00197146626759101
1992-10-01,1992-10-31,-0.00507773111730369,-0.00299535775303516,,-0.00083078046213511,-0.00419874654634960,-0.00223115931187382
1992-11-01,1992-11-30,-0.00409507349869188,-0.00260672213049586,,-0.00057120603915798,-0.00342235231624119,-0.00208851356801546
1992-12-01,1992-12-31,-0.00259161498912968,-0.00233275552248780,,0.00020761964156378,-0.00347123629128603,-0.00130960918312705
1993-01-01,1993-01-31,-0.00304683034776888,-0.00234752962286826,,-0.00051926473282257,-0.00285262505104810,-0.00201065478303831
1993-02-01,1993-02-28,-0.00285306898240629,-0.00192023309386611,,-0.00036357026395745,-0.00269765675115106,-0.00217944147293227
1993-03-01,1993-03-31,-0.00254208847435177,-0.00192013344238194,,-0.00025969304428288,-0.00202381948114963,-0.00185532835626502
1993-04-01,1993-04-30,-0.00228298755309398,-0.00190717607929834,,-0.00010388531071046,-0.00160901080570055,-0.00168680054008795
1993-05-01,1993-05-31,-0.00249040286439876,-0.00177764398934086,,-0.00010389070706963,-0.00141458757048573,-0.00168688809222397
1993-06-01,1993-06-30,-0.00217921530749888,-0.00166078510251300,,-0.00005194130633545,-0.00123288190766529,-0.00166078510251300
1993-07-01,1993-07-31,-0.00233481310828680,-0.00150528174591159,,-0.00005194400437494,-0.00103836777929560,-0.00166087130098004
1993-08-01,1993-08-31,-0.00228298755309398,-0.00129779134159828,,-0.00010388531071046,-0.00067506168992264,-0.00134966797896627
1993-09-01,1993-09-30,-0.00238663597773085,-0.00150528174591159,,0.00011687971988837,-0.00114214528042658,-0.00129779134159828
1993-10-01,1993-10-31,-0.00238663597773085,-0.00129779134159828,,0.00051958849760864,-0.00114214528042658,-0.00125888624780573
1993-11-01,1993-11-30,-0.00228298755309398,-0.00119402999260769,,0.00057156219892742,-0.00093457950727722,-0.00121997133922452
1993-12-01,1993-12-31,-0.00150481309044185,-0.00094726268654299,,0.00103912307370638,-0.00031152648227017,-0.00098616778033554
1994-01-01,1994-01-31,-0.00186818943800710,-0.00088263550290231,,0.00070147182050484,-0.00041545492911659,-0.00120694224343079
1994-02-01,1994-02-28,-0.00192023309386611,-0.00093462803418121,,0.00067555280974897,-0.00041549808429882,-0.00129785871559984
1994-03-01,1994-03-31,-0.00134924773971729,-0.00057105777022375,,0.00093516216291521,-0.00010385294432439,-0.00098616778033554
1994-04-01,1994-04-30,-0.00124539479539286,-0.00046720482589924,,0.00114297601803077,-0.00123243407249820,-0.00098606541970133
1994-05-01,1994-05-31,-0.00088208593084814,0.00003892932916507,,0.00140256120236618,-0.00143947840382610,-0.00068757917786846
1994-06-01,1994-06-30,-0.00057067263098369,0,,0.00186993613598512,-0.00124468432208682,-0.00036319298917912
1994-07-01,1994-07-31,-0.00036311762816302,0.00025945048533064,,0.00212948375586573,-0.00119260598512314,-0.00045388058547773
1994-08-01,1994-08-31,-0.00072617877562247,0.00018162712002265,,0.00197371902228012,-0.00082987556629978,-0.00041502386982943
1994-09-01,1994-09-30,-0.00010373982062304,0.00059671290800155,,0.00192113042289727,-0.00036304229841462,-0.00060932153621444
1994-10-01,1994-10-31,-0.00037595131200921,0.00093399757723788,,0.00228464713321429,0.00015560569548227,-0.00057034714946677
1994-11-01,1994-11-30,-0.00062218076357701,0.00108974868727916,,0.00228464713321429,0.00000000000000000,-0.00134756939642095
1994-12-01,1994-12-31,0.00025914120749342,0.00181540027554633,,0.00306215368379501,0.00044058001775257,-0.00119118537015312
1995-01-01,1995-01-31,-0.00005182286944409,0.00167272492444685,,0.00302332185413475,-0.00005182286944409,-0.00134652255054299
1995-02-01,1995-02-28,-0.00029143643800706,0.00197105722821254,,0.00316595567414778,-0.00144987597892475,-0.00139813087529367
1995-03-01,1995-03-31,-0.00031086472453846,0.00207490478009999,,0.00311397386776818,-0.00139813087529367,-0.00134638309396803
1995-04-01,1995-04-30,-0.00015543638797138,0.00223058061620217,,0.00363372492852292,-0.00159208291397331,-0.00116518442514225
1995-05-01,1995-05-31,-0.00056987438402758,0.00217887614734665,,0.00389418701312613,-0.00144995105926683,-0.00130764235689097
1995-06-01,1995-06-30,-0.00025907407072543,0.00232170223848335,,0.00394621208922472,-0.00119118537015312,-0.00119118537015312
1995-07-01,1995-07-31,-0.00051805420005440,0.00251637722770362,,0.00399803227319797,-0.00067341814039651,-0.00116524476848489
1995-08-01,1995-08-31,-0.00082892969206112,0.00269877680928885,,0.00415498676081496,-0.00067355770531782,-0.00134666203601018
1995-09-01,1995-09-30,-0.00072535104988458,0.00249091981415271,,0.00412896440761229,-0.00036274129170921,-0.00134666203601018
1995-10-01,1995-10-31,-0.00076419844116136,0.00286768827806061,,0.00449333898870883,-0.00025911434861111,-0.00126901927033572
1995-11-01,1995-11-30,-0.00079658725370634,0.00319273469105976,,0.00446097600461975,-0.00015548270869573,-0.00138553083327051
1995-12-01,1995-12-31,-0.00067352280866441,0.00299748720201949,,0.00451913607062991,0.00001295266227333,-0.00134659228966451
1996-01-01,1996-01-31,-0.00072546381044745,0.00321910973730215,,0.00436386998303739,0.00005183898811462,-0.00142452011294537
1996-02-01,1996-02-29,-0.00082927339675179,0.00303789813912080,,0.00403956567881746,0.00010370754481668,-0.00172256820783955
1996-03-01,1996-03-31,-0.00082284208297738,0.00305105471533020,,0.00381202918077843,0.00005185511681519,-0.00181323712418094
1996-04-01,1996-04-30,-0.00051834958655948,0.00305073784765431,,0.00403935581023800,0.00036300464526001,-0.00174835821964294
1996-05-01,1996-05-31,-0.00051834958655948,0.00295973422697127,,0.00406213676122085,0.00051861841220519,-0.00176129345158704
1996-06-01,1996-06-30,-0.00052157970937595,0.00230661589407393,,0.00413037219510764,0.00059317535440959,-0.00173861314675051
1996-07-01,1996-07-31,-0.00028511443531523,0.00246574044170016,,0.00412705650758610,0.00066126406639325,-0.00172240376346017
1996-08-01,1996-08-31,-0.00030779836282769,0.00254704772758429,,0.00409465904863303,0.00074235218884013,-0.00134390683245410
1996-09-01,1996-09-30,-0.00031104199317635,0.00275174753736952,,0.00411744623866880,0.00117375645221835,-0.00119180261276354
1996-10-01,1996-10-31,-0.00039850745400277,0.00335958377772504,,0.00411420259779880,0.00120295456646140,-0.00115620966314891
1996-11-01,1996-11-30,-0.00067383700878040,0.00303139913540507,,0.00405258516924049,0.00175150291245707,-0.00119932200663101
1996-12-01,1996-12-31,-0.00046647835608898,0.00281319798060843,,0.00423090042671075,0.00212782600978012,-0.00082914447409647
1997-01-01,1997-01-31,-0.00062195503196982,0.00306358471041996,,0.00417580734837125,0.00203701316227034,-0.00046650253534891
1997-02-01,1997-02-28,-0.00064142021174294,0.00311575263745987,,0.00411744623866880,0.00197218249516116,-0.00037583437915081
1997-03-01,1997-03-31,-0.00057016977053267,0.00306374379594514,,0.00407840442701173,0.00196569075042652,-0.00051834958655948
1997-04-01,1997-04-30,-0.00038870677746194,0.00316710630506402,,0.00424672788833067,0.00202371446488918,-0.00046643000508759
1997-05-01,1997-05-31,-0.00051824213431888,0.00329711995668025,,0.00425974670097735,0.00207565846926411,-0.00036279769243986
1997-06-01,1997-06-30,-0.00065747496727201,0.00399622996430952,,0.00424672788833067,0.00212760517195889,0.00010368066364895
1997-07-01,1997-07-31,-0.00082905854792756,0.00349867660903568,,0.00424022271019853,0.00191334449105443,0.00024625498262052
1997-08-01,1997-08-31,-0.00111718597967021,0.00340131966647958,,0.00420790771286277,0.00177710533289142,0.00046667186037882
1997-09-01,1997-09-30,-0.00128866621552528,0.00366459815352395,,0.00422732228000793,0.00184197948073268,0.00059632613027316
1997-10-01,1997-10-31,-0.00126924937063972,0.00354753490559415,,0.00424358968116634,0.00173811574985417,0.00064819738582842
1997-11-01,1997-11-30,-0.00132749049105664,0.00327120079853319,,0.00426311424374137,0.00153042064551967,0.00059632613027316
1997-12-01,1997-12-31,-0.00132067917633202,0.00348810690306392,,0.00444743628894751,0.00154949037447882,0.00081658166013262
1998-01-01,1998-01-31,-0.00151182968041881,0.00371318084996779,,0.00413275689298506,0.00101131907954413,0.00064816377478233
1998-02-01,1998-02-28,-0.00156047985557554,0.00370699213669286,,0.00408105173365539,0.00061579956702005,0.00047964533399029
1998-03-01,1998-03-31,-0.00150540584691786,0.00400600254786004,,0.00397997994069169,0.00072274752200002,0.00056713375505470
1998-04-01,1998-04-30,-0.00153451018152717,0.00351493173991562,,0.00413936871061113,0.00077786712766583,0.00051851084849352
1998-05-01,1998-05-31,-0.00145690766128104,0.00346300283458720,,0.00420779841623612,0.00064819738582842,0.00054445756520541
1998-06-01,1998-06-30,-0.00147955912041883,0.00329720555740551,,0.00425985734695729,0.00063522516993699,0.00054445756520541
1998-07-01,1998-07-31,-0.00162835330587576,0.00296243946977806,,0.00421104145807307,0.00065144042766556,0.00039211105197402
1998-08-01,1998-08-31,-0.00163159634771285,0.00314118714691673,,0.00420454169960478,0.00049259169034626,0.00046665976165758
1998-09-01,1998-09-30,-0.00165751617768020,0.00339806549091131,,0.00414608860230725,-0.00020733983072411,0.00046667186037882
1998-10-01,1998-10-31,-0.00170962352222422,0.00342478560857555,,0.00412091736638912,-0.00005184973946689,0.00040192251052467
1998-11-01,1998-11-30,-0.00170825178482487,0.00346703621094395,,0.00407709075799509,-0.00001244547327037,0.00032986149228464
1998-12-01,1998-12-31,-0.00110151798393806,0.00319041771694862,,0.00431619389141644,0.00043737067627490,0.00056936860503016
1999-01-01,1999-01-31,-0.00106084955312385,0.00317004605293954,0.00146900872606501,0.00384313829353420,0.00004071235738380,0.00023574969520291
1999-02-01,1999-02-28,-0.00088061980429700,0.00312303088609562,0.00150665533149290,0.00377559326873828,-0.00007909634845180,0.00012112555618204
1999-03-01,1999-03-31,-0.00053151731553471,0.00307812474212283,0.00152973667054203,0.00389929879210273,-0.00006500392471897,0.00012968022431055
1999-04-01,1999-04-30,-0.00033216952604539,0.00311392565932785,0.00164433265669025,0.00396344343212816,0.00007538434451822,0.00010425980490449
1999-05-01,1999-05-31,-0.00037819974437179,0.00327602328815003,0.00193974643416628,0.00397814057469049,0.00009596257596368,0.00006121014534128
1999-06-01,1999-06-30,-0.00036147058554885,0.00327730486391565,0.00196976705833861,0.00403737715943174,0.00015977142345724,0.00005602083976686
1999-07-01,1999-07-31,0.00004849181977804,0.00335444481346264,0.00211888808380455,0.00423211777683105,0.00040397944656983,0.00025388622443616
1999-08-01,1999-08-31,-0.00005743268228681,0.00345003796269304,0.00213313534245936,0.00425833978118265,0.00035062495626311,0.00033557667891121
1999-09-01,1999-09-30,0.00024269251910527,0.00368058439926198,0.00230120012294820,0.00440458380653717,0.00049910617748541,0.00043615856904796
1999-10-01,1999-10-31,-0.00005444511808794,0.00342900632610265,0.00228400435246981,0.00442531942570645,0.00059610367987342,0.00042733491986922
1999-11-01,1999-11-30,-0.00002592450680065,0.00350911451186459,0.00208736398879316,0.00443258760651027,0.00057050925201865,0.00032981838507504
1999-12-01,1999-12-31,0.00047903736998335,0.00368587956834102,0.00246318222422866,0.00486686183531392,0.00080051676749766,0.00090904903878065
2000-01-01,2000-01-31,0.00034784655552606,0.00352176331869516,0.00220735177943223,0.00471742119578162,0.00068233693706384,0.00042043871229640
2000-02-01,2000-02-29,-0.00017192247922295,0.00317138406072103,0.00215422949263725,0.00483793478087435,0.00067468366171743,0.00048885614564216
2000-03-01,2000-03-31,-0.00018267276153460,0.00314603117848965,0.00206329795802199,0.00481910115933612,0.00069316813199467,0.00030945319795970
2000-04-01,2000-04-30,0.00006166185721476,0.00288769900445622,0.00202504610512313,0.00501720290201185,0.00067386844491596,0.00031614326217364
2000-05-01,2000-05-31,0.00008652513676052,0.00264901092020822,0.00195915666272533,0.00515818235882428,0.00068432261871896,0.00023317983297028
2000-06-01,2000-06-30,0.00045655329454496,0.00322135155012234,0.00196446546283528,0.00546902128975198,0.00065491280187590,0.00050098631820520
2000-07-01,2000-07-31,0.00048000976956435,0.00282726251777144,0.00184099113827182,0.00538788082694095,0.00067012602908607,0.00043311439974212
2000-08-01,2000-08-31,0.00044659441421631,0.00283388059108633,0.00183220215634995,0.00540618785456923,0.00068638287910208,0.00040928422977520
2000-09-01,2000-09-30,0.00046964988430210,0.00284702777688474,0.00163086929943325,0.00517443812084134,0.00069536023445044,0.00026420065727233
2000-10-01,2000-10-31,0.00045410683690534,0.00279128988266892,0.00152504719517388,0.00519946787925656,0.00069640195154055,0.00015229649151776
2000-11-01,2000-11-30,0.00046732338021730,0.00282176597284672,0.00138031770063721,0.00522341926419456,0.00067152210048668,0.00028336878216049
2000-12-01,2000-12-31,0.00065484969291998,0.00277188487835274,0.00146830578837018,0.00504053005111573,0.00080861087482520,0.00044031846614439
2001-01-01,2001-01-31,0.00058680625950814,0.00265118458079561,0.00141462083854515,0.00498833923298140,0.00067259150790167,0.00029348858901821
2001-02-01,2001-02-28,-0.00029325637568696,0.00175452444233520,0.00065239930187045,0.00427373502390872,0.00005253298340312,-0.00023378931867142
2001-03-01,2001-03-31,-0.00036589401230486,0.00154230843315014,0.00040558546713637,0.00411638470853704,0.00008643088861650,-0.00024057655531573
2001-04-01,2001-04-30,-0.00050296204215475,0.00141136951061127,0.00027907155461605,0.00409636209138682,0.00012828439777232,-0.00002593206318236
2001-05-01,2001-05-31,-0.00082590689126815,0.00104321758659338,-0.00033257437345550,0.00362340521000232,-0.00022622204101025,-0.00033075669270300
2001-06-01,2001-06-30,-0.00100133710206000,0.00063383623932713,-0.00043801379094374,0.00330164919483251,-0.00043490062583561,-0.00076640242405529
2001-07-01,2001-07-31,-0.00113204054129303,0.00047635652450002,-0.00054674134419082,0.00315004781712477,-0.00053839772561797,-0.00091305304499385
2001-08-01,2001-08-31,-0.00125156332009223,0.00040022462868071,-0.00063427967007527,0.00305504654058318,-0.00039867772417958,-0.00103996613396025
2001-09-01,2001-09-30,-0.00109197853051597,0.00023993830273064,-0.00061153032432971,0.00292472986779175,-0.00038039298279770,-0.00101676575102084
2001-10-01,2001-10-31,-0.00172388768884616,0.00032226039958494,-0.00090406159593961,0.00214810590460993,-0.00065875128495710,-0.00146394127094602
2001-11-01,2001-11-30,-0.00162060446603860,0.00012061145865072,-0.00111839821417662,0.00185392326318909,-0.00038530188040394,-0.00171064965493377
2001-12-01,2001-12-31,-0.00163978263341257,0.00003292608420517,-0.00109144572921694,0.00168335556070786,-0.00017918607481166,-0.00178173997896491
2002-01-01,2002-01-31,-0.00189030781349372,0.00007107488256916,-0.00121091627097597,0.00150503371540059,-0.00022150455760780,-0.00197309322637267
2002-02-01,2002-02-28,-0.00181338319908268,0.00021635475607178,-0.00124001597870759,0.00149984285493703,-0.00018719230319915,-0.00198660974438821
2002-03-01,2002-03-31,-0.00180908258426056,0.00013452442820421,-0.00122359317140448,0.00146441635571090,-0.00017748264735248,-0.00197828934234628
2002-04-01,2002-04-30,-0.00178000056349970,0.00030685839142211,-0.00123168661511126,0.00149461145554832,-0.00024091042459987,-0.00209893111201403
2002-05-01,2002-05-31,-0.00173905144090885,0.00032455509191452,-0.00123931360800806,0.00147799377837093,-0.00040762509039280,-0.00213117282082734
2002-06-01,2002-06-30,-0.00185480132251220,0.00055798189948303,-0.00128231433047350,0.00148840528747639,-0.00061380154861934,-0.00241524055547242
2002-07-01,2002-07-31,-0.00177785041191234,0.00056908181176341,-0.00128772109589385,0.00148632824209597,-0.00071080776429581,-0.00258928887630661
2002-08-01,2002-08-31,-0.00175064053876185,0.00088239217233086,-0.00127330886727955,0.00146448951981447,-0.00080679039055770,-0.00251465456072957
2002-09-01,2002-09-30,-0.00183213101010318,0.00093651867499267,-0.00125720143638845,0.00146864378797310,-0.00095919268740401,-0.00249777659426241
2002-10-01,2002-10-31,-0.00177856756069547,0.00090807757054464,-0.00125774020444965,0.00145200524500852,-0.00084629025319321,-0.00248718249995008
2002-11-01,2002-11-30,-0.00185685746894291,0.00085193849412383,-0.00132449756245447,0.00136255189850948,-0.00092881815492778,-0.00258727664567045
2002-12-01,2002-12-31,-0.00215252085682490,0.00059946050351456,-0.00141168289092273,0.00115032344056880,-0.00112856621889446,-0.00277224745618185
2003-01-01,2003-01-31,-0.00222413085592815,0.00064390867474701,-0.00126161040059960,0.00110767345788628,-0.00116464807520909,-0.00282633891798095
2003-02-01,2003-02-28,-0.00222888083917855,0.00061616861654553,-0.00123972101465348,0.00107593612918099,-0.00121180313618020,-0.00285315198563239
2003-03-01,2003-03-31,-0.00198435759839638,0.00061686122188066,-0.00109204399728889,0.00106500551157849,-0.00133719747120442,-0.00281373052482155
2003-04-01,2003-04-30,-0.00199999650866728,0.00084527514989807,-0.00105382728094317,0.00104263942222224,-0.00152219058433997,-0.00286362254586175
2003-05-01,2003-05-31,-0.00188729048044889,0.00087807404719660,-0.00104777763948201,0.00104992658148122,-0.00167367222624088,-0.00284127655858285
2003-06-01,2003-06-30,-0.00197166734557977,0.00089247518610766,-0.00085775475484829,0.00105877126847402,-0.00163851971067724,-0.00282829772801228
2003-07-01,2003-07-31,-0.00213089540600808,0.00071902925349504,-0.00085768955881645,0.00089435712464486,-0.00178839587008733,-0.00292008633132103
2003-08-01,2003-08-31,-0.00192884033614135,0.00072250802951047,-0.00083949391876107,0.00088967120753287,-0.00161178823764738,-0.00300726479499877
2003-09-01,2003-09-30,-0.00210480013759844,0.00073152665851317,-0.00084073646471646,0.00089487377153249,-0.00144759965045818,-0.00304874800111200
2003-10-01,2003-10-31,-0.00210311360048514,0.00076763670500847,-0.00081588859893446,0.00089560707725062,-0.00134090656391123,-0.00307364834785055
2003-11-01,2003-11-30,-0.00220799750396576,0.00076763670500847,-0.00081027341149795,0.00089539875170790,-0.00139771728968183,-0.00313382162616088
2003-12-01,2003-12-31,-0.00221102076093244,0.00077107069445762,-0.00081918201574450,0.00093390082140033,-0.00135332179814943,-0.00341789750973770
2004-01-01,2004-01-31,-0.00231287040796653,0.00074958151876893,-0.00081568062959183,0.00089331549866650,-0.00135614675487089,-0.00354248911654147
2004-02-01,2004-02-29,-0.00240531405303964,0.00074959400503218,-0.00080862310524482,0.00088395563905099,-0.00121204512816473,-0.00364417201364469
2004-03-01,2004-03-31,-0.00254027256388370,0.00072598988434477,-0.00079187687477999,0.00088395563905099,-0.00100413310527157,-0.00357988047013798
2004-04-01,2004-04-30,-0.00255275058072715,0.00073293635896734,-0.00077087731420024,0.00087458827046353,-0.00089877921881319,-0.00355916996070488
2004-05-01,2004-05-31,-0.00263784660345383,0.00073432166706411,-0.00079531266176995,0.00088499727262406,-0.00080171833480698,-0.00363795043201492
2004-06-01,2004-06-30,-0.00278724533283488,0.00077040804201948,-0.00078270952553700,0.00090476967603821,-0.00079754221790448,-0.00355284445151174
2004-07-01,2004-07-31,-0.00269434812625453,0.00080184549661946,-0.00059280159973528,0.00110144093753777,-0.00058701158822883,-0.00335409918752984
2004-08-01,2004-08-31,-0.00271528041981028,0.00091905505134468,-0.00046961384340541,0.00122837221794540,-0.00045869103283206,-0.00317946466277395
2004-09-01,2004-09-30,-0.00264385934932092,0.00102409973523289,-0.00033759810400392,0.00135892470091941,-0.00041323107619261,-0.00300587170629750
2004-10-01,2004-10-31,-0.00249721219155407,0.00103505755346558,-0.00019967386668221,0.00149934284986488,-0.00045475746213311,-0.00288722779712210
2004-11-01,2004-11-30,-0.00233916048570826,0.00113727834422222,-0.00006374918598296,0.00164598223424229,-0.00046612464462133,-0.00273436595360816
2004-12-01,2004-12-31,-0.00209274082520604,0.00135907959013716,0.00011758926809228,0.00188721443283979,-0.00027755298243562,-0.00249313375501055
2005-01-01,2005-01-31,-0.00204381816365875,0.00144815385723761,0.00022977523196905,0.00196518653446133,-0.00017879306413698,-0.00241516165338907
2005-02-01,2005-02-28,-0.00186454924098082,0.00155896074586707,0.00040326942116032,0.00212267470020053,-0.00000623652002179,-0.00228204644230731
2005-03-01,2005-03-31,-0.00179172900159105,0.00166705492094370,0.00051375939621962,0.00223181050776502,0.00009839016674655,-0.00232327688470851
2005-04-01,2005-04-30,-0.00165975729154831,0.00176400641510445,0.00063732093889117,0.00235495342379384,0.00022448835456995,-0.00233335515138249
2005-05-01,2005-05-31,-0.00147999201319514,0.00195556558007239,0.00081490193984645,0.00253731859822359,0.00042019027583860,-0.00206027597532257
2005-06-01,2005-06-30,-0.00142390721830551,0.00200510078118712,0.00086175890975061,0.00257991637701586,0.00047110352128311,-0.00202389930079722
2005-07-01,2005-07-31,-0.00120736663949703,0.00217409197671177,0.00102642118342172,0.00274613425579353,0.00064493842819352,-0.00183072302401040
2005-08-01,2005-08-31,-0.00091926904225916,0.00233231588752498,0.00118201124628038,0.00290452324036313,0.00078445678315305,-0.00166557828609722
2005-09-01,2005-09-30,-0.00072613672757513,0.00248394118639246,0.00133352840215205,0.00305563189126669,0.00081412775289684,-0.00149943656552716
2005-10-01,2005-10-31,-0.00059996285766858,0.00260608585313741,0.00146280143885373,0.00318853480149199,0.00081089951116979,-0.00137792519581512
2005-11-01,2005-11-30,-0.00041516515866101,0.00277773336069315,0.00163223104821230,0.00336399720557949,0.00085578386295936,-0.00118069280327468
2005-12-01,2005-12-31,-0.00022728251677793,0.00281296072026419,0.00157995064488561,0.00354616244389309,0.00085666540204235,-0.00100940372319034
2006-01-01,2006-01-31,-0.00022623002293411,0.00290887550544216,0.00165458671576564,0.00361050875425050,0.00088604407883108,-0.00094961498145626
2006-02-01,2006-02-28,-0.00001192949083185,0.00305190410830878,0.00181193707069919,0.00375839060005501,0.00083934820374178,-0.00078368173858838
2006-03-01,2006-03-31,0.00005395948474156,0.00300124514978982,0.00169166115862480,0.00380608673680338,0.00068785273375221,-0.00071987298492124
2006-04-01,2006-04-30,0.00020180816598663,0.00305904693282162,0.00181393305289331,0.00395338170995351,0.00081926431691519,-0.00056008813517255
2006-05-01,2006-05-31,0.00034418888164492,0.00314175548289672,0.00197064688269320,0.00412766497048750,0.00079005342940899,-0.00048741687655498
2006-06-01,2006-06-30,0.00038956102125085,0.00316597823629826,0.00191802253191017,0.00414089809367317,0.00070366576510747,-0.00050448244815356
2006-07-01,2006-07-31,0.00054200507798524,0.00325022813855567,0.00202139936080784,0.00425709190338001,0.00084002056983992,-0.00038052756925170
2006-08-01,2006-08-31,0.00057103218711981,0.00329897549082615,0.00195531966217397,0.00418061287439651,0.00092059883410319,-0.00049971334911626
2006-09-01,2006-09-30,0.00034799015418797,0.00314030762021565,0.00185276024279713,0.00413291792312079,0.00086044158939922,-0.00057022060787869
2006-10-01,2006-10-31,0.00031272039685588,0.00298498073262956,0.00168603193330375,0.00411211667286617,0.00086528800085943,-0.00061168232165154
2006-11-01,2006-11-30,0.00020743531204192,0.00298637660023311,0.00162017647720676,0.00411524925139942,0.00085906201526928,-0.00072568492287987
2006-12-01,2006-12-31,0.00012030424543282,0.00286565265022374,0.00146350870254485,0.00410212604076340,0.00090471078253088,-0.00076090013799207
2007-01-01,2007-01-31,0.00005445166800390,0.00272168809832692,0.00140175305070163,0.00403038105338858,0.00087376658124259,-0.00078630224020308
2007-02-01,2007-02-28,-0.00009281751557146,0.00268615351485472,0.00141826374810428,0.00406943109532220,0.00086944167197239,-0.00078268071608773
2007-03-01,2007-03-31,-0.00009022093245834,0.00265010851063754,0.00128356991407587,0.00382267394631210,0.00087774547490665,-0.00077335435403718
2007-04-01,2007-04-30,-0.00014155404672728,0.00258564168763379,0.00120693885655718,0.00387785063927461,0.00087982143641428,-0.00089562641782074
2007-05-01,2007-05-31,-0.00021050284852845,0.00258703079987921,0.00121192281183441,0.00389502474596280,0.00087982143641428,-0.00076506418141492
2007-06-01,2007-06-30,-0.00028982292941136,0.00245879975019231,0.00106729852785469,0.00388930278725513,0.00087290434941426,-0.00076610045675119
2007-07-01,2007-07-31,-0.00049352303867250,0.00226336989745234,0.00100251841582468,0.00389034389812049,0.00069300215861235,-0.00077128181732462
2007-08-01,2007-08-31,-0.00048367683316977,0.00230562335872449,0.00101216242419456,0.00390281298068018,0.00067016691323599,-0.00088733173990076
2007-09-01,2007-09-30,-0.00073888425626180,0.00251747868237114,0.00108392436834313,0.00410748160946407,0.00051017975610059,-0.00078342784761161
2007-10-01,2007-10-31,-0.00086105332525993,0.00215061036666718,0.00060645511440874,0.00359999629501578,0.00018170786270514,-0.00133248044747376
2007-11-01,2007-11-30,-0.00108579163781105,0.00200599094049362,0.00044627336540607,0.00337898379388440,-0.00001867686838777,-0.00171059834885329
2007-12-01,2007-12-31,-0.00121840312275236,0.00214969694124548,0.00033972290098078,0.00354341669223482,0.00018168901547137,-0.00137170014846889
2008-01-01,2008-01-31,-0.00112318602505188,0.00180444123750541,0.00026464567471750,0.00324075945635204,0.00004565935218478,-0.00171693796921008
2008-02-01,2008-02-29,-0.00199175444488875,0.00056777530560268,-0.00087233489065981,0.00207901472004661,-0.00079655501972956,-0.00326630393989652
2008-03-01,2008-03-31,-0.00209449591763648,0.00039732392487443,-0.00092531586508848,0.00185320432664141,-0.00059308994841150,-0.00370131306189069
2008-04-01,2008-04-30,-0.00255659442869250,-0.00002078634752777,-0.00137668559098224,0.00163516004204531,-0.00083111706911802,-0.00402448422036935
2008-05-01,2008-05-31,-0.00227609392226045,0.00027198638313219,-0.00138288567230438,0.00170383664419943,-0.00043745282623470,-0.00397368208303626
2008-06-01,2008-06-30,-0.00252133602561337,0.00007537360492722,-0.00166732777345078,0.00144548836478965,-0.00053573486921334,-0.00409103972578884
2008-07-01,2008-07-31,-0.00251873610859812,0.00009529243407247,-0.00164994286712436,0.00145276057001074,-0.00061417626710505,-0.00419403088134918
2008-08-01,2008-08-31,-0.00242697118815955,0.00015663286073425,-0.00167692758511376,0.00151575156759084,-0.00056119173652667,-0.00411432281784805
2008-09-01,2008-09-30,-0.00238854172251106,0.00019458258558085,-0.00168051991625139,0.00148813488882246,-0.00050801838136362,-0.00382794482092707
2008-10-01,2008-10-31,-0.00172193496706199,0.00097292128136650,-0.00088934509284009,0.00253018633191469,0.00000207640980419,-0.00336641328840033
2008-11-01,2008-11-30,-0.00267656608515292,0.00046932996325848,-0.00168588823011411,0.00127018754161649,-0.00053422413531507,-0.00352227416729769
2008-12-01,2008-12-31,-0.00119737464999726,0.00086531334663149,-0.00134071404260841,0.00080633293015672,-0.00048972488526390,-0.00267029788989189
2009-01-01,2009-01-31,-0.00144010530163658,0.00008018239938146,-0.00179149245279930,-0.00021240021694688,-0.00134062991898324,-0.00368042015264014
2009-02-01,,-0.00095810650690609,0.00009511151519902,-0.00107611157400804,0.00003633741242138,-0.00080146975099055,-0.00285944721595766
2009-03-01,,-0.00074704822310723,0.00016313734433218,-0.00084148850195323,0.00000104123553017,-0.00044624037484601,-0.00266409219218890
2009-04-01,,-0.00042984609844421,0.00022076664430634,-0.00050955990527439,0.00005935227922305,-0.00019296011160765,-0.00255193701875074
2009-05-01,,-0.00035547579665496,0.00017304688761122,-0.00042944278398269,0.00010570242075897,-0.00002967264648456,-0.00243420997499499
