"","Date","Price1","Price2","Switch"
"1","2004-03-26","NA","NA",0
"2","2004-03-29","NA","NA",0
"3","2004-03-30","NA","NA",0
"4","2004-03-31","NA","NA",0
"5","2004-04-01","NA","NA",0
"6","2004-04-02","NA","NA",0
"7","2004-04-05","NA","NA",0
"8","2004-04-06","NA","NA",0
"9","2004-04-07","NA","NA",0
"10","2004-04-08","NA","NA",0
"11","2004-04-09","NA","NA",0
"12","2004-04-12","NA","NA",0
"13","2004-04-13","NA","NA",0
"14","2004-04-14","NA","NA",0
"15","2004-04-15","NA","NA",0
"16","2004-04-16","NA","NA",0
"17","2004-04-19","NA","NA",0
"18","2004-04-20","NA","NA",0
"19","2004-04-21","NA","NA",0
"20","2004-04-22","NA","NA",0
"21","2004-04-23","NA","NA",0
"22","2004-04-26","NA","NA",0
"23","2004-04-27","NA","NA",0
"24","2004-04-28","NA","NA",0
"25","2004-04-29","NA","NA",0
"26","2004-04-30","NA","NA",0
"27","2004-05-03","NA","NA",0
"28","2004-05-04","NA","NA",0
"29","2004-05-05","NA","NA",0
"30","2004-05-06","NA","NA",0
"31","2004-05-07","NA","NA",0
"32","2004-05-10","NA","NA",0
"33","2004-05-11","NA","NA",0
"34","2004-05-12","NA","NA",0
"35","2004-05-13","NA","NA",0
"36","2004-05-14","NA","NA",0
"37","2004-05-17","NA","NA",0
"38","2004-05-18","NA","NA",0
"39","2004-05-19","NA","NA",0
"40","2004-05-20","NA","NA",0
"41","2004-05-21","NA","NA",0
"42","2004-05-24","NA","NA",0
"43","2004-05-25","NA","NA",0
"44","2004-05-26","NA","NA",0
"45","2004-05-27","NA","NA",0
"46","2004-05-28","NA","NA",0
"47","2004-05-31","NA","NA",0
"48","2004-06-01","NA","NA",0
"49","2004-06-02","NA","NA",0
"50","2004-06-03","NA","NA",0
"51","2004-06-04","NA","NA",0
"52","2004-06-07","NA","NA",0
"53","2004-06-08","NA","NA",0
"54","2004-06-09","NA","NA",0
"55","2004-06-10","NA","NA",0
"56","2004-06-11","NA","NA",0
"57","2004-06-14","NA","NA",0
"58","2004-06-15","NA","NA",0
"59","2004-06-16","NA","NA",0
"60","2004-06-17","NA","NA",0
"61","2004-06-18","NA","NA",0
"62","2004-06-21","NA","NA",0
"63","2004-06-22","NA","NA",0
"64","2004-06-23","NA","NA",0
"65","2004-06-24","NA","NA",0
"66","2004-06-25","NA","NA",0
"67","2004-06-28","NA","NA",0
"68","2004-06-29","NA","NA",0
"69","2004-06-30","NA","NA",0
"70","2004-07-01","NA","NA",0
"71","2004-07-02","NA","NA",0
"72","2004-07-05","NA","NA",0
"73","2004-07-06","NA","NA",0
"74","2004-07-07","NA","NA",0
"75","2004-07-08","NA","NA",0
"76","2004-07-09","NA","NA",0
"77","2004-07-12","NA","NA",0
"78","2004-07-13","NA","NA",0
"79","2004-07-14","NA","NA",0
"80","2004-07-15","NA","NA",0
"81","2004-07-16","NA","NA",0
"82","2004-07-19","NA","NA",0
"83","2004-07-20","NA","NA",0
"84","2004-07-21","NA","NA",0
"85","2004-07-22","NA","NA",0
"86","2004-07-23","NA","NA",0
"87","2004-07-26","NA","NA",0
"88","2004-07-27","NA","NA",0
"89","2004-07-28","NA","NA",0
"90","2004-07-29","NA","NA",0
"91","2004-07-30","NA","NA",0
"92","2004-08-02","NA","NA",0
"93","2004-08-03","NA","NA",0
"94","2004-08-04","NA","NA",0
"95","2004-08-05","NA","NA",0
"96","2004-08-06","NA","NA",0
"97","2004-08-09","NA","NA",0
"98","2004-08-10","NA","NA",0
"99","2004-08-11","NA","NA",0
"100","2004-08-12","NA","NA",0
"101","2004-08-13","NA","NA",0
"102","2004-08-16","NA","NA",0
"103","2004-08-17","NA","NA",0
"104","2004-08-18","NA","NA",0
"105","2004-08-19","NA","NA",0
"106","2004-08-20","NA","NA",0
"107","2004-08-23","NA","NA",0
"108","2004-08-24","NA","NA",0
"109","2004-08-25","NA","NA",0
"110","2004-08-26","NA","NA",0
"111","2004-08-27","NA","NA",0
"112","2004-08-30","NA","NA",0
"113","2004-08-31","NA","NA",0
"114","2004-09-01","NA","NA",0
"115","2004-09-02","NA","NA",0
"116","2004-09-03","NA","NA",0
"117","2004-09-06","NA","NA",0
"118","2004-09-07","NA","NA",0
"119","2004-09-08","NA","NA",0
"120","2004-09-09","NA","NA",0
"121","2004-09-10","NA","NA",0
"122","2004-09-13","NA","NA",0
"123","2004-09-14","NA","NA",0
"124","2004-09-15","NA","NA",0
"125","2004-09-16","NA","NA",0
"126","2004-09-17","NA","NA",0
"127","2004-09-20","NA","NA",0
"128","2004-09-21","NA","NA",0
"129","2004-09-22","NA","NA",0
"130","2004-09-23","NA","NA",0
"131","2004-09-24","NA","NA",0
"132","2004-09-27","NA","NA",0
"133","2004-09-28","NA","NA",0
"134","2004-09-29","NA","NA",0
"135","2004-09-30","NA","NA",0
"136","2004-10-01","NA","NA",0
"137","2004-10-04","NA","NA",0
"138","2004-10-05","NA","NA",0
"139","2004-10-06","NA","NA",0
"140","2004-10-07","NA","NA",0
"141","2004-10-08","NA","NA",0
"142","2004-10-11","NA","NA",0
"143","2004-10-12","NA","NA",0
"144","2004-10-13","NA","NA",0
"145","2004-10-14","NA","NA",0
"146","2004-10-15","NA","NA",0
"147","2004-10-18","NA","NA",0
"148","2004-10-19","NA","NA",0
"149","2004-10-20","NA","NA",0
"150","2004-10-21","NA","NA",0
"151","2004-10-22","NA","NA",0
"152","2004-10-25","NA","NA",0
"153","2004-10-26","NA","NA",0
"154","2004-10-27","NA","NA",0
"155","2004-10-28","NA","NA",0
"156","2004-10-29","NA","NA",0
"157","2004-11-01","NA","NA",0
"158","2004-11-02","NA","NA",0
"159","2004-11-03","NA","NA",0
"160","2004-11-04","NA","NA",0
"161","2004-11-05","NA","NA",0
"162","2004-11-08","NA","NA",0
"163","2004-11-09","NA","NA",0
"164","2004-11-10","NA","NA",0
"165","2004-11-11","NA","NA",0
"166","2004-11-12","NA","NA",0
"167","2004-11-15","NA","NA",0
"168","2004-11-16","NA","NA",0
"169","2004-11-17","NA","NA",0
"170","2004-11-18","NA","NA",0
"171","2004-11-19","NA","NA",0
"172","2004-11-22","NA","NA",0
"173","2004-11-23","NA","NA",0
"174","2004-11-24","NA","NA",0
"175","2004-11-25","NA","NA",0
"176","2004-11-26","NA","NA",0
"177","2004-11-29","NA","NA",0
"178","2004-11-30","NA","NA",0
"179","2004-12-01","NA","NA",0
"180","2004-12-02","NA","NA",0
"181","2004-12-03","NA","NA",0
"182","2004-12-06","NA","NA",0
"183","2004-12-07","NA","NA",0
"184","2004-12-08","NA","NA",0
"185","2004-12-09","NA","NA",0
"186","2004-12-10","NA","NA",0
"187","2004-12-13","NA","NA",0
"188","2004-12-14","NA","NA",0
"189","2004-12-15","NA","NA",0
"190","2004-12-16","NA","NA",0
"191","2004-12-17","NA","NA",0
"192","2004-12-20","NA","NA",0
"193","2004-12-21","NA","NA",0
"194","2004-12-22","NA","NA",0
"195","2004-12-23","NA","NA",0
"196","2004-12-24","NA","NA",0
"197","2004-12-27","NA","NA",0
"198","2004-12-28","NA","NA",0
"199","2004-12-29","NA","NA",0
"200","2004-12-30","NA","NA",0
"201","2004-12-31","NA","NA",0
"202","2005-01-03","NA","NA",0
"203","2005-01-04","NA","NA",0
"204","2005-01-05","NA","NA",0
"205","2005-01-06","NA","NA",0
"206","2005-01-07","NA","NA",0
"207","2005-01-10","NA","NA",0
"208","2005-01-11","NA","NA",0
"209","2005-01-12","NA","NA",0
"210","2005-01-13","NA","NA",0
"211","2005-01-14","NA","NA",0
"212","2005-01-17","NA","NA",0
"213","2005-01-18","NA","NA",0
"214","2005-01-19","NA","NA",0
"215","2005-01-20","NA","NA",0
"216","2005-01-21","NA","NA",0
"217","2005-01-24","NA","NA",0
"218","2005-01-25","NA","NA",0
"219","2005-01-26","NA","NA",0
"220","2005-01-27","NA","NA",0
"221","2005-01-28","NA","NA",0
"222","2005-01-31","NA","NA",0
"223","2005-02-01","NA","NA",0
"224","2005-02-02","NA","NA",0
"225","2005-02-03","NA","NA",0
"226","2005-02-04","NA","NA",0
"227","2005-02-07","NA","NA",0
"228","2005-02-08","NA","NA",0
"229","2005-02-09","NA","NA",0
"230","2005-02-10","NA","NA",0
"231","2005-02-11","NA","NA",0
"232","2005-02-14","NA","NA",0
"233","2005-02-15","NA","NA",0
"234","2005-02-16","NA","NA",0
"235","2005-02-17","NA","NA",0
"236","2005-02-18","NA","NA",0
"237","2005-02-21","NA","NA",0
"238","2005-02-22","NA","14.7",0
"239","2005-02-23","NA","14.68",0
"240","2005-02-24","NA","14.74",0
"241","2005-02-25","NA","14.58",0
"242","2005-02-28","NA","14.67",0
"243","2005-03-01","NA","14.64",0
"244","2005-03-02","NA","14.77",0
"245","2005-03-03","NA","14.94",0
"246","2005-03-04","NA","14.73",0
"247","2005-03-07","NA","14.76",0
"248","2005-03-08","NA","14.82",0
"249","2005-03-09","NA","14.91",0
"250","2005-03-10","NA","14.91",0
"251","2005-03-11","NA","14.97",0
"252","2005-03-14","NA","14.95",0
"253","2005-03-15","NA","15.12",0
"254","2005-03-16","NA","15.21",0
"255","2005-03-17","NA","15.29",0
"256","2005-03-18","NA","15.37",0
"257","2005-03-21","NA","15.59",0
"258","2005-03-22","NA","15.88",0
"259","2005-03-23","NA","16.07",0
"260","2005-03-24","NA","15.89",0
"261","2005-03-25","NA","15.89",0
"262","2005-03-28","NA","15.93",0
"263","2005-03-29","NA","15.95",0
"264","2005-03-30","NA","15.83",0
"265","2005-03-31","NA","15.79",0
"266","2005-04-01","NA","16.12",0
"267","2005-04-04","NA","16.05",0
"268","2005-04-05","NA","15.98",0
"269","2005-04-06","NA","15.81",0
"270","2005-04-07","NA","15.47",0
"271","2005-04-08","NA","15.59",0
"272","2005-04-11","NA","15.73",0
"273","2005-04-12","NA","15.61",0
"274","2005-04-13","NA","15.85",0
"275","2005-04-14","NA","16.33",0
"276","2005-04-15","NA","17.01",0
"277","2005-04-18","NA","16.91",0
"278","2005-04-19","NA","16.68",0
"279","2005-04-20","NA","16.92",0
"280","2005-04-21","NA","15.98",0
"281","2005-04-22","NA","16.21",0
"282","2005-04-25","NA","16.04",0
"283","2005-04-26","NA","16.19",0
"284","2005-04-27","NA","16.16",0
"285","2005-04-28","NA","16.53",0
"286","2005-04-29","NA","16.56",0
"287","2005-05-02","NA","16.3",0
"288","2005-05-03","NA","16.11",0
"289","2005-05-04","NA","15.82",0
"290","2005-05-05","NA","15.57",0
"291","2005-05-06","NA","15.67",0
"292","2005-05-09","NA","15.61",0
"293","2005-05-10","NA","15.86",0
"294","2005-05-11","NA","15.97",0
"295","2005-05-12","NA","16.42",0
"296","2005-05-13","NA","16.74",0
"297","2005-05-16","NA","16.49",0
"298","2005-05-17","NA","16.14",0
"299","2005-05-18","NA","15.78",0
"300","2005-05-19","NA","15.65",0
"301","2005-05-20","NA","15.65",0
"302","2005-05-23","NA","15.34",0
"303","2005-05-24","NA","15.33",0
"304","2005-05-25","NA","15.31",0
"305","2005-05-26","NA","15.15",0
"306","2005-05-27","NA","15.22",0
"307","2005-05-30","NA","15.22",0
"308","2005-05-31","NA","15.3",0
"309","2005-06-01","NA","15.22",0
"310","2005-06-02","NA","15.22",0
"311","2005-06-03","NA","15.34",0
"312","2005-06-06","NA","15.24",0
"313","2005-06-07","NA","15.17",0
"314","2005-06-08","NA","15.42",0
"315","2005-06-09","NA","15.29",0
"316","2005-06-10","NA","15.26",0
"317","2005-06-13","NA","15.24",0
"318","2005-06-14","NA","15.19",0
"319","2005-06-15","NA","15.17",0
"320","2005-06-16","NA","15.08",0
"321","2005-06-17","NA","15.1",0
"322","2005-06-20","14.83","15.11",0
"323","2005-06-21","14.91","15.14",0
"324","2005-06-22","14.86","15.17",0
"325","2005-06-23","15.12","15.32",0
"326","2005-06-24","15.27","15.37",0
"327","2005-06-27","15.23","15.37",0
"328","2005-06-28","15.02","15.09",0
"329","2005-06-29","15.13","15.41",0
"330","2005-06-30","15.1","15.39",0
"331","2005-07-01","15.07","15.38",0
"332","2005-07-04","15.07","15.38",0
"333","2005-07-05","14.92","15.18",0
"334","2005-07-06","15","15.28",0
"335","2005-07-07","15.11","15.37",0
"336","2005-07-08","14.87","15.18",0
"337","2005-07-11","14.9","15.05",0
"338","2005-07-12","14.93","15.03",0
"339","2005-07-13","14.9","15.04",0
"340","2005-07-14","14.8","14.95",0
"341","2005-07-15","14.62","14.9",0
"342","2005-07-18","14.53","14.92",0
"343","2005-07-19","14.49","14.64",0
"344","2005-07-20","14.4","14.6",0
"345","2005-07-21","14.33","14.62",0
"346","2005-07-22","14.21","14.4",0
"347","2005-07-25","14.15","14.59",0
"348","2005-07-26","14.12","14.55",0
"349","2005-07-27","14.01","14.55",0
"350","2005-07-28","13.92","14.51",0
"351","2005-07-29","14.01","14.54",0
"352","2005-08-01","14.18","14.67",0
"353","2005-08-02","14.08","14.59",0
"354","2005-08-03","14.11","14.66",0
"355","2005-08-04","14.19","14.78",0
"356","2005-08-05","14.29","14.99",0
"357","2005-08-08","14.43","15.13",0
"358","2005-08-09","14.05","14.86",0
"359","2005-08-10","14.19","14.88",0
"360","2005-08-11","14.03","14.94",0
"361","2005-08-12","14.41","15.07",0
"362","2005-08-15","14.31","14.97",0
"363","2005-08-16","14.61","15.22",0
"364","2005-08-17","14.49","14.89",0
"365","2005-08-18","14.38","14.9",0
"366","2005-08-19","14.27","14.79",0
"367","2005-08-22","14.24","14.73",0
"368","2005-08-23","14.25","14.8",0
"369","2005-08-24","14.26","14.96",0
"370","2005-08-25","14.28","15",0
"371","2005-08-26","14.36","15.1",0
"372","2005-08-29","14.2","15.07",0
"373","2005-08-30","14.3","15.17",0
"374","2005-08-31","14.11","15.08",0
"375","2005-09-01","14.18","15.05",0
"376","2005-09-02","14.23","15.3",0
"377","2005-09-05","14.23","15.3",0
"378","2005-09-06","14.09","15.02",0
"379","2005-09-07","13.92","14.89",0
"380","2005-09-08","13.94","14.83",0
"381","2005-09-09","13.71","14.75",0
"382","2005-09-12","13.65","14.7",0
"383","2005-09-13","13.78","14.71",0
"384","2005-09-14","13.77","14.8",0
"385","2005-09-15","13.71","14.77",0
"386","2005-09-16","13.51","14.65",0
"387","2005-09-19","13.59","14.71",0
"388","2005-09-20","13.66","14.71",0
"389","2005-09-21","13.98","15.04",0
"390","2005-09-22","14.18","15.01",0
"391","2005-09-23","13.95","14.91",0
"392","2005-09-26","13.75","14.84",0
"393","2005-09-27","13.63","14.74",0
"394","2005-09-28","13.43","14.51",0
"395","2005-09-29","13.15","14.23",0
"396","2005-09-30","12.94","14.04",0
"397","2005-10-03","12.86","14.02",0
"398","2005-10-04","13.18","14.03",0
"399","2005-10-05","13.8","14.33",0
"400","2005-10-06","14.1","14.84",0
"401","2005-10-07","14.05","14.83",0
"402","2005-10-10","14.56","15.18",0
"403","2005-10-11","14.63","15.09",0
"404","2005-10-12","14.77","15.28",0
"405","2005-10-13","15.36","15.28",0
"406","2005-10-14","14.77","14.76",0
"407","2005-10-17","14.3","14.78",0
"408","2005-10-18","14.57","14.83",0
"409","2005-10-19","15.17","14.66",1
"410","2005-10-20","15.17","NA",0
"411","2005-10-21","15.11","NA",0
"412","2005-10-24","14.66","15.14",0
"413","2005-10-25","14.54","14.92",0
"414","2005-10-26","14.37","14.7",0
"415","2005-10-27","14.95","14.94",0
"416","2005-10-28","14.51","14.85",0
"417","2005-10-31","14.47","14.53",0
"418","2005-11-01","14.32","14.58",0
"419","2005-11-02","13.89","14.18",0
"420","2005-11-03","13.29","13.65",0
"421","2005-11-04","13.21","13.56",0
"422","2005-11-07","13.12","13.5",0
"423","2005-11-08","13.18","13.56",0
"424","2005-11-09","12.9","13.35",0
"425","2005-11-10","12.39","13.1",0
"426","2005-11-11","11.89","12.7",0
"427","2005-11-14","11.94","12.87",0
"428","2005-11-15","11.87","12.8",0
"429","2005-11-16","12.31","12.76",1
"430","2005-11-17","12.42","NA",0
"431","2005-11-18","12.05","NA",0
"432","2005-11-21","12.08","13.45",0
"433","2005-11-22","12.01","13.19",0
"434","2005-11-23","11.94","13.13",0
"435","2005-11-24","11.94","13.13",0
"436","2005-11-25","11.96","13.11",0
"437","2005-11-28","12.06","13.31",0
"438","2005-11-29","12.11","13.21",0
"439","2005-11-30","12.19","13.22",0
"440","2005-12-01","12.03","13.11",0
"441","2005-12-02","11.77","13.04",0
"442","2005-12-05","11.83","13.02",0
"443","2005-12-06","11.81","13.02",0
"444","2005-12-07","12.15","12.94",0
"445","2005-12-08","12.15","12.92",0
"446","2005-12-09","12.01","12.86",0
"447","2005-12-12","11.96","12.9",0
"448","2005-12-13","11.68","12.92",0
"449","2005-12-14","11.33","12.81",0
"450","2005-12-15","11.16","12.78",0
"451","2005-12-16","11.02","12.93",0
"452","2005-12-19","11.11","12.88",0
"453","2005-12-20","11.15","12.76",0
"454","2005-12-21","10.17","12.59",1
"455","2005-12-22","12.48","14.18",0
"456","2005-12-23","12.21","14.11",0
"457","2005-12-26","12.21","14.11",0
"458","2005-12-27","12.45","14.2",0
"459","2005-12-28","12.32","14.11",0
"460","2005-12-29","12.32","14.1",0
"461","2005-12-30","12.45","14.09",0
"462","2006-01-02","12.45","14.09",0
"463","2006-01-03","12.02","13.88",0
"464","2006-01-04","11.84","13.84",0
"465","2006-01-05","11.83","13.73",0
"466","2006-01-06","11.56","13.53",0
"467","2006-01-09","11.33","13.29",0
"468","2006-01-10","11.22","13.04",0
"469","2006-01-11","11.19","12.84",0
"470","2006-01-12","11.3","12.99",0
"471","2006-01-13","11.32","12.95",0
"472","2006-01-16","11.32","12.95",0
"473","2006-01-17","11.71","13.09",0
"474","2006-01-18","12.61","13.27",1
"475","2006-01-19","13.11","NA",0
"476","2006-01-20","13.53","NA",0
"477","2006-01-23","13.74","14.28",0
"478","2006-01-24","13.56","14.02",0
"479","2006-01-25","13.32","13.82",0
"480","2006-01-26","12.92","13.68",0
"481","2006-01-27","12.72","13.35",0
"482","2006-01-30","12.53","13.21",0
"483","2006-01-31","12.7","13.19",0
"484","2006-02-01","12.66","13.14",0
"485","2006-02-02","12.86","13.23",0
"486","2006-02-03","12.87","13.17",0
"487","2006-02-06","12.8","13.23",0
"488","2006-02-07","13.02","13.29",0
"489","2006-02-08","12.47","13.05",0
"490","2006-02-09","12.41","12.89",0
"491","2006-02-10","12.37","12.85",0
"492","2006-02-13","12.65","13.07",0
"493","2006-02-14","11.95","12.93",0
"494","2006-02-15","12.04","12.99",1
"495","2006-02-16","12.74","NA",0
"496","2006-02-17","12.6","NA",0
"497","2006-02-20","12.6","NA",0
"498","2006-02-21","12.44","13.67",0
"499","2006-02-22","12.19","12.99",0
"500","2006-02-23","12.2","12.94",0
"501","2006-02-24","12.1","12.76",0
"502","2006-02-27","11.96","12.71",0
"503","2006-02-28","12.19","12.8",0
"504","2006-03-01","12.05","12.75",0
"505","2006-03-02","12.07","12.78",0
"506","2006-03-03","12.11","12.76",0
"507","2006-03-06","12.34","12.85",0
"508","2006-03-07","12.44","12.94",0
"509","2006-03-08","12.25","12.85",0
"510","2006-03-09","12.38","12.9",0
"511","2006-03-10","12.21","12.81",0
"512","2006-03-13","11.88","12.77",0
"513","2006-03-14","11.51","12.66",0
"514","2006-03-15","11.48","12.66",0
"515","2006-03-16","11.45","12.45",0
"516","2006-03-17","11.66","12.47",0
"517","2006-03-20","11.5","12.56",0
"518","2006-03-21","11.53","12.62",0
"519","2006-03-22","11.14","12.43",1
"520","2006-03-23","12.45","13.03",0
"521","2006-03-24","12.36","13.02",0
"522","2006-03-27","12.38","12.98",0
"523","2006-03-28","12.35","13",0
"524","2006-03-29","12.06","12.83",0
"525","2006-03-30","12","12.75",0
"526","2006-03-31","12.12","12.81",0
"527","2006-04-03","12.09","12.76",0
"528","2006-04-04","12","12.72",0
"529","2006-04-05","11.9","12.56",0
"530","2006-04-06","11.92","12.38",0
"531","2006-04-07","12.07","12.64",0
"532","2006-04-10","12.3","12.72",0
"533","2006-04-11","12.61","12.87",0
"534","2006-04-12","12.63","12.98",0
"535","2006-04-13","12.57","12.95",0
"536","2006-04-14","12.57","12.95",0
"537","2006-04-17","12.61","12.99",0
"538","2006-04-18","11.48","12.62",0
"539","2006-04-19","11.94","12.61",1
"540","2006-04-20","12.44","NA",0
"541","2006-04-21","12.64","NA",0
"542","2006-04-24","12.59","12.91",0
"543","2006-04-25","12.59","12.79",0
"544","2006-04-26","12.42","12.66",0
"545","2006-04-27","12.35","12.56",0
"546","2006-04-28","12.23","12.55",0
"547","2006-05-01","12.53","12.65",0
"548","2006-05-02","12.31","12.52",0
"549","2006-05-03","12.41","12.67",0
"550","2006-05-04","12.26","12.7",0
"551","2006-05-05","12.1","12.55",0
"552","2006-05-08","12.08","12.6",0
"553","2006-05-09","11.96","12.53",0
"554","2006-05-10","11.98","12.46",0
"555","2006-05-11","12.36","12.78",0
"556","2006-05-12","13.12","13.35",0
"557","2006-05-15","13.17","13.27",0
"558","2006-05-16","12.98","13.11",0
"559","2006-05-17","14.02","14.42",1
"560","2006-05-18","14.63","NA",0
"561","2006-05-19","14.86","NA",0
"562","2006-05-22","15.84","15.12",0
"563","2006-05-23","15.71","14.91",0
"564","2006-05-24","16.19","15.24",0
"565","2006-05-25","15.4","15.05",0
"566","2006-05-26","14.9","14.82",0
"567","2006-05-29","14.9","14.82",0
"568","2006-05-30","16.34","16.04",0
"569","2006-05-31","15.9","15.88",0
"570","2006-06-01","15.13","15.35",0
"571","2006-06-02","14.73","14.98",0
"572","2006-06-05","15.87","15.59",0
"573","2006-06-06","16.32","15.88",0
"574","2006-06-07","16.67","16.35",0
"575","2006-06-08","17.13","16.91",0
"576","2006-06-09","17.43","17.02",0
"577","2006-06-12","18.21","17.57",0
"578","2006-06-13","20.78","18.69",0
"579","2006-06-14","21.62","18.94",0
"580","2006-06-15","16.1","16.24",0
"581","2006-06-16","16.65","16.73",0
"582","2006-06-19","16.99","16.88",0
"583","2006-06-20","16.94","16.62",0
"584","2006-06-21","17.28","15.67",1
"585","2006-06-22","15.76","15.98",0
"586","2006-06-23","15.69","15.75",0
"587","2006-06-26","15.56","15.59",0
"588","2006-06-27","15.93","16.04",0
"589","2006-06-28","15.96","15.99",0
"590","2006-06-29","14.34","15.21",0
"591","2006-06-30","14.02","14.87",0
"592","2006-07-03","13.72","14.63",0
"593","2006-07-04","13.72","14.63",0
"594","2006-07-05","14.4","15.02",0
"595","2006-07-06","14.16","15.24",0
"596","2006-07-07","14.36","15.39",0
"597","2006-07-10","14.32","15.43",0
"598","2006-07-11","13.9","15.22",0
"599","2006-07-12","14.44","15.58",0
"600","2006-07-13","16.36","16.69",0
"601","2006-07-14","17.27","17.13",0
"602","2006-07-17","17.35","16.96",0
"603","2006-07-18","17.86","16.7",0
"604","2006-07-19","17","15.81",1
"605","2006-07-20","16.33","NA",0
"606","2006-07-21","16.71","NA",0
"607","2006-07-24","15.41","15.8",0
"608","2006-07-25","14.99","15.34",0
"609","2006-07-26","14.87","15.28",0
"610","2006-07-27","15.13","15.52",0
"611","2006-07-28","14.61","15.16",0
"612","2006-07-31","14.71","15.36",0
"613","2006-08-01","15.06","15.74",0
"614","2006-08-02","14.73","15.46",0
"615","2006-08-03","14.6","15.31",0
"616","2006-08-04","14.84","15.52",0
"617","2006-08-07","15.03","15.61",0
"618","2006-08-08","14.98","15.56",0
"619","2006-08-09","14.96","15.35",0
"620","2006-08-10","14.77","15.52",0
"621","2006-08-11","14.73","15.61",0
"622","2006-08-14","13.95","15.04",0
"623","2006-08-15","13.23","14.93",0
"624","2006-08-16","12.28","14.19",1
"625","2006-08-17","14.08","NA",0
"626","2006-08-18","13.85","NA",0
"627","2006-08-21","13.69","15.46",0
"628","2006-08-22","13.6","15.17",0
"629","2006-08-23","13.93","15.18",0
"630","2006-08-24","13.86","14.83",0
"631","2006-08-25","13.54","14.61",0
"632","2006-08-28","13.31","14.47",0
"633","2006-08-29","13.56","14.49",0
"634","2006-08-30","13.46","14.41",0
"635","2006-08-31","13.23","14.22",0
"636","2006-09-01","12.95","13.94",0
"637","2006-09-04","12.95","13.94",0
"638","2006-09-05","12.99","14.06",0
"639","2006-09-06","13.69","14.53",0
"640","2006-09-07","13.83","14.7",0
"641","2006-09-08","13.68","14.63",0
"642","2006-09-11","13.6","14.74",0
"643","2006-09-12","12.57","14.07",0
"644","2006-09-13","12.22","13.86",0
"645","2006-09-14","12.3","14.08",0
"646","2006-09-15","12.09","14.05",0
"647","2006-09-18","11.88","13.92",0
"648","2006-09-19","11.82","13.86",0
"649","2006-09-20","11.29","13.59",1
"650","2006-09-21","13.96","14.99",0
"651","2006-09-22","13.99","15.15",0
"652","2006-09-25","13.5","14.81",0
"653","2006-09-26","13.22","14.49",0
"654","2006-09-27","13.21","14.69",0
"655","2006-09-28","13.18","14.63",0
"656","2006-09-29","13.1","14.63",0
"657","2006-10-02","13.37","14.83",0
"658","2006-10-03","13.49","14.7",0
"659","2006-10-04","12.72","14.05",0
"660","2006-10-05","12.58","13.95",0
"661","2006-10-06","12.48","13.98",0
"662","2006-10-09","12.23","13.73",0
"663","2006-10-10","11.72","13.44",0
"664","2006-10-11","11.62","13.24",0
"665","2006-10-12","11.36","12.95",0
"666","2006-10-13","11.18","12.78",0
"667","2006-10-16","10.62","12.51",0
"668","2006-10-17","11.23","12.65",0
"669","2006-10-18","11.43","12.59",1
"670","2006-10-19","12.52","13.48",0
"671","2006-10-20","12.28","13.29",0
"672","2006-10-23","11.95","13.16",0
"673","2006-10-24","11.78","12.83",0
"674","2006-10-25","11.49","12.52",0
"675","2006-10-26","11.25","12.21",0
"676","2006-10-27","11.31","12.26",0
"677","2006-10-30","11.35","12.3",0
"678","2006-10-31","11.31","12.16",0
"679","2006-11-01","11.55","12.43",0
"680","2006-11-02","11.65","12.49",0
"681","2006-11-03","11.5","12.45",0
"682","2006-11-06","11.12","12.02",0
"683","2006-11-07","11.18","12.05",0
"684","2006-11-08","10.92","11.85",0
"685","2006-11-09","10.99","11.87",0
"686","2006-11-10","10.99","11.98",0
"687","2006-11-13","10.59","11.97",0
"688","2006-11-14","10.25","11.72",0
"689","2006-11-15","10.27","11.62",1
"690","2006-11-16","11.58","12.29",0
"691","2006-11-17","11.67","12.32",0
"692","2006-11-20","11.43","12.36",0
"693","2006-11-21","11.5","12.48",0
"694","2006-11-22","11.61","12.59",0
"695","2006-11-23","11.61","12.59",0
"696","2006-11-24","11.71","12.84",0
"697","2006-11-27","12.46","13.39",0
"698","2006-11-28","12","12.96",0
"699","2006-11-29","11.46","12.58",0
"700","2006-11-30","11.37","12.52",0
"701","2006-12-01","11.65","12.74",0
"702","2006-12-04","11.49","12.5",0
"703","2006-12-05","11.52","12.55",0
"704","2006-12-06","11.55","12.69",0
"705","2006-12-07","12","12.77",0
"706","2006-12-08","11.98","12.81",0
"707","2006-12-11","11.43","12.6",0
"708","2006-12-12","11.18","12.51",0
"709","2006-12-13","10.54","12.43",0
"710","2006-12-14","10.37","12.53",0
"711","2006-12-15","10.44","12.71",0
"712","2006-12-18","10.56","12.74",0
"713","2006-12-19","10.57","12.39",0
"714","2006-12-20","10.05","12.35",1
"715","2006-12-21","12.44","13.5",0
"716","2006-12-22","12.62","13.68",0
"717","2006-12-25","12.62","13.68",0
"718","2006-12-26","12.27","13.4",0
"719","2006-12-27","11.95","13.08",0
"720","2006-12-28","12.09","13.12",0
"721","2006-12-29","12.3","13.11",0
"722","2007-01-01","12.3","13.11",0
"723","2007-01-02","12.3","13.11",0
"724","2007-01-03","12.3","13.11",0
"725","2007-01-04","12.11","13.16",0
"726","2007-01-05","12.38","13.48",0
"727","2007-01-08","12.25","13.33",0
"728","2007-01-09","12.34","13.21",0
"729","2007-01-10","11.9","13.16",0
"730","2007-01-11","10.98","12.28",0
"731","2007-01-12","10.66","12.08",0
"732","2007-01-15","10.66","12.08",0
"733","2007-01-16","10.59","11.9",0
"734","2007-01-17","10.71","11.91",1
"735","2007-01-18","12.06","12.9",0
"736","2007-01-19","11.69","12.78",0
"737","2007-01-22","11.85","12.88",0
"738","2007-01-23","11.47","12.58",0
"739","2007-01-24","11.32","12.51",0
"740","2007-01-25","11.83","12.78",0
"741","2007-01-26","11.88","12.78",0
"742","2007-01-29","11.81","12.81",0
"743","2007-01-30","11.6","12.64",0
"744","2007-01-31","11.51","12.35",0
"745","2007-02-01","11.28","12.27",0
"746","2007-02-02","11.2","12.24",0
"747","2007-02-05","11.16","12.28",0
"748","2007-02-06","11.16","12.03",0
"749","2007-02-07","10.95","11.89",0
"750","2007-02-08","11.01","11.97",0
"751","2007-02-09","11.23","12.2",0
"752","2007-02-12","11.36","12.42",0
"753","2007-02-13","10.43","11.99",0
"754","2007-02-14","9.95","11.63",1
"755","2007-02-15","11.55","12.61",0
"756","2007-02-16","11.56","12.58",0
"757","2007-02-19","11.56","12.58",0
"758","2007-02-20","11.37","12.31",0
"759","2007-02-21","11.24","12.26",0
"760","2007-02-22","11.15","12.21",0
"761","2007-02-23","11.59","12.59",0
"762","2007-02-26","11.44","12.54",0
"763","2007-02-27","14.81","14.49",0
"764","2007-02-28","13.5","13.55",0
"765","2007-03-01","14.16","14.04",0
"766","2007-03-02","15.19","14.59",0
"767","2007-03-05","16.15","15.01",0
"768","2007-03-06","15.03","14.12",0
"769","2007-03-07","14.37","14.17",0
"770","2007-03-08","13.75","13.71",0
"771","2007-03-09","13.6","13.76",0
"772","2007-03-12","13.14","13.62",0
"773","2007-03-13","15.34","14.59",0
"774","2007-03-14","15.81","15.15",0
"775","2007-03-15","15.4","15.33",0
"776","2007-03-16","15.99","15.79",0
"777","2007-03-19","14.32","14.89",0
"778","2007-03-20","13.06","14.38",0
"779","2007-03-21","12.98","13.28",1
"780","2007-03-22","13.36","13.72",0
"781","2007-03-23","13.33","13.87",0
"782","2007-03-26","13.38","13.79",0
"783","2007-03-27","13.93","13.99",0
"784","2007-03-28","14.72","14.59",0
"785","2007-03-29","14.6","14.55",0
"786","2007-03-30","14.49","14.39",0
"787","2007-04-02","14.7","14.77",0
"788","2007-04-03","14","14.28",0
"789","2007-04-04","13.65","14.2",0
"790","2007-04-05","13.53","14",0
"791","2007-04-06","13.53","14",0
"792","2007-04-09","13.3","14.03",0
"793","2007-04-10","12.71","13.59",0
"794","2007-04-11","13.28","13.99",0
"795","2007-04-12","12.87","13.73",0
"796","2007-04-13","12.39","13.57",0
"797","2007-04-16","11.67","12.97",0
"798","2007-04-17","11.87","13.14",0
"799","2007-04-18","12.03","13.13",1
"800","2007-04-19","13.02","13.53",0
"801","2007-04-20","13.03","13.48",0
"802","2007-04-23","13.22","13.73",0
"803","2007-04-24","13.21","13.73",0
"804","2007-04-25","13.1","13.51",0
"805","2007-04-26","13.11","13.63",0
"806","2007-04-27","13.02","13.54",0
"807","2007-04-30","13.41","13.86",0
"808","2007-05-01","13.43","13.85",0
"809","2007-05-02","13.16","13.72",0
"810","2007-05-03","13.08","13.61",0
"811","2007-05-04","13.14","13.63",0
"812","2007-05-07","13.22","13.72",0
"813","2007-05-08","13.33","13.87",0
"814","2007-05-09","12.94","13.78",0
"815","2007-05-10","13.35","14.2",0
"816","2007-05-11","12.77","13.94",0
"817","2007-05-14","13.34","14.15",0
"818","2007-05-15","13.96","14.2",0
"819","2007-05-16","13.63","14.06",1
"820","2007-05-17","14.16","14.63",0
"821","2007-05-18","13.99","14.45",0
"822","2007-05-21","13.78","14.27",0
"823","2007-05-22","13.81","14.35",0
"824","2007-05-23","13.75","14.34",0
"825","2007-05-24","14.2","14.71",0
"826","2007-05-25","13.96","14.64",0
"827","2007-05-28","13.96","14.64",0
"828","2007-05-29","13.83","14.43",0
"829","2007-05-30","13.56","14.34",0
"830","2007-05-31","13.57","14.26",0
"831","2007-06-01","13.41","14.29",0
"832","2007-06-04","13.57","14.34",0
"833","2007-06-05","13.71","14.39",0
"834","2007-06-06","14.33","14.76",0
"835","2007-06-07","15.82","15.32",0
"836","2007-06-08","15.08","15.14",0
"837","2007-06-11","14.69","14.87",0
"838","2007-06-12","15.5","15.27",0
"839","2007-06-13","14.78","14.97",0
"840","2007-06-14","13.86","14.65",0
"841","2007-06-15","13.64","14.43",0
"842","2007-06-18","13.41","14.48",0
"843","2007-06-19","12.88","14.18",0
"844","2007-06-20","13.01","15.03",1
"845","2007-06-21","15.07","15.38",0
"846","2007-06-22","15.77","15.81",0
"847","2007-06-25","15.99","16.05",0
"848","2007-06-26","16.64","16.53",0
"849","2007-06-27","15.61","15.7",0
"850","2007-06-28","15.55","15.84",0
"851","2007-06-29","16.19","16.16",0
"852","2007-07-02","15.72","15.9",0
"853","2007-07-03","15.44","15.73",0
"854","2007-07-04","15.44","15.73",0
"855","2007-07-05","15.63","16.03",0
"856","2007-07-06","15.3","15.73",0
"857","2007-07-09","15.41","15.73",0
"858","2007-07-10","16.67","16.72",0
"859","2007-07-11","16.24","16.65",0
"860","2007-07-12","15.47","16.42",0
"861","2007-07-13","15.45","16.5",0
"862","2007-07-16","15.67","16.7",0
"863","2007-07-17","15.57","16.84",0
"864","2007-07-18","16.87","17.37",1
"865","2007-07-19","17.18","17.36",0
"866","2007-07-20","17.72","17.76",0
"867","2007-07-23","17.55","17.63",0
"868","2007-07-24","18.18","18.14",0
"869","2007-07-25","18.07","18.18",0
"870","2007-07-26","19.37","19.4",0
"871","2007-07-27","20.07","19.71",0
"872","2007-07-30","19.44","19.35",0
"873","2007-07-31","20.52","20.77",0
"874","2007-08-01","21.8","21.45",0
"875","2007-08-02","20.81","20.65",0
"876","2007-08-03","22.61","22.29",0
"877","2007-08-06","22.08","21.84",0
"878","2007-08-07","20.71","20.27",0
"879","2007-08-08","20.16","20.25",0
"880","2007-08-09","23.26","22.95",0
"881","2007-08-10","27.18","23.63",0
"882","2007-08-13","26.1","23.2",0
"883","2007-08-14","26.94","24.3",0
"884","2007-08-15","28.81","25.18",0
"885","2007-08-16","30.61","27.25",0
"886","2007-08-17","30.07","26.47",0
"887","2007-08-20","26.34","24.45",0
"888","2007-08-21","25.24","23.85",0
"889","2007-08-22","25.05","22.7",1
"890","2007-08-23","23.1","22.07",0
"891","2007-08-24","22.23","21.29",0
"892","2007-08-27","23.28","22.29",0
"893","2007-08-28","25.21","24.16",0
"894","2007-08-29","24.16","23.32",0
"895","2007-08-30","24.45","23.41",0
"896","2007-08-31","23.7","22.7",0
"897","2007-09-03","23.7","22.7",0
"898","2007-09-04","22.78","21.87",0
"899","2007-09-05","24.16","23.06",0
"900","2007-09-06","23.98","22.89",0
"901","2007-09-07","25.83","24.1",0
"902","2007-09-10","26.72","24.67",0
"903","2007-09-11","25.01","23.62",0
"904","2007-09-12","24.94","23.88",0
"905","2007-09-13","24.85","23.76",0
"906","2007-09-14","24.8","23.78",0
"907","2007-09-17","25.37","24.34",0
"908","2007-09-18","20.18","21.39",0
"909","2007-09-19","20.29","20.57",1
"910","2007-09-20","20.82","20.75",0
"911","2007-09-21","19.87","19.98",0
"912","2007-09-24","19.71","19.91",0
"913","2007-09-25","19.88","20.11",0
"914","2007-09-26","19.03","19.56",0
"915","2007-09-27","18.72","19.39",0
"916","2007-09-28","18.92","19.79",0
"917","2007-10-01","18.43","19.34",0
"918","2007-10-02","18.92","19.69",0
"919","2007-10-03","19.1","19.99",0
"920","2007-10-04","19.26","20.15",0
"921","2007-10-05","17.93","19.27",0
"922","2007-10-08","18.2","19.51",0
"923","2007-10-09","17.06","18.64",0
"924","2007-10-10","17.31","18.62",0
"925","2007-10-11","18.53","19.8",0
"926","2007-10-12","17.95","19.45",0
"927","2007-10-15","19.17","20.41",0
"928","2007-10-16","20.03","21.33",0
"929","2007-10-17","18.33","21.07",1
"930","2007-10-18","21.09","20.92",0
"931","2007-10-19","22.54","22.3",0
"932","2007-10-22","22.27","21.74",0
"933","2007-10-23","21.56","21.23",0
"934","2007-10-24","22.01","21.57",0
"935","2007-10-25","21.71","21.68",0
"936","2007-10-26","20.73","21.04",0
"937","2007-10-29","20.27","20.91",0
"938","2007-10-30","20.96","21.64",0
"939","2007-10-31","19.06","20.3",0
"940","2007-11-01","22.33","22.46",0
"941","2007-11-02","22.98","23.07",0
"942","2007-11-05","23.94","23.91",0
"943","2007-11-06","22.45","22.92",0
"944","2007-11-07","25.22","25.23",0
"945","2007-11-08","25.24","25.05",0
"946","2007-11-09","26.96","26.36",0
"947","2007-11-12","27.64","26.64",0
"948","2007-11-13","24.65","24.82",0
"949","2007-11-14","25.3","25.15",0
"950","2007-11-15","27.42","26.7",0
"951","2007-11-16","26.04","26.45",0
"952","2007-11-19","25.61","26.92",0
"953","2007-11-20","25.08","26.18",0
"954","2007-11-21","26.7","26.81",1
"955","2007-11-22","26.81","26.74",0
"956","2007-11-23","25.86","25.98",0
"957","2007-11-26","27.32","26.97",0
"958","2007-11-27","26.65","26.53",0
"959","2007-11-28","24.56","24.66",0
"960","2007-11-29","24.86","24.77",0
"961","2007-11-30","24.19","24.37",0
"962","2007-12-03","24.29","24.56",0
"963","2007-12-04","24.48","24.83",0
"964","2007-12-05","23.06","23.95",0
"965","2007-12-06","21.67","22.94",0
"966","2007-12-07","21.97","23.27",0
"967","2007-12-10","21.28","22.92",0
"968","2007-12-11","22.92","23.91",0
"969","2007-12-12","22.19","23.76",0
"970","2007-12-13","22.04","23.95",0
"971","2007-12-14","22.64","24.66",0
"972","2007-12-17","23.75","25.45",0
"973","2007-12-18","22.55","24.57",0
"974","2007-12-19","22.08","24.42",1
"975","2007-12-20","24.17","24.1",0
"976","2007-12-21","23.1","23.29",0
"977","2007-12-24","22.18","22.95",0
"978","2007-12-25","22.18","22.95",0
"979","2007-12-26","22.02","22.79",0
"980","2007-12-27","22.72","23.52",0
"981","2007-12-28","22.81","23.72",0
"982","2007-12-31","23.12","24.19",0
"983","2008-01-01","23.12","24.19",0
"984","2008-01-02","23.86","24.49",0
"985","2008-01-03","23.42","24.52",0
"986","2008-01-04","24.68","25.3",0
"987","2008-01-07","24.12","24.81",0
"988","2008-01-08","25.54","25.9",0
"989","2008-01-09","24.89","25.78",0
"990","2008-01-10","24.07","24.95",0
"991","2008-01-11","24.96","26.15",0
"992","2008-01-14","23.36","25.1",0
"993","2008-01-15","24.04","25.24",0
"994","2008-01-16","24.18","24.99",1
"995","2008-01-17","26.97","26.62",0
"996","2008-01-18","27.24","26.71",0
"997","2008-01-21","27.24","26.71",0
"998","2008-01-22","27.73","26.38",0
"999","2008-01-23","26.4","25.3",0
"1000","2008-01-24","26.43","25.34",0
"1001","2008-01-25","26.75","25.8",0
"1002","2008-01-28","26.16","25.37",0
"1003","2008-01-29","26.25","25.25",0
"1004","2008-01-30","26.14","25.56",0
"1005","2008-01-31","25.64","25.31",0
"1006","2008-02-01","24.95","24.66",0
"1007","2008-02-04","25.81","25.56",0
"1008","2008-02-05","27.39","26.92",0
"1009","2008-02-06","28.19","27.6",0
"1010","2008-02-07","27.62","27.25",0
"1011","2008-02-08","28.39","27.63",0
"1012","2008-02-11","27.88","26.97",0
"1013","2008-02-12","27.06","26.72",0
"1014","2008-02-13","26","25.81",0
"1015","2008-02-14","26.28","26.18",0
"1016","2008-02-15","26.07","25.93",0
"1017","2008-02-18","26.07","25.93",1
"1018","2008-02-19","25.61","25.7",0
"1019","2008-02-20","25.45","25.41",0
"1020","2008-02-21","25.42","25.45",0
"1021","2008-02-22","24.87","24.83",0
"1022","2008-02-25","24.17","24.34",0
"1023","2008-02-26","23.71","24.18",0
"1024","2008-02-27","23.88","24.45",0
"1025","2008-02-28","24.58","25.1",0
"1026","2008-02-29","26.1","26.36",0
"1027","2008-03-03","26.16","26.25",0
"1028","2008-03-04","25.72","25.79",0
"1029","2008-03-05","24.83","25.38",0
"1030","2008-03-06","26.76","26.99",0
"1031","2008-03-07","26.91","26.87",0
"1032","2008-03-10","27.75","27.6",0
"1033","2008-03-11","26.11","26.09",0
"1034","2008-03-12","26.68","26.92",0
"1035","2008-03-13","26.75","27.02",0
"1036","2008-03-14","29.03","28.52",0
"1037","2008-03-17","30.57","28.54",0
"1038","2008-03-18","25.95","26.2",0
"1039","2008-03-19","25.67","27.41",1
"1040","2008-03-20","27","26.08",0
"1041","2008-03-21","27","26.08",0
"1042","2008-03-24","26.35","25.71",0
"1043","2008-03-25","26.32","25.87",0
"1044","2008-03-26","26.95","26.32",0
"1045","2008-03-27","26.64","26.46",0
"1046","2008-03-28","26.6","26.59",0
"1047","2008-03-31","26.01","26.3",0
"1048","2008-04-01","24","24.85",0
"1049","2008-04-02","24.64","25.03",0
"1050","2008-04-03","24.27","24.94",0
"1051","2008-04-04","23.96","24.95",0
"1052","2008-04-07","23.01","24.26",0
"1053","2008-04-08","23.02","24.07",0
"1054","2008-04-09","23.63","24.66",0
"1055","2008-04-10","22.85","24.33",0
"1056","2008-04-11","23.91","24.98",0
"1057","2008-04-14","23.84","24.88",0
"1058","2008-04-15","22.87","24.41",0
"1059","2008-04-16","21.78","22.96",1
"1060","2008-04-17","23.03","23.55",0
"1061","2008-04-18","22.2","22.84",0
"1062","2008-04-21","21.92","22.43",0
"1063","2008-04-22","22.1","22.62",0
"1064","2008-04-23","21.86","22.41",0
"1065","2008-04-24","21.23","22.05",0
"1066","2008-04-25","20.69","21.52",0
"1067","2008-04-28","20.54","21.33",0
"1068","2008-04-29","20.81","21.59",0
"1069","2008-04-30","21.24","22.14",0
"1070","2008-05-01","19.86","20.95",0
"1071","2008-05-02","19.66","20.63",0
"1072","2008-05-05","19.69","20.99",0
"1073","2008-05-06","18.82","20.26",0
"1074","2008-05-07","19.7","21.21",0
"1075","2008-05-08","19.67","21.25",0
"1076","2008-05-09","19.84","21.45",0
"1077","2008-05-12","18.94","20.82",0
"1078","2008-05-13","18.7","20.78",0
"1079","2008-05-14","18.3","20.32",0
"1080","2008-05-15","17.43","19.88",0
"1081","2008-05-16","17.15","20.14",0
"1082","2008-05-19","16.64","19.76",0
"1083","2008-05-20","17.37","20.82",0
"1084","2008-05-21","17.16","22.14",1
"1085","2008-05-22","21.72","23.56",0
"1086","2008-05-23","22.23","24.04",0
"1087","2008-05-26","22.23","24.04",0
"1088","2008-05-27","21.49","23.7",0
"1089","2008-05-28","21.33","23.25",0
"1090","2008-05-29","19.97","22.07",0
"1091","2008-05-30","19.38","21.77",0
"1092","2008-06-02","20.64","22.8",0
"1093","2008-06-03","21.07","23.18",0
"1094","2008-06-04","21.3","23.09",0
"1095","2008-06-05","19.91","22.13",0
"1096","2008-06-06","22.98","23.94",0
"1097","2008-06-09","22.7","23.43",0
"1098","2008-06-10","22.72","23.47",0
"1099","2008-06-11","23.75","24.05",0
"1100","2008-06-12","22.85","23.88",0
"1101","2008-06-13","21.62","23",0
"1102","2008-06-16","20.86","22.74",0
"1103","2008-06-17","21.05","22.68",0
"1104","2008-06-18","21.54","23.35",1
"1105","2008-06-19","22.93","23.17",0
"1106","2008-06-20","23.51","23.43",0
"1107","2008-06-23","23.51","23.49",0
"1108","2008-06-24","23.63","23.7",0
"1109","2008-06-25","22.61","22.75",0
"1110","2008-06-26","24.72","24.25",0
"1111","2008-06-27","24.55","24.18",0
"1112","2008-06-30","24.19","23.93",0
"1113","2008-07-01","24.19","23.8",0
"1114","2008-07-02","25.53","24.95",0
"1115","2008-07-03","25.39","24.69",0
"1116","2008-07-04","25.39","24.69",0
"1117","2008-07-07","25.85","24.78",0
"1118","2008-07-08","23.96","23.54",0
"1119","2008-07-09","25.47","24.69",0
"1120","2008-07-10","25.61","24.86",0
"1121","2008-07-11","27.15","25.25",0
"1122","2008-07-14","28.03","25.89",0
"1123","2008-07-15","28.43","26.12",0
"1124","2008-07-16","28.4","24.72",1
"1125","2008-07-17","24.25","23.99",0
"1126","2008-07-18","24.05","23.8",0
"1127","2008-07-21","23.4","23.44",0
"1128","2008-07-22","22.47","22.74",0
"1129","2008-07-23","22.43","22.78",0
"1130","2008-07-24","23.55","23.72",0
"1131","2008-07-25","23.45","23.63",0
"1132","2008-07-28","24.25","24.24",0
"1133","2008-07-29","22.68","22.99",0
"1134","2008-07-30","21.57","22.1",0
"1135","2008-07-31","22.77","22.94",0
"1136","2008-08-01","22.95","23.04",0
"1137","2008-08-04","22.78","23.01",0
"1138","2008-08-05","21.44","22.12",0
"1139","2008-08-06","20.7","21.58",0
"1140","2008-08-07","21.51","22.52",0
"1141","2008-08-08","20.91","21.87",0
"1142","2008-08-11","20.29","21.68",0
"1143","2008-08-12","21.28","22.46",0
"1144","2008-08-13","21.5","22.93",0
"1145","2008-08-14","20.8","22.15",0
"1146","2008-08-15","20.18","21.92",0
"1147","2008-08-18","20.66","22.21",0
"1148","2008-08-19","21","22.93",0
"1149","2008-08-20","20.83","22.45",1
"1150","2008-08-21","22.19","23.25",0
"1151","2008-08-22","21.59","22.92",0
"1152","2008-08-25","22.64","23.45",0
"1153","2008-08-26","22.4","23.24",0
"1154","2008-08-27","21.8","22.94",0
"1155","2008-08-28","21.12","22.68",0
"1156","2008-08-29","21.7","22.99",0
"1157","2008-09-01","21.7","22.99",0
"1158","2008-09-02","22.08","23.19",0
"1159","2008-09-03","21.64","23.1",0
"1160","2008-09-04","23.78","24.31",0
"1161","2008-09-05","23.08","23.98",0
"1162","2008-09-08","21.99","23.39",0
"1163","2008-09-09","24.22","24.71",0
"1164","2008-09-10","23.59","24.31",0
"1165","2008-09-11","23.83","24.49",0
"1166","2008-09-12","24.68","24.57",0
"1167","2008-09-15","28.84","25.73",0
"1168","2008-09-16","29.68","25.17",0
"1169","2008-09-17","31.54","26.61",1
"1170","2008-09-18","25.31","25.01",0
"1171","2008-09-19","24.74","24.38",0
"1172","2008-09-22","26.56","25.41",0
"1173","2008-09-23","29.02","26.85",0
"1174","2008-09-24","28.65","26.68",0
"1175","2008-09-25","27.74","25.99",0
"1176","2008-09-26","28.64","26.25",0
"1177","2008-09-29","32.69","29.84",0
"1178","2008-09-30","30.66","28.22",0
"1179","2008-10-01","31.87","28.85",0
"1180","2008-10-02","34.1","30.64",0
"1181","2008-10-03","35.67","31.2",0
"1182","2008-10-06","37.37","31.94",0
"1183","2008-10-07","41.83","34.32",0
"1184","2008-10-08","45.56","35.39",0
"1185","2008-10-09","52.3","37.68",0
"1186","2008-10-10","56.71","38.31",0
"1187","2008-10-13","50.64","36.07",0
"1188","2008-10-14","49.05","37.94",0
"1189","2008-10-15","58.18","42.7",0
"1190","2008-10-16","63.88","42.78",0
"1191","2008-10-17","63.25","47.04",0
"1192","2008-10-20","52.31","45.05",0
"1193","2008-10-21","52.8","43.8",0
"1194","2008-10-22","63.04","48.33",1
"1195","2008-10-23","50.02","40.14",0
"1196","2008-10-24","55.82","43.56",0
"1197","2008-10-27","59.29","44.88",0
"1198","2008-10-28","53.7","42.77",0
"1199","2008-10-29","56.41","44.16",0
"1200","2008-10-30","55.37","44.2",0
"1201","2008-10-31","54.57","44.93",0
"1202","2008-11-03","51.96","44.71",0
"1203","2008-11-04","46.43","41.86",0
"1204","2008-11-05","50.2","43.85",0
"1205","2008-11-06","57.58","47.8",0
"1206","2008-11-07","54.65","47.48",0
"1207","2008-11-10","56.19","48.2",0
"1208","2008-11-11","58.38","49.38",0
"1209","2008-11-12","63.71","52.92",0
"1210","2008-11-13","56.87","50.03",0
"1211","2008-11-14","62.9","53.51",0
"1212","2008-11-17","67.95","56.25",0
"1213","2008-11-18","67.04","57.29",0
"1214","2008-11-19","67.22","62.9",1
"1215","2008-11-20","66.23","59.77",0
"1216","2008-11-21","62.78","56.9",0
"1217","2008-11-24","58.64","54.15",0
"1218","2008-11-25","57.18","52.61",0
"1219","2008-11-26","53.18","50.85",0
"1220","2008-11-27","53.18","50.85",0
"1221","2008-11-28","53.21","50.6",0
"1222","2008-12-01","60.45","56.29",0
"1223","2008-12-02","57.93","55.3",0
"1224","2008-12-03","57.73","55.21",0
"1225","2008-12-04","60.49","57.62",0
"1226","2008-12-05","58.32","56.75",0
"1227","2008-12-08","55.26","54.67",0
"1228","2008-12-09","56.4","55.38",0
"1229","2008-12-10","55.26","54.44",0
"1230","2008-12-11","55.06","55.32",0
"1231","2008-12-12","54.58","54.46",0
"1232","2008-12-15","55.7","54.84",0
"1233","2008-12-16","52.44","52.25",0
"1234","2008-12-17","51.29","52.07",1
"1235","2008-12-18","50.31","48.93",0
"1236","2008-12-19","47.35","46.53",0
"1237","2008-12-22","45.51","45.63",0
"1238","2008-12-23","46.15","46.54",0
"1239","2008-12-24","45.73","45.96",0
"1240","2008-12-25","45.73","45.96",0
"1241","2008-12-26","45.15","45.65",0
"1242","2008-12-29","46.34","46.76",0
"1243","2008-12-30","44.18","45.08",0
"1244","2008-12-31","41.94","42.93",0
"1245","2009-01-01","41.94","42.93",0
"1246","2009-01-02","38.7","39.91",0
"1247","2009-01-05","39.96","40.16",0
"1248","2009-01-06","39.53","39.55",0
"1249","2009-01-07","43.52","42.5",0
"1250","2009-01-08","42.97","42.72",0
"1251","2009-01-09","44.55","44.15",0
"1252","2009-01-12","48.04","47.74",0
"1253","2009-01-13","46.67","46.81",0
"1254","2009-01-14","51.79","50.56",0
"1255","2009-01-15","53.26","49.93",0
"1256","2009-01-16","49.65","48.53",0
"1257","2009-01-19","49.65","48.53",0
"1258","2009-01-20","57.9","54.66",0
"1259","2009-01-21","49.88","51.13",1
"1260","2009-01-22","50.54","47.37",0
"1261","2009-01-23","50.16","47.2",0
"1262","2009-01-26","47.55","45.63",0
"1263","2009-01-27","45.16","43.51",0
"1264","2009-01-28","42.31","40.75",0
"1265","2009-01-29","43.38","40.88",0
"1266","2009-01-30","44.99","42.18",0
"1267","2009-02-02","45.35","42.3",0
"1268","2009-02-03","43.15","40.95",0
"1269","2009-02-04","43.75","41.1",0
"1270","2009-02-05","43.25","40.5",0
"1271","2009-02-06","42.6","40.1",0
"1272","2009-02-09","42.5","40.5",0
"1273","2009-02-10","45.6","42.9",0
"1274","2009-02-11","44.6","42.2",0
"1275","2009-02-12","42.55","41.6",0
"1276","2009-02-13","43.6","42.35",0
"1277","2009-02-16","43.6","42.35",0
"1278","2009-02-17","48","44.05",0
"1279","2009-02-18","48.4","44.85",1
"1280","2009-02-19","44.55","43.2",0
"1281","2009-02-20","46.7","44.75",0
"1282","2009-02-23","49.05","46.9",0
"1283","2009-02-24","44.5","43.9",0
"1284","2009-02-25","43.45","43.25",0
"1285","2009-02-26","44","43.75",0
"1286","2009-02-27","44.45","43.9",0
"1287","2009-03-02","47.85","46.05",0
"1288","2009-03-03","48.45","46.35",0
"1289","2009-03-04","44.75","42.9",0
"1290","2009-03-05","47.35","44.45",0
"1291","2009-03-06","46.65","44.15",0
"1292","2009-03-09","47.05","44.9",0
"1293","2009-03-10","43.15","41.6",0
"1294","2009-03-11","42.65","41.6",0
"1295","2009-03-12","41.1","41.1",0
"1296","2009-03-13","42.1","41.6",0
"1297","2009-03-16","43","43.1",0
"1298","2009-03-17","40.05","41.3",0
"1299","2009-03-18","40.62","40.95",1
"1300","2009-03-19","43.7","41.55",0
"1301","2009-03-20","47.05","44.45",0
"1302","2009-03-23","43.35","41.75",0
"1303","2009-03-24","44","42.25",0
"1304","2009-03-25","42.75","41.45",0
"1305","2009-03-26","41.45","40.45",0
"1306","2009-03-27","42.95","41.6",0
"1307","2009-03-30","46.35","44.05",0
"1308","2009-03-31","45.05","43.95",0
"1309","2009-04-01","43.65","43.25",0
"1310","2009-04-02","42.95","42.5",0
"1311","2009-04-03","41.7","41.8",0
"1312","2009-04-06","41.95","42.15",0
"1313","2009-04-07","41.65","42.45",0
"1314","2009-04-08","40.6","41.55",0
"1315","2009-04-09","38.3","39.9",0
"1316","2009-04-10","38.3","39.9",0
"1317","2009-04-13","37.05","39.7",0
"1318","2009-04-14","37.85","39.6",0
"1319","2009-04-15","38.2","38.8",1
"1320","2009-04-16","37.35","37.5",0
"1321","2009-04-17","36.6","36.65",0
"1322","2009-04-20","39.5","38.95",0
"1323","2009-04-21","37.9","37.65",0
"1324","2009-04-22","38.45","38.05",0
"1325","2009-04-23","37.8","37.4",0
"1326","2009-04-24","37.8","37.65",0
"1327","2009-04-27","38.75","38.45",0
"1328","2009-04-28","38.2","38.15",0
"1329","2009-04-29","36.45","36.7",0
"1330","2009-04-30","36.95","37",0
"1331","2009-05-01","36.35","36.55",0
"1332","2009-05-04","34.8","34.75",0
"1333","2009-05-05","34.6","34.8",0
"1334","2009-05-06","33.05","33.8",0
"1335","2009-05-07","33.7","34.15",0
"1336","2009-05-08","32.2","32.8",0
"1337","2009-05-11","32.45","33",0
"1338","2009-05-12","31.95","32.85",0
"1339","2009-05-13","33.4","33.85",0
"1340","2009-05-14","31.6","32.5",0
"1341","2009-05-15","33.15","33.2",0
"1342","2009-05-18","29.85","30.85",0
"1343","2009-05-19","28.5","30.4",0
"1344","2009-05-20","27.04","30.5",1
"1345","2009-05-21","32.2","32.85",0
"1346","2009-05-22","32.75","33.05",0
"1347","2009-05-25","32.75","33.05",0
"1348","2009-05-26","31.15","32",0
"1349","2009-05-27","32.1","32.9",0
"1350","2009-05-28","31.55","32.4",0
"1351","2009-05-29","30.35","31.5",0
"1352","2009-06-01","29.6","30.75",0
"1353","2009-06-02","29.6","31",0
"1354","2009-06-03","31.15","32.65",0
"1355","2009-06-04","30.8","32.25",0
"1356","2009-06-05","30.55","32.2",0
"1357","2009-06-08","30.25","32",0
"1358","2009-06-09","29.1","30.95",0
"1359","2009-06-10","29.1","31.2",0
"1360","2009-06-11","28.1","30.6",0
"1361","2009-06-12","28.35","29.95",0
"1362","2009-06-15","30.2","31.35",0
"1363","2009-06-16","31.85","32.4",0
"1364","2009-06-17","31.03","32.65",1
"1365","2009-06-18","32.4","31.85",0
"1366","2009-06-19","31.35","31.55",0
"1367","2009-06-22","32.75","32.55",0
"1368","2009-06-23","32.05","32.15",0
"1369","2009-06-24","30.6","31.35",0
"1370","2009-06-25","29.1","30.25",0
"1371","2009-06-26","28.55","29.85",0
"1372","2009-06-29","27.45","28.95",0
"1373","2009-06-30","28.05","29.25",0
"1374","2009-07-01","27.65","29.2",0
"1375","2009-07-02","29.3","30.65",0
"1376","2009-07-03","29.3","30.65",0
"1377","2009-07-06","29","30.4",0
"1378","2009-07-07","30.25","31.45",0
"1379","2009-07-08","30.8","31.8",0
"1380","2009-07-09","29.75","31.75",0
"1381","2009-07-10","29.8","31.95",0
"1382","2009-07-13","27.55","30.8",0
"1383","2009-07-14","27","30.25",0
"1384","2009-07-15","26.45","29.25",0
"1385","2009-07-16","25.9","28.95",0
"1386","2009-07-17","25.6","29",0
"1387","2009-07-20","24.55","28.4",0
"1388","2009-07-21","24.05","27.85",0
"1389","2009-07-22","23.48","27.2",1
"1390","2009-07-23","26.25","28.45",0
"1391","2009-07-24","26","28.55",0
"1392","2009-07-27","26.35","28.95",0
"1393","2009-07-28","27.3","29.85",0
"1394","2009-07-29","27.65","30.05",0
"1395","2009-07-30","27.05","29.3",0
"1396","2009-07-31","27.25","29.7",0
"1397","2009-08-03","26.45","29.1",0
"1398","2009-08-04","26.3","28.85",0
"1399","2009-08-05","26.05","28.85",0
"1400","2009-08-06","26.6","28.95",0
"1401","2009-08-07","25.65","28.05",0
"1402","2009-08-10","25.6","28.1",0
"1403","2009-08-11","26.2","28.6",0
"1404","2009-08-12","25.55","28.35",0
"1405","2009-08-13","25.05","27.8",0
"1406","2009-08-14","25.2","28.3",0
"1407","2009-08-17","27.6","29.9",0
"1408","2009-08-18","26.35","29.25",0
"1409","2009-08-19","28.76","28.35",1
"1410","2009-08-20","27.8","30.1",0
"1411","2009-08-21","27.35","30",0
"1412","2009-08-24","27.4","29.9",0
"1413","2009-08-25","27.75","30.05",0
"1414","2009-08-26","28.3","30.4",0
"1415","2009-08-27","27.8","30.25",0
"1416","2009-08-28","28.1","30.5",0
"1417","2009-08-31","28.5","30.95",0
"1418","2009-09-01","30.05","32.25",0
"1419","2009-09-02","30.5","32.65",0
"1420","2009-09-03","28.95","31.25",0
"1421","2009-09-04","27.6","30.45",0
"1422","2009-09-07","27.6","30.45",0
"1423","2009-09-08","26.7","29.45",0
"1424","2009-09-09","25.95","28.6",0
"1425","2009-09-10","24.45","27.35",0
"1426","2009-09-11","24.75","27.7",0
"1427","2009-09-14","23.85","27.05",0
"1428","2009-09-15","23.5","27.15",0
"1429","2009-09-16","23.64","25.95",1
"1430","2009-09-17","26.1","27.75",0
"1431","2009-09-18","26.75","28.35",0
"1432","2009-09-21","26.7","28.4",0
"1433","2009-09-22","26.1","28.05",0
"1434","2009-09-23","26.35","28.15",0
"1435","2009-09-24","26.9","28.5",0
"1436","2009-09-25","27","28.55",0
"1437","2009-09-28","25.85","27.95",0
"1438","2009-09-29","25.9","27.85",0
"1439","2009-09-30","26.3","27.95",0
"1440","2009-10-01","27.8","28.75",0
"1441","2009-10-02","27.85","28.8",0
"1442","2009-10-05","26.8","27.95",0
"1443","2009-10-06","26","27.45",0
"1444","2009-10-07","25.4","27.35",0
"1445","2009-10-08","25.05","27.05",0
"1446","2009-10-09","24.55","26.5",0
"1447","2009-10-12","24.05","25.75",0
"1448","2009-10-13","23.55","25.6",0
"1449","2009-10-14","23.25","25.4",0
"1450","2009-10-15","22.35","24.9",0
"1451","2009-10-16","22.35","25.3",0
"1452","2009-10-19","21.4","24.65",0
"1453","2009-10-20","21.1","24.55",0
"1454","2009-10-21","20.82","24.55",1
"1455","2009-10-22","23.65","25.1",0
"1456","2009-10-23","24.05","25.45",0
"1457","2009-10-26","24.55","25.95",0
"1458","2009-10-27","24.65","25.85",0
"1459","2009-10-28","26.65","26.9",0
"1460","2009-10-29","25.05","25.8",0
"1461","2009-10-30","27.85","27.7",0
"1462","2009-11-02","28","28.1",0
"1463","2009-11-03","28.1","28.3",0
"1464","2009-11-04","27.6","28.05",0
"1465","2009-11-05","25.9","27.25",0
"1466","2009-11-06","25.1","26.4",0
"1467","2009-11-09","23.5","24.9",0
"1468","2009-11-10","23.5","25.1",0
"1469","2009-11-11","23.65","25.15",0
"1470","2009-11-12","24.8","26.25",0
"1471","2009-11-13","24.25","25.85",0
"1472","2009-11-16","23.4","25.45",0
"1473","2009-11-17","22.55","25.35",0
"1474","2009-11-18","22.54","24.4",1
"1475","2009-11-19","24.7","27.25",0
"1476","2009-11-20","24.2","27",0
"1477","2009-11-23","22.85","26.4",0
"1478","2009-11-24","22.7","26.05",0
"1479","2009-11-25","22.35","25.8",0
"1480","2009-11-26","22.35","25.8",0
"1481","2009-11-27","24.05","27.15",0
"1482","2009-11-30","24.1","27.15",0
"1483","2009-12-01","23.05","26.3",0
"1484","2009-12-02","22.65","26.2",0
"1485","2009-12-03","23.25","26.65",0
"1486","2009-12-04","22.6","26.15",0
"1487","2009-12-07","22.5","26.05",0
"1488","2009-12-08","23.5","26.55",0
"1489","2009-12-09","23.05","26.45",0
"1490","2009-12-10","22.5","26.1",0
"1491","2009-12-11","22.1","26",0
"1492","2009-12-14","21.1","25.55",0
"1493","2009-12-15","21.35","25.25",0
"1494","2009-12-16","20.84","24.1",1
"1495","2009-12-17","24.45","26.75",0
"1496","2009-12-18","24.1","26.4",0
"1497","2009-12-21","23.25","25.65",0
"1498","2009-12-22","22.65","25.1",0
"1499","2009-12-23","22.45","24.9",0
"1500","2009-12-24","22.1","24.75",0
"1501","2009-12-25","22.1","24.75",0
"1502","2009-12-28","21.85","24.65",0
"1503","2009-12-29","22","24.75",0
"1504","2009-12-30","22.4","25.05",0
"1505","2009-12-31","22.95","25.8",0
"1506","2010-01-01","22.95","25.8",0
"1507","2010-01-04","22.1","24.85",0
"1508","2010-01-05","21.55","24.45",0
"1509","2010-01-06","20.8","23.55",0
"1510","2010-01-07","20.45","23.15",0
"1511","2010-01-08","19.9","22.55",0
"1512","2010-01-11","19.5","22.25",0
"1513","2010-01-12","20.25","22.8",0
"1514","2010-01-13","19.4","22.5",0
"1515","2010-01-14","18.95","22",0
"1516","2010-01-15","19.65","22.55",0
"1517","2010-01-18","19.65","22.55",0
"1518","2010-01-19","17.85","21.55",0
"1519","2010-01-20","18.87","21.4",1
"1520","2010-01-21","22.65","24.1",0
"1521","2010-01-22","24.75","25.15",0
"1522","2010-01-25","24.35","24.95",0
"1523","2010-01-26","24.55","25.3",0
"1524","2010-01-27","23.75","24.7",0
"1525","2010-01-28","24","24.9",0
"1526","2010-01-29","24.65","25.35",0
"1527","2010-02-01","23.05","24.25",0
"1528","2010-02-02","22.1","23.45",0
"1529","2010-02-03","22.15","23.55",0
"1530","2010-02-04","25.6","25.65",0
"1531","2010-02-05","26.1","25.85",0
"1532","2010-02-08","26.4","26.2",0
"1533","2010-02-09","25.55","25.65",0
"1534","2010-02-10","25.5","25.55",0
"1535","2010-02-11","24.45","24.95",0
"1536","2010-02-12","24.45","24.9",0
"1537","2010-02-15","24.45","24.9",0
"1538","2010-02-16","22.6","23.6",0
"1539","2010-02-17","22.5","22.75",1
"1540","2010-02-18","21.8","24.1",0
"1541","2010-02-19","21.35","23.7",0
"1542","2010-02-22","20.95","23.25",0
"1543","2010-02-23","21.65","23.9",0
"1544","2010-02-24","21.1","23.65",0
"1545","2010-02-25","20.95","23.75",0
"1546","2010-02-26","20.4","23.5",0
"1547","2010-03-01","20","23.05",0
"1548","2010-03-02","19.8","22.8",0
"1549","2010-03-03","19.6","22.6",0
"1550","2010-03-04","19.6","22.5",0
"1551","2010-03-05","18.55","21.6",0
"1552","2010-03-08","18.35","21.25",0
"1553","2010-03-09","18.5","21.25",0
"1554","2010-03-10","18.6","21.4",0
"1555","2010-03-11","18.6","21.6",0
"1556","2010-03-12","18.35","21.45",0
"1557","2010-03-15","18.1","21.5",0
"1558","2010-03-16","17.45","20.9",0
"1559","2010-03-17","16.68","20.1",1
"1560","2010-03-18","19.8","21.45",0
"1561","2010-03-19","20.2","21.7",0
"1562","2010-03-22","19.9","21.65",0
"1563","2010-03-23","19.45","21.35",0
"1564","2010-03-24","19.9","21.65",0
"1565","2010-03-25","20.1","21.95",0
"1566","2010-03-26","19.9","21.7",0
"1567","2010-03-29","19.5","21.25",0
"1568","2010-03-30","19.1","21",0
"1569","2010-03-31","18.95","21",0
"1570","2010-04-01","18.8","21.05",0
"1571","2010-04-02","18.8","21.05",0
"1572","2010-04-05","18","20.35",0
"1573","2010-04-06","17.45","19.85",0
"1574","2010-04-07","17.9","20.1",0
"1575","2010-04-08","17.45","19.85",0
"1576","2010-04-09","17.2","19.65",0
"1577","2010-04-12","17.1","19.65",0
"1578","2010-04-13","17.15","19.75",0
"1579","2010-04-14","16.7","19.3",0
"1580","2010-04-15","16.7","19.3",0
"1581","2010-04-16","18.2","19.95",0
"1582","2010-04-19","17.4","19.5",0
"1583","2010-04-20","16","18.6",0
"1584","2010-04-21","15.8","18.7",1
"1585","2010-04-22","18.65","20.75",0
"1586","2010-04-23","18.5","20.75",0
"1587","2010-04-26","18.75","20.95",0
"1588","2010-04-27","21.05","22.4",0
"1589","2010-04-28","20.8","22.2",0
"1590","2010-04-29","19.65","21.65",0
"1591","2010-04-30","21.6","23",0
"1592","2010-05-03","20.55","22.6",0
"1593","2010-05-04","23","24.45",0
"1594","2010-05-05","24.15","25.45",0
"1595","2010-05-06","29.2","29.1",0
"1596","2010-05-07","32.95","30.95",0
"1597","2010-05-10","27.45","27.05",0
"1598","2010-05-11","27.1","27.05",0
"1599","2010-05-12","25.05","25.8",0
"1600","2010-05-13","25.85","26.4",0
"1601","2010-05-14","30.1","28.75",0
"1602","2010-05-17","30.3","29",0
"1603","2010-05-18","32.7","30.95",0
"1604","2010-05-19","34.53","31.65",1
"1605","2010-05-20","35.95","35.7",0
"1606","2010-05-21","35.75","35.7",0
"1607","2010-05-24","35.1","35.1",0
"1608","2010-05-25","33.75","34.1",0
"1609","2010-05-26","32.8","33.3",0
"1610","2010-05-27","29.65","30.95",0
"1611","2010-05-28","30.4","31.3",0
"1612","2010-05-31","30.4","31.3",0
"1613","2010-06-01","32.55","32.65",0
"1614","2010-06-02","29.85","31",0
"1615","2010-06-03","29.6","30.7",0
"1616","2010-06-04","33.55","32.8",0
"1617","2010-06-07","35.45","34.1",0
"1618","2010-06-08","33.45","32.95",0
"1619","2010-06-09","33.4","33.35",0
"1620","2010-06-10","30.65","31.55",0
"1621","2010-06-11","29.3","30.9",0
"1622","2010-06-14","28.55","30.3",0
"1623","2010-06-15","25.85","28.55",0
"1624","2010-06-16","26.11","27.8",1
"1625","2010-06-17","27.3","28.6",0
"1626","2010-06-18","26.85","28",0
"1627","2010-06-21","27.1","28.15",0
"1628","2010-06-22","28.4","29",0
"1629","2010-06-23","28.75","29.55",0
"1630","2010-06-24","30.65","30.8",0
"1631","2010-06-25","29.75","30.35",0
"1632","2010-06-28","30.15","31.05",0
"1633","2010-06-29","33.5","33.45",0
"1634","2010-06-30","33.9","34.15",0
"1635","2010-07-01","33.35","34.15",0
"1636","2010-07-02","32.05","33.4",0
"1637","2010-07-05","32.05","33.4",0
"1638","2010-07-06","29.8","31.9",0
"1639","2010-07-07","27.6","30.05",0
"1640","2010-07-08","27.05","29.5",0
"1641","2010-07-09","26.55","29.05",0
"1642","2010-07-12","25.85","28.35",0
"1643","2010-07-13","25.8","28.15",0
"1644","2010-07-14","26.75","28.95",0
"1645","2010-07-15","26.5","29.3",0
"1646","2010-07-16","28.1","30.6",0
"1647","2010-07-19","26.8","30.3",0
"1648","2010-07-20","24.4","28.5",0
"1649","2010-07-21","23.79","28.85",1
"1650","2010-07-22","27.3","30.2",0
"1651","2010-07-23","26.6","29.6",0
"1652","2010-07-26","25.55","28.75",0
"1653","2010-07-27","25.45","28.45",0
"1654","2010-07-28","25.75","28.8",0
"1655","2010-07-29","25.75","28.75",0
"1656","2010-07-30","25.45","28.6",0
"1657","2010-08-02","23.85","27.15",0
"1658","2010-08-03","24.1","27.5",0
"1659","2010-08-04","23.75","27.35",0
"1660","2010-08-05","23.8","27.65",0
"1661","2010-08-06","23.7","27.75",0
"1662","2010-08-09","23.1","27.4",0
"1663","2010-08-10","23.25","27.55",0
"1664","2010-08-11","25.7","29.6",0
"1665","2010-08-12","26.15","30.05",0
"1666","2010-08-13","26.75","30.7",0
"1667","2010-08-16","26","30.35",0
"1668","2010-08-17","24.35","29.45",0
"1669","2010-08-18","24.82","29",1
"1670","2010-08-19","29.9","32.15",0
"1671","2010-08-20","29.6","32.25",0
"1672","2010-08-23","29","32.15",0
"1673","2010-08-24","29.8","32.85",0
"1674","2010-08-25","29.15","32.3",0
"1675","2010-08-26","29.55","32.5",0
"1676","2010-08-27","27.55","30.9",0
"1677","2010-08-30","28.45","31.75",0
"1678","2010-08-31","27.9","31.25",0
"1679","2010-09-01","25.8","29.75",0
"1680","2010-09-02","25","29.15",0
"1681","2010-09-03","23.6","27.85",0
"1682","2010-09-06","23.6","27.85",0
"1683","2010-09-07","24.45","28.6",0
"1684","2010-09-08","23.85","27.85",0
"1685","2010-09-09","23.75","27.55",0
"1686","2010-09-10","23.05","27",0
"1687","2010-09-13","21.7","25.7",0
"1688","2010-09-14","21.7","25.7",0
"1689","2010-09-15","22.97","25.2",1
"1690","2010-09-16","25.1","27.6",0
"1691","2010-09-17","25.05","27.8",0
"1692","2010-09-20","24.35","27.35",0
"1693","2010-09-21","24.45","27.4",0
"1694","2010-09-22","24.95","27.65",0
"1695","2010-09-23","25.8","28.25",0
"1696","2010-09-24","24.2","27.2",0
"1697","2010-09-27","24.35","27.25",0
"1698","2010-09-28","24.3","27.25",0
"1699","2010-09-29","24.7","27.65",0
"1700","2010-09-30","25.45","28.2",0
"1701","2010-10-01","24.75","27.85",0
"1702","2010-10-04","25.15","28.2",0
"1703","2010-10-05","23.65","27.05",0
"1704","2010-10-06","23.25","26.8",0
"1705","2010-10-07","22.95","26.7",0
"1706","2010-10-08","21.95","25.7",0
"1707","2010-10-11","21.3","25.1",0
"1708","2010-10-12","20.65","24.25",0
"1709","2010-10-13","20.65","23.55",0
"1710","2010-10-14","21.55","24.2",0
"1711","2010-10-15","20.95","24.05",0
"1712","2010-10-18","19.85","23.3",0
"1713","2010-10-19","20.95","23.85",0
"1714","2010-10-20","21.41","22.6",1
"1715","2010-10-21","22","24.65",0
"1716","2010-10-22","21.1","23.95",0
"1717","2010-10-25","20.95","23.7",0
"1718","2010-10-26","21.4","23.9",0
"1719","2010-10-27","21.85","24.2",0
"1720","2010-10-28","21.75","24.3",0
"1721","2010-10-29","21.75","24.25",0
"1722","2010-11-01","21.55","24.2",0
"1723","2010-11-02","21","23.75",0
"1724","2010-11-03","19.8","22.35",0
"1725","2010-11-04","18.5","21",0
"1726","2010-11-05","18.55","20.95",0
"1727","2010-11-08","18.7","21.05",0
"1728","2010-11-09","18.9","21.1",0
"1729","2010-11-10","18.9","20.9",0
"1730","2010-11-11","18.95","21.05",0
"1731","2010-11-12","20.35","22.25",0
"1732","2010-11-15","19.75","21.95",0
"1733","2010-11-16","22.25","22.8",0
"1734","2010-11-17","22.21","22.3",1
"1735","2010-11-18","20.75","24.2",0
"1736","2010-11-19","20.5","23.9",0
"1737","2010-11-22","19.8","23.25",0
"1738","2010-11-23","20.75","24.1",0
"1739","2010-11-24","19.8","23.3",0
"1740","2010-11-25","19.8","23.3",0
"1741","2010-11-26","21.25","24.25",0
"1742","2010-11-29","21.45","24.5",0
"1743","2010-11-30","23.2","25.8",0
"1744","2010-12-01","21.9","24.75",0
"1745","2010-12-02","19.85","23",0
"1746","2010-12-03","19.05","22.15",0
"1747","2010-12-06","18.6","21.6",0
"1748","2010-12-07","18.6","21.45",0
"1749","2010-12-08","18.2","20.7",0
"1750","2010-12-09","18","20.2",0
"1751","2010-12-10","18.05","20.05",0
"1752","2010-12-13","18.3","20.3",0
"1753","2010-12-14","18.7","20.45",0
"1754","2010-12-15","19.05","20.8",0
"1755","2010-12-16","18.4","20.5",0
"1756","2010-12-17","17.6","20.25",0
"1757","2010-12-20","16.75","19.65",0
"1758","2010-12-21","16.75","19.25",0
"1759","2010-12-22","16.01","19.25",1
"1760","2010-12-23","19.85","21.55",0
"1761","2010-12-24","19.85","21.55",0
"1762","2010-12-27","20.45","21.75",0
"1763","2010-12-28","20.55","21.9",0
"1764","2010-12-29","20.25","21.85",0
"1765","2010-12-30","20.1","21.7",0
"1766","2010-12-31","19.7","21.6",0
"1767","2011-01-03","19.3","21.35",0
"1768","2011-01-04","19.1","21.3",0
"1769","2011-01-05","18.7","20.95",0
"1770","2011-01-06","18.65","20.9",0
"1771","2011-01-07","18.7","21",0
"1772","2011-01-10","18.65","21",0
"1773","2011-01-11","17.95","20.4",0
"1774","2011-01-12","17","19.45",0
"1775","2011-01-13","16.95","19.3",0
"1776","2011-01-14","16.25","18.4",0
"1777","2011-01-17","16.25","18.4",0
"1778","2011-01-18","15.9","17.85",0
"1779","2011-01-19","16.38","18.75",1
"1780","2011-01-20","18.65","20.85",0
"1781","2011-01-21","18.85","21",0
"1782","2011-01-24","18.4","20.55",0
"1783","2011-01-25","18.2","20.35",0
"1784","2011-01-26","17.55","19.75",0
"1785","2011-01-27","17.25","19.4",0
"1786","2011-01-28","19.4","20.65",0
"1787","2011-01-31","19.1","20.45",0
"1788","2011-02-01","17.95","19.6",0
"1789","2011-02-02","18.05","19.55",0
"1790","2011-02-03","17.7","19.35",0
"1791","2011-02-04","17.25","18.85",0
"1792","2011-02-07","16.95","18.45",0
"1793","2011-02-08","16.85","18.2",0
"1794","2011-02-09","16.85","18.25",0
"1795","2011-02-10","16.9","18.3",0
"1796","2011-02-11","16.6","18.05",0
"1797","2011-02-14","16.45","17.85",0
"1798","2011-02-15","16.7","18.05",0
"1799","2011-02-16","16.49","18.3",1
"1800","2011-02-17","18.45","19.65",0
"1801","2011-02-18","18.6","19.8",0
"1802","2011-02-21","18.6","19.8",0
"1803","2011-02-22","21.15","21.6",0
"1804","2011-02-23","22.25","22.55",0
"1805","2011-02-24","21.85","22.35",0
"1806","2011-02-25","20.15","21.15",0
"1807","2011-02-28","19.2","20.3",0
"1808","2011-03-01","21.2","21.7",0
"1809","2011-03-02","21.1","21.6",0
"1810","2011-03-03","19.7","20.7",0
"1811","2011-03-04","20.05","21.15",0
"1812","2011-03-07","21.05","21.8",0
"1813","2011-03-08","20.45","21.4",0
"1814","2011-03-09","21.05","21.8",0
"1815","2011-03-10","22.25","22.7",0
"1816","2011-03-11","21.3","22.05",0
"1817","2011-03-14","21.7","22.3",0
"1818","2011-03-15","24.6","23.45",0
"1819","2011-03-16","25.14","24.9",1
"1820","2011-03-17","24.15","24.4",0
"1821","2011-03-18","23.35","23.65",0
"1822","2011-03-21","21.6","22.3",0
"1823","2011-03-22","21.5","22.25",0
"1824","2011-03-23","20.5","21.6",0
"1825","2011-03-24","19.95","21.05",0
"1826","2011-03-25","19.75","21.05",0
"1827","2011-03-28","20.3","21.55",0
"1828","2011-03-29","19.6","20.95",0
"1829","2011-03-30","19.25","20.7",0
"1830","2011-03-31","19.3","20.8",0
"1831","2011-04-01","19.05","20.55",0
"1832","2011-04-04","18.7","20.25",0
"1833","2011-04-05","18.55","20.15",0
"1834","2011-04-06","18.35","20.15",0
"1835","2011-04-07","18.4","20.35",0
"1836","2011-04-08","18.65","20.65",0
"1837","2011-04-11","18.4","20.45",0
"1838","2011-04-12","18.7","20.7",0
"1839","2011-04-13","18.3","20.35",0
"1840","2011-04-14","17.9","20.15",0
"1841","2011-04-15","16.75","19.65",0
"1842","2011-04-18","17.3","20.2",0
"1843","2011-04-19","16","19.1",0
"1844","2011-04-20","14.86","18.15",1
"1845","2011-04-21","17.9","20",0
"1846","2011-04-22","17.9","20",0
"1847","2011-04-25","17.45","19.6",0
"1848","2011-04-26","17.3","19.2",0
"1849","2011-04-27","17","18.75",0
"1850","2011-04-28","16.75","18.4",0
"1851","2011-04-29","16.7","18.35",0
"1852","2011-05-02","17.25","18.8",0
"1853","2011-05-03","17.7","19.35",0
"1854","2011-05-04","17.95","19.55",0
"1855","2011-05-05","18.3","19.8",0
"1856","2011-05-06","18.15","19.55",0
"1857","2011-05-09","17.45","18.85",0
"1858","2011-05-10","16.65","18.2",0
"1859","2011-05-11","17.2","18.65",0
"1860","2011-05-12","16.65","18.35",0
"1861","2011-05-13","17.35","18.65",0
"1862","2011-05-16","18","19.05",0
"1863","2011-05-17","17.75","18.7",0
"1864","2011-05-18","18.02","18.05",1
"1865","2011-05-19","17.65","19.6",0
"1866","2011-05-20","18.05","20",0
"1867","2011-05-23","18.55","20.3",0
"1868","2011-05-24","18.3","20.15",0
"1869","2011-05-25","17.95","19.9",0
"1870","2011-05-26","17.45","19.35",0
"1871","2011-05-27","17.1","19.05",0
"1872","2011-05-30","17.1","19.05",0
"1873","2011-05-31","16.55","18.55",0
"1874","2011-06-01","17.95","19.55",0
"1875","2011-06-02","17.8","19.35",0
"1876","2011-06-03","17.95","19.45",0
"1877","2011-06-06","18.2","19.65",0
"1878","2011-06-07","18.1","19.35",0
"1879","2011-06-08","18.5","19.55",0
"1880","2011-06-09","17.75","19",0
"1881","2011-06-10","18.9","19.6",0
"1882","2011-06-13","19.55","20",0
"1883","2011-06-14","18.2","19.2",0
"1884","2011-06-15","19.73","20.95",1
"1885","2011-06-16","21.95","22.3",0
"1886","2011-06-17","21.45","22",0
"1887","2011-06-20","20.45","21.15",0
"1888","2011-06-21","19.95","20.8",0
"1889","2011-06-22","20.3","21.1",0
"1890","2011-06-23","19.85","20.8",0
"1891","2011-06-24","21.05","21.55",0
"1892","2011-06-27","20.6","21",0
"1893","2011-06-28","19.5","20.2",0
"1894","2011-06-29","18.5","19.35",0
"1895","2011-06-30","17.7","18.75",0
"1896","2011-07-01","16.95","17.95",0
"1897","2011-07-04","16.95","17.95",0
"1898","2011-07-05","16.95","18.1",0
"1899","2011-07-06","17.25","18.35",0
"1900","2011-07-07","16.75","17.85",0
"1901","2011-07-08","17.1","18.25",0
"1902","2011-07-11","18.85","19.6",0
"1903","2011-07-12","19.6","20",0
"1904","2011-07-13","19.9","20.05",0
"1905","2011-07-14","20.65","20.65",0
"1906","2011-07-15","20.15","20.2",0
"1907","2011-07-18","21.15","21",0
"1908","2011-07-19","19.25","19.75",0
"1909","2011-07-20","19.1","19.35",1
"1910","2011-07-21","18.35","20.05",0
"1911","2011-07-22","18.25","19.9",0
"1912","2011-07-25","19.35","20.3",0
"1913","2011-07-26","19.65","20.7",0
"1914","2011-07-27","21.3","21.75",0
"1915","2011-07-28","21.35","21.7",0
"1916","2011-07-29","21.1","21.1",0
"1917","2011-08-01","20.7","20.6",0
"1918","2011-08-02","22.3","22",0
"1919","2011-08-03","22","21.85",0
"1920","2011-08-04","27.45","25.9",0
"1921","2011-08-05","29.15","26.2",0
"1922","2011-08-08","36.55","30.2",0
"1923","2011-08-09","30.5","25.4",0
"1924","2011-08-10","36","28.75",0
"1925","2011-08-11","35.15","27.65",0
"1926","2011-08-12","35","27.85",0
"1927","2011-08-15","32.1","26.7",0
"1928","2011-08-16","33.65","26.9",0
"1929","2011-08-17","32.73","27.95",1
"1930","2011-08-18","33.4","30.2",0
"1931","2011-08-19","35.35","31.6",0
"1932","2011-08-22","36.45","32.65",0
"1933","2011-08-23","34.3","31.75",0
"1934","2011-08-24","33.55","31.45",0
"1935","2011-08-25","34.75","31.75",0
"1936","2011-08-26","34","31",0
"1937","2011-08-29","31.65","29.7",0
"1938","2011-08-30","32.5","30.55",0
"1939","2011-08-31","31.65","30.2",0
"1940","2011-09-01","32.15","30.7",0
"1941","2011-09-02","34.5","32.05",0
"1942","2011-09-05","34.5","32.05",0
"1943","2011-09-06","35.75","32.85",0
"1944","2011-09-07","33.55","31.4",0
"1945","2011-09-08","34.6","32.15",0
"1946","2011-09-09","38.55","34.55",0
"1947","2011-09-12","38.3","35.05",0
"1948","2011-09-13","37.85","35.15",0
"1949","2011-09-14","35.75","34.1",0
"1950","2011-09-15","33.2","32.55",0
"1951","2011-09-16","32.05","31.85",0
"1952","2011-09-19","33.7","33.1",0
"1953","2011-09-20","33.5","32.95",0
"1954","2011-09-21","33.72","35.75",1
"1955","2011-09-22","38.55","35.75",0
"1956","2011-09-23","39.1","35.9",0
"1957","2011-09-26","37.5","34.7",0
"1958","2011-09-27","36.75","34.3",0
"1959","2011-09-28","39.45","36.05",0
"1960","2011-09-29","38.6","35.3",0
"1961","2011-09-30","42.15","37.75",0
"1962","2011-10-03","45.05","40.55",0
"1963","2011-10-04","40.8","38.1",0
"1964","2011-10-05","38.45","36.3",0
"1965","2011-10-06","37.85","35.9",0
"1966","2011-10-07","37.95","35.95",0
"1967","2011-10-10","34.7","33.65",0
"1968","2011-10-11","34.5","33.5",0
"1969","2011-10-12","32.25","31.45",0
"1970","2011-10-13","32.1","31.2",0
"1971","2011-10-14","29.75","29.35",0
"1972","2011-10-17","34.2","32.95",0
"1973","2011-10-18","32.15","31",0
"1974","2011-10-19","33.15","33.85",1
"1975","2011-10-20","34.1","31.55",0
"1976","2011-10-21","31.6","30",0
"1977","2011-10-24","29.75","28.85",0
"1978","2011-10-25","32.4","30.25",0
"1979","2011-10-26","30.5","29.2",0
"1980","2011-10-27","26.2","25.8",0
"1981","2011-10-28","26.25","25.55",0
"1982","2011-10-31","29.95","28.2",0
"1983","2011-11-01","33.95","31.25",0
"1984","2011-11-02","32.7","30.4",0
"1985","2011-11-03","30.95","29.25",0
"1986","2011-11-04","31.4","29.85",0
"1987","2011-11-07","31.1","29.75",0
"1988","2011-11-08","28.9","28.35",0
