"","Vix","Price1","Price2","Switch"
"2004-03-26",17.33,NA,NA,FALSE
"2004-03-29",16.5,NA,NA,FALSE
"2004-03-30",16.28,NA,NA,FALSE
"2004-03-31",16.74,NA,NA,FALSE
"2004-04-01",16.65,NA,NA,FALSE
"2004-04-02",15.64,NA,NA,FALSE
"2004-04-05",14.97,NA,NA,FALSE
"2004-04-06",15.32,NA,NA,FALSE
"2004-04-07",15.76,NA,NA,FALSE
"2004-04-08",16.26,NA,NA,FALSE
"2004-04-09",16.26,NA,NA,FALSE
"2004-04-12",15.28,NA,NA,FALSE
"2004-04-13",17.26,NA,NA,FALSE
"2004-04-14",15.62,NA,NA,FALSE
"2004-04-15",15.74,NA,NA,FALSE
"2004-04-16",14.94,NA,NA,FALSE
"2004-04-19",15.42,NA,NA,FALSE
"2004-04-20",16.67,NA,NA,FALSE
"2004-04-21",15.6,NA,NA,FALSE
"2004-04-22",14.61,NA,NA,FALSE
"2004-04-23",14.01,NA,NA,FALSE
"2004-04-26",14.77,NA,NA,FALSE
"2004-04-27",15.07,NA,NA,FALSE
"2004-04-28",16.29,NA,NA,FALSE
"2004-04-29",16.6,NA,NA,FALSE
"2004-04-30",17.19,NA,NA,FALSE
"2004-05-03",16.62,NA,NA,FALSE
"2004-05-04",16.55,NA,NA,FALSE
"2004-05-05",15.77,NA,NA,FALSE
"2004-05-06",17.05,NA,NA,FALSE
"2004-05-07",18.13,NA,NA,FALSE
"2004-05-10",19.77,NA,NA,FALSE
"2004-05-11",18.57,NA,NA,FALSE
"2004-05-12",18.14,NA,NA,FALSE
"2004-05-13",18.86,NA,NA,FALSE
"2004-05-14",18.47,NA,NA,FALSE
"2004-05-17",19.96,NA,NA,FALSE
"2004-05-18",19.33,NA,NA,FALSE
"2004-05-19",18.93,NA,NA,FALSE
"2004-05-20",18.67,NA,NA,FALSE
"2004-05-21",18.49,NA,NA,FALSE
"2004-05-24",18.08,NA,NA,FALSE
"2004-05-25",15.96,NA,NA,FALSE
"2004-05-26",15.97,NA,NA,FALSE
"2004-05-27",15.28,NA,NA,FALSE
"2004-05-28",15.5,NA,NA,FALSE
"2004-05-31",15.5,NA,NA,FALSE
"2004-06-01",16.3,NA,NA,FALSE
"2004-06-02",16.08,NA,NA,FALSE
"2004-06-03",17.03,NA,NA,FALSE
"2004-06-04",16.78,NA,NA,FALSE
"2004-06-07",15.39,NA,NA,FALSE
"2004-06-08",15.01,NA,NA,FALSE
"2004-06-09",15.39,NA,NA,FALSE
"2004-06-10",15.04,NA,NA,FALSE
"2004-06-11",15.04,NA,NA,FALSE
"2004-06-14",16.07,NA,NA,FALSE
"2004-06-15",15.05,NA,NA,FALSE
"2004-06-16",14.79,NA,NA,FALSE
"2004-06-17",15.15,NA,NA,FALSE
"2004-06-18",14.99,NA,NA,FALSE
"2004-06-21",15.26,NA,NA,FALSE
"2004-06-22",14.31,NA,NA,FALSE
"2004-06-23",13.98,NA,NA,FALSE
"2004-06-24",14.81,NA,NA,FALSE
"2004-06-25",15.19,NA,NA,FALSE
"2004-06-28",16.07,NA,NA,FALSE
"2004-06-29",15.47,NA,NA,FALSE
"2004-06-30",14.34,NA,NA,FALSE
"2004-07-01",15.2,NA,NA,FALSE
"2004-07-02",15.08,NA,NA,FALSE
"2004-07-05",15.08,NA,NA,FALSE
"2004-07-06",16.25,NA,NA,FALSE
"2004-07-07",15.81,NA,NA,FALSE
"2004-07-08",16.2,NA,NA,FALSE
"2004-07-09",15.78,NA,NA,FALSE
"2004-07-12",14.96,NA,NA,FALSE
"2004-07-13",14.46,NA,NA,FALSE
"2004-07-14",13.76,NA,NA,FALSE
"2004-07-15",14.71,NA,NA,FALSE
"2004-07-16",14.34,NA,NA,FALSE
"2004-07-19",15.17,NA,NA,FALSE
"2004-07-20",14.17,NA,NA,FALSE
"2004-07-21",16.41,NA,NA,FALSE
"2004-07-22",15.75,NA,NA,FALSE
"2004-07-23",16.5,NA,NA,FALSE
"2004-07-26",17.3,NA,NA,FALSE
"2004-07-27",16.55,NA,NA,FALSE
"2004-07-28",16.15,NA,NA,FALSE
"2004-07-29",15.68,NA,NA,FALSE
"2004-07-30",15.32,NA,NA,FALSE
"2004-08-02",15.37,NA,NA,FALSE
"2004-08-03",16.03,NA,NA,FALSE
"2004-08-04",16.21,NA,NA,FALSE
"2004-08-05",18.32,NA,NA,FALSE
"2004-08-06",19.34,NA,NA,FALSE
"2004-08-09",18.89,NA,NA,FALSE
"2004-08-10",17.47,NA,NA,FALSE
"2004-08-11",18.04,NA,NA,FALSE
"2004-08-12",19.08,NA,NA,FALSE
"2004-08-13",17.98,NA,NA,FALSE
"2004-08-16",17.57,NA,NA,FALSE
"2004-08-17",17.02,NA,NA,FALSE
"2004-08-18",16.23,NA,NA,FALSE
"2004-08-19",16.96,NA,NA,FALSE
"2004-08-20",16,NA,NA,FALSE
"2004-08-23",15.88,NA,NA,FALSE
"2004-08-24",15.33,NA,NA,FALSE
"2004-08-25",14.98,NA,NA,FALSE
"2004-08-26",14.91,NA,NA,FALSE
"2004-08-27",14.71,NA,NA,FALSE
"2004-08-30",15.44,NA,NA,FALSE
"2004-08-31",15.29,NA,NA,FALSE
"2004-09-01",14.91,NA,NA,FALSE
"2004-09-02",14.28,NA,NA,FALSE
"2004-09-03",13.91,NA,NA,FALSE
"2004-09-06",13.91,NA,NA,FALSE
"2004-09-07",14.07,NA,NA,FALSE
"2004-09-08",14.06,NA,NA,FALSE
"2004-09-09",14.01,NA,NA,FALSE
"2004-09-10",13.76,NA,NA,FALSE
"2004-09-13",13.17,NA,NA,FALSE
"2004-09-14",13.56,NA,NA,FALSE
"2004-09-15",14.64,NA,NA,FALSE
"2004-09-16",14.39,NA,NA,FALSE
"2004-09-17",14.03,NA,NA,FALSE
"2004-09-20",14.43,NA,NA,FALSE
"2004-09-21",13.66,NA,NA,FALSE
"2004-09-22",14.74,NA,NA,FALSE
"2004-09-23",14.8,NA,NA,FALSE
"2004-09-24",14.28,NA,NA,FALSE
"2004-09-27",14.62,NA,NA,FALSE
"2004-09-28",13.83,NA,NA,FALSE
"2004-09-29",13.21,NA,NA,FALSE
"2004-09-30",13.34,NA,NA,FALSE
"2004-10-01",12.75,NA,NA,FALSE
"2004-10-04",13.41,NA,NA,FALSE
"2004-10-05",13.95,NA,NA,FALSE
"2004-10-06",13.28,NA,NA,FALSE
"2004-10-07",14.5,NA,NA,FALSE
"2004-10-08",15.05,NA,NA,FALSE
"2004-10-11",14.71,NA,NA,FALSE
"2004-10-12",15.05,NA,NA,FALSE
"2004-10-13",15.42,NA,NA,FALSE
"2004-10-14",16.43,NA,NA,FALSE
"2004-10-15",15.04,NA,NA,FALSE
"2004-10-18",14.71,NA,NA,FALSE
"2004-10-19",15.13,NA,NA,FALSE
"2004-10-20",14.85,NA,NA,FALSE
"2004-10-21",14.54,NA,NA,FALSE
"2004-10-22",15.28,NA,NA,FALSE
"2004-10-25",16.58,NA,NA,FALSE
"2004-10-26",16.39,NA,NA,FALSE
"2004-10-27",15.72,NA,NA,FALSE
"2004-10-28",15.39,NA,NA,FALSE
"2004-10-29",16.27,NA,NA,FALSE
"2004-11-01",16.27,NA,NA,FALSE
"2004-11-02",16.18,NA,NA,FALSE
"2004-11-03",14.04,NA,NA,FALSE
"2004-11-04",13.97,NA,NA,FALSE
"2004-11-05",13.84,NA,NA,FALSE
"2004-11-08",13.8,NA,NA,FALSE
"2004-11-09",13.61,NA,NA,FALSE
"2004-11-10",13.08,NA,NA,FALSE
"2004-11-11",13.04,NA,NA,FALSE
"2004-11-12",13.33,NA,NA,FALSE
"2004-11-15",13.38,NA,NA,FALSE
"2004-11-16",13.21,NA,NA,FALSE
"2004-11-17",13.21,NA,NA,FALSE
"2004-11-18",12.98,NA,NA,FALSE
"2004-11-19",13.5,NA,NA,FALSE
"2004-11-22",12.97,NA,NA,FALSE
"2004-11-23",12.67,NA,NA,FALSE
"2004-11-24",12.72,NA,NA,FALSE
"2004-11-25",12.72,NA,NA,FALSE
"2004-11-26",12.78,NA,NA,FALSE
"2004-11-29",13.3,NA,NA,FALSE
"2004-11-30",13.24,NA,NA,FALSE
"2004-12-01",12.97,NA,NA,FALSE
"2004-12-02",12.98,NA,NA,FALSE
"2004-12-03",12.96,NA,NA,FALSE
"2004-12-06",13.19,NA,NA,FALSE
"2004-12-07",13.67,NA,NA,FALSE
"2004-12-08",13.19,NA,NA,FALSE
"2004-12-09",12.88,NA,NA,FALSE
"2004-12-10",12.76,NA,NA,FALSE
"2004-12-13",12.54,NA,NA,FALSE
"2004-12-14",12.73,NA,NA,FALSE
"2004-12-15",12.35,NA,NA,FALSE
"2004-12-16",12.27,NA,NA,FALSE
"2004-12-17",11.95,NA,NA,FALSE
"2004-12-20",11.83,NA,NA,FALSE
"2004-12-21",11.55,NA,NA,FALSE
"2004-12-22",11.45,NA,NA,FALSE
"2004-12-23",11.23,NA,NA,FALSE
"2004-12-24",11.23,NA,NA,FALSE
"2004-12-27",12.14,NA,NA,FALSE
"2004-12-28",12,NA,NA,FALSE
"2004-12-29",11.62,NA,NA,FALSE
"2004-12-30",12.56,NA,NA,FALSE
"2004-12-31",13.29,NA,NA,FALSE
"2005-01-03",14.08,NA,NA,FALSE
"2005-01-04",13.98,NA,NA,FALSE
"2005-01-05",14.09,NA,NA,FALSE
"2005-01-06",13.58,NA,NA,FALSE
"2005-01-07",13.49,NA,NA,FALSE
"2005-01-10",13.23,NA,NA,FALSE
"2005-01-11",13.19,NA,NA,FALSE
"2005-01-12",12.56,NA,NA,FALSE
"2005-01-13",12.84,NA,NA,FALSE
"2005-01-14",12.43,NA,NA,FALSE
"2005-01-17",12.43,NA,NA,FALSE
"2005-01-18",12.47,NA,NA,FALSE
"2005-01-19",13.18,NA,NA,FALSE
"2005-01-20",13.83,NA,NA,FALSE
"2005-01-21",14.36,NA,NA,FALSE
"2005-01-24",14.65,NA,NA,FALSE
"2005-01-25",14.06,NA,NA,FALSE
"2005-01-26",13.44,NA,NA,FALSE
"2005-01-27",13.24,NA,NA,FALSE
"2005-01-28",13.24,NA,NA,FALSE
"2005-01-31",12.82,NA,NA,FALSE
"2005-02-01",12.03,NA,NA,FALSE
"2005-02-02",11.66,NA,NA,FALSE
"2005-02-03",11.79,NA,NA,FALSE
"2005-02-04",11.21,NA,NA,FALSE
"2005-02-07",11.73,NA,NA,FALSE
"2005-02-08",11.6,NA,NA,FALSE
"2005-02-09",12,NA,NA,FALSE
"2005-02-10",11.51,NA,NA,FALSE
"2005-02-11",11.43,NA,NA,FALSE
"2005-02-14",11.52,NA,NA,FALSE
"2005-02-15",11.27,NA,NA,FALSE
"2005-02-16",11.1,NA,NA,FALSE
"2005-02-17",11.77,NA,NA,FALSE
"2005-02-18",11.18,NA,NA,FALSE
"2005-02-21",11.18,NA,NA,FALSE
"2005-02-22",13.14,NA,14.7,FALSE
"2005-02-23",12.39,NA,14.68,FALSE
"2005-02-24",11.57,NA,14.74,FALSE
"2005-02-25",11.49,NA,14.58,FALSE
"2005-02-28",12.08,NA,14.67,FALSE
"2005-03-01",12.04,NA,14.64,FALSE
"2005-03-02",12.5,NA,14.77,FALSE
"2005-03-03",12.93,NA,14.94,FALSE
"2005-03-04",11.94,NA,14.73,FALSE
"2005-03-07",12.26,NA,14.76,FALSE
"2005-03-08",12.4,NA,14.82,FALSE
"2005-03-09",12.7,NA,14.91,FALSE
"2005-03-10",12.49,NA,14.91,FALSE
"2005-03-11",12.8,NA,14.97,FALSE
"2005-03-14",12.39,NA,14.95,FALSE
"2005-03-15",13.15,NA,15.12,FALSE
"2005-03-16",13.49,NA,15.21,FALSE
"2005-03-17",13.29,NA,15.29,FALSE
"2005-03-18",13.14,NA,15.37,FALSE
"2005-03-21",13.61,NA,15.59,FALSE
"2005-03-22",14.27,NA,15.88,FALSE
"2005-03-23",14.06,NA,16.07,FALSE
"2005-03-24",13.42,NA,15.89,FALSE
"2005-03-25",13.42,NA,15.89,FALSE
"2005-03-28",13.75,NA,15.93,FALSE
"2005-03-29",14.49,NA,15.95,FALSE
"2005-03-30",13.64,NA,15.83,FALSE
"2005-03-31",14.02,NA,15.79,FALSE
"2005-04-01",14.09,NA,16.12,FALSE
"2005-04-04",14.11,NA,16.05,FALSE
"2005-04-05",13.68,NA,15.98,FALSE
"2005-04-06",13.15,NA,15.81,FALSE
"2005-04-07",12.33,NA,15.47,FALSE
"2005-04-08",12.62,NA,15.59,FALSE
"2005-04-11",11.98,NA,15.73,FALSE
"2005-04-12",11.3,NA,15.61,FALSE
"2005-04-13",13.31,NA,15.85,FALSE
"2005-04-14",14.53,NA,16.33,FALSE
"2005-04-15",17.74,NA,17.01,FALSE
"2005-04-18",16.56,NA,16.91,FALSE
"2005-04-19",14.96,NA,16.68,FALSE
"2005-04-20",16.92,NA,16.92,FALSE
"2005-04-21",14.41,NA,15.98,FALSE
"2005-04-22",15.38,NA,16.21,FALSE
"2005-04-25",14.62,NA,16.04,FALSE
"2005-04-26",14.91,NA,16.19,FALSE
"2005-04-27",14.87,NA,16.16,FALSE
"2005-04-28",16.86,NA,16.53,FALSE
"2005-04-29",15.31,NA,16.56,FALSE
"2005-05-02",15.12,NA,16.3,FALSE
"2005-05-03",14.53,NA,16.11,FALSE
"2005-05-04",13.85,NA,15.82,FALSE
"2005-05-05",13.98,NA,15.57,FALSE
"2005-05-06",14.05,NA,15.67,FALSE
"2005-05-09",13.75,NA,15.61,FALSE
"2005-05-10",14.91,NA,15.86,FALSE
"2005-05-11",14.45,NA,15.97,FALSE
"2005-05-12",16.12,NA,16.42,FALSE
"2005-05-13",16.32,NA,16.74,FALSE
"2005-05-16",15.68,NA,16.49,FALSE
"2005-05-17",14.57,NA,16.14,FALSE
"2005-05-18",13.63,NA,15.78,FALSE
"2005-05-19",13.32,NA,15.65,FALSE
"2005-05-20",13.14,NA,15.65,FALSE
"2005-05-23",12.95,NA,15.34,FALSE
"2005-05-24",12.69,NA,15.33,FALSE
"2005-05-25",12.58,NA,15.31,FALSE
"2005-05-26",12.24,NA,15.15,FALSE
"2005-05-27",12.15,NA,15.22,FALSE
"2005-05-30",12.15,NA,15.22,FALSE
"2005-05-31",13.29,NA,15.3,FALSE
"2005-06-01",12.36,NA,15.22,FALSE
"2005-06-02",11.84,NA,15.22,FALSE
"2005-06-03",12.15,NA,15.34,FALSE
"2005-06-06",12.28,NA,15.24,FALSE
"2005-06-07",12.39,NA,15.17,FALSE
"2005-06-08",12.7,NA,15.42,FALSE
"2005-06-09",12.08,NA,15.29,FALSE
"2005-06-10",11.96,NA,15.26,FALSE
"2005-06-13",11.65,NA,15.24,FALSE
"2005-06-14",11.79,NA,15.19,FALSE
"2005-06-15",11.46,NA,15.17,FALSE
"2005-06-16",11.15,NA,15.08,FALSE
"2005-06-17",11.48,NA,15.1,FALSE
"2005-06-20",11.47,14.83,15.11,FALSE
"2005-06-21",11.08,14.91,15.14,FALSE
"2005-06-22",11.05,14.86,15.17,FALSE
"2005-06-23",12.13,15.12,15.32,FALSE
"2005-06-24",12.18,15.27,15.37,FALSE
"2005-06-27",12.52,15.23,15.37,FALSE
"2005-06-28",11.58,15.02,15.09,FALSE
"2005-06-29",11.77,15.13,15.41,FALSE
"2005-06-30",12.04,15.1,15.39,FALSE
"2005-07-01",11.4,15.07,15.38,FALSE
"2005-07-04",11.4,15.07,15.38,FALSE
"2005-07-05",11.68,14.92,15.18,FALSE
"2005-07-06",12.27,15,15.28,FALSE
"2005-07-07",12.49,15.11,15.37,FALSE
"2005-07-08",11.45,14.87,15.18,FALSE
"2005-07-11",11.28,14.9,15.05,FALSE
"2005-07-12",10.95,14.93,15.03,FALSE
"2005-07-13",10.84,14.9,15.04,FALSE
"2005-07-14",10.81,14.8,14.95,FALSE
"2005-07-15",10.33,14.62,14.9,FALSE
"2005-07-18",10.77,14.53,14.92,FALSE
"2005-07-19",10.45,14.49,14.64,FALSE
"2005-07-20",10.23,14.4,14.6,FALSE
"2005-07-21",10.97,14.33,14.62,FALSE
"2005-07-22",10.52,14.21,14.4,FALSE
"2005-07-25",11.1,14.15,14.59,FALSE
"2005-07-26",10.99,14.12,14.55,FALSE
"2005-07-27",10.36,14.01,14.55,FALSE
"2005-07-28",10.52,13.92,14.51,FALSE
"2005-07-29",11.57,14.01,14.54,FALSE
"2005-08-01",12.08,14.18,14.67,FALSE
"2005-08-02",11.75,14.08,14.59,FALSE
"2005-08-03",11.83,14.11,14.66,FALSE
"2005-08-04",12.52,14.19,14.78,FALSE
"2005-08-05",12.48,14.29,14.99,FALSE
"2005-08-08",13.21,14.43,15.13,FALSE
"2005-08-09",12.4,14.05,14.86,FALSE
"2005-08-10",12.38,14.19,14.88,FALSE
"2005-08-11",12.42,14.03,14.94,FALSE
"2005-08-12",12.74,14.41,15.07,FALSE
"2005-08-15",12.26,14.31,14.97,FALSE
"2005-08-16",13.52,14.61,15.22,FALSE
"2005-08-17",13.3,14.49,14.89,FALSE
"2005-08-18",13.42,14.38,14.9,FALSE
"2005-08-19",13.42,14.27,14.79,FALSE
"2005-08-22",13.42,14.24,14.73,FALSE
"2005-08-23",13.34,14.25,14.8,FALSE
"2005-08-24",14.17,14.26,14.96,FALSE
"2005-08-25",13.73,14.28,15,FALSE
"2005-08-26",13.72,14.36,15.1,FALSE
"2005-08-29",13.52,14.2,15.07,FALSE
"2005-08-30",13.65,14.3,15.17,FALSE
"2005-08-31",12.6,14.11,15.08,FALSE
"2005-09-01",13.15,14.18,15.05,FALSE
"2005-09-02",13.57,14.23,15.3,FALSE
"2005-09-05",13.57,14.23,15.3,FALSE
"2005-09-06",12.93,14.09,15.02,FALSE
"2005-09-07",12.52,13.92,14.89,FALSE
"2005-09-08",12.93,13.94,14.83,FALSE
"2005-09-09",11.98,13.71,14.75,FALSE
"2005-09-12",11.65,13.65,14.7,FALSE
"2005-09-13",12.39,13.78,14.71,FALSE
"2005-09-14",12.91,13.77,14.8,FALSE
"2005-09-15",12.49,13.71,14.77,FALSE
"2005-09-16",11.22,13.51,14.65,FALSE
"2005-09-19",12.14,13.59,14.71,FALSE
"2005-09-20",12.64,13.66,14.71,FALSE
"2005-09-21",13.79,13.98,15.04,FALSE
"2005-09-22",13.33,14.18,15.01,FALSE
"2005-09-23",12.96,13.95,14.91,FALSE
"2005-09-26",13.04,13.75,14.84,FALSE
"2005-09-27",12.76,13.63,14.74,FALSE
"2005-09-28",12.63,13.43,14.51,FALSE
"2005-09-29",12.24,13.15,14.23,FALSE
"2005-09-30",11.92,12.94,14.04,FALSE
"2005-10-03",12.46,12.86,14.02,FALSE
"2005-10-04",13.2,13.18,14.03,FALSE
"2005-10-05",14.55,13.8,14.33,FALSE
"2005-10-06",14.96,14.1,14.84,FALSE
"2005-10-07",14.59,14.05,14.83,FALSE
"2005-10-10",15.55,14.56,15.18,FALSE
"2005-10-11",15.63,14.63,15.09,FALSE
"2005-10-12",16.22,14.77,15.28,FALSE
"2005-10-13",16.47,15.36,15.28,FALSE
"2005-10-14",14.87,14.77,14.76,FALSE
"2005-10-17",14.67,14.3,14.78,FALSE
"2005-10-18",15.33,14.57,14.83,TRUE
"2005-10-19",13.5,14.66,NA,FALSE
"2005-10-20",16.11,15.17,NA,FALSE
"2005-10-21",16.13,15.11,NA,FALSE
"2005-10-24",14.74,14.66,15.14,FALSE
"2005-10-25",14.53,14.54,14.92,FALSE
"2005-10-26",14.59,14.37,14.7,FALSE
"2005-10-27",16.02,14.95,14.94,FALSE
"2005-10-28",14.25,14.51,14.85,FALSE
"2005-10-31",15.32,14.47,14.53,FALSE
"2005-11-01",14.85,14.32,14.58,FALSE
"2005-11-02",13.48,13.89,14.18,FALSE
"2005-11-03",13,13.29,13.65,FALSE
"2005-11-04",13.17,13.21,13.56,FALSE
"2005-11-07",13.1,13.12,13.5,FALSE
"2005-11-08",13.08,13.18,13.56,FALSE
"2005-11-09",12.8,12.9,13.35,FALSE
"2005-11-10",11.9,12.39,13.1,FALSE
"2005-11-11",11.63,11.89,12.7,FALSE
"2005-11-14",12.18,11.94,12.87,FALSE
"2005-11-15",12.23,11.87,12.8,TRUE
"2005-11-16",12.26,12.76,NA,FALSE
"2005-11-17",11.25,12.42,NA,FALSE
"2005-11-18",11.12,12.05,NA,FALSE
"2005-11-21",10.82,12.08,13.45,FALSE
"2005-11-22",10.6,12.01,13.19,FALSE
"2005-11-23",10.96,11.94,13.13,FALSE
"2005-11-24",10.96,11.94,13.13,FALSE
"2005-11-25",10.88,11.96,13.11,FALSE
"2005-11-28",11.84,12.06,13.31,FALSE
"2005-11-29",11.89,12.11,13.21,FALSE
"2005-11-30",12.06,12.19,13.22,FALSE
"2005-12-01",11.24,12.03,13.11,FALSE
"2005-12-02",11.01,11.77,13.04,FALSE
"2005-12-05",11.6,11.83,13.02,FALSE
"2005-12-06",11.52,11.81,13.02,FALSE
"2005-12-07",12.18,12.15,12.94,FALSE
"2005-12-08",12.21,12.15,12.92,FALSE
"2005-12-09",11.69,12.01,12.86,FALSE
"2005-12-12",11.47,11.96,12.9,FALSE
"2005-12-13",11.11,11.68,12.92,FALSE
"2005-12-14",10.48,11.33,12.81,FALSE
"2005-12-15",10.73,11.16,12.78,FALSE
"2005-12-16",10.68,11.02,12.93,FALSE
"2005-12-19",11.38,11.11,12.88,FALSE
"2005-12-20",11.19,11.15,12.76,TRUE
"2005-12-21",10.81,12.59,14.33,FALSE
"2005-12-22",10.29,12.48,14.18,FALSE
"2005-12-23",10.27,12.21,14.11,FALSE
"2005-12-26",10.27,12.21,14.11,FALSE
"2005-12-27",11.57,12.45,14.2,FALSE
"2005-12-28",11.35,12.32,14.11,FALSE
"2005-12-29",11.61,12.32,14.1,FALSE
"2005-12-30",12.07,12.45,14.09,FALSE
"2006-01-02",12.07,12.45,14.09,FALSE
"2006-01-03",11.14,12.02,13.88,FALSE
"2006-01-04",11.37,11.84,13.84,FALSE
"2006-01-05",11.31,11.83,13.73,FALSE
"2006-01-06",11,11.56,13.53,FALSE
"2006-01-09",11.13,11.33,13.29,FALSE
"2006-01-10",10.86,11.22,13.04,FALSE
"2006-01-11",10.94,11.19,12.84,FALSE
"2006-01-12",11.2,11.3,12.99,FALSE
"2006-01-13",11.23,11.32,12.95,FALSE
"2006-01-16",11.23,11.32,12.95,FALSE
"2006-01-17",11.91,11.71,13.09,TRUE
"2006-01-18",12.25,13.27,NA,FALSE
"2006-01-19",11.98,13.11,NA,FALSE
"2006-01-20",14.56,13.53,NA,FALSE
"2006-01-23",13.93,13.74,14.28,FALSE
"2006-01-24",13.31,13.56,14.02,FALSE
"2006-01-25",12.87,13.32,13.82,FALSE
"2006-01-26",12.42,12.92,13.68,FALSE
"2006-01-27",11.97,12.72,13.35,FALSE
"2006-01-30",12.39,12.53,13.21,FALSE
"2006-01-31",12.95,12.7,13.19,FALSE
"2006-02-01",12.36,12.66,13.14,FALSE
"2006-02-02",13.23,12.86,13.23,FALSE
"2006-02-03",12.96,12.87,13.17,FALSE
"2006-02-06",13.04,12.8,13.23,FALSE
"2006-02-07",13.59,13.02,13.29,FALSE
"2006-02-08",12.83,12.47,13.05,FALSE
"2006-02-09",13.12,12.41,12.89,FALSE
"2006-02-10",12.87,12.37,12.85,FALSE
"2006-02-13",13.35,12.65,13.07,FALSE
"2006-02-14",12.25,11.95,12.93,TRUE
"2006-02-15",12.31,12.99,NA,FALSE
"2006-02-16",11.48,12.74,NA,FALSE
"2006-02-17",12.01,12.6,NA,FALSE
"2006-02-20",12.01,12.6,NA,FALSE
"2006-02-21",12.41,12.44,13.67,FALSE
"2006-02-22",11.88,12.19,12.99,FALSE
"2006-02-23",11.87,12.2,12.94,FALSE
"2006-02-24",11.46,12.1,12.76,FALSE
"2006-02-27",11.59,11.96,12.71,FALSE
"2006-02-28",12.34,12.19,12.8,FALSE
"2006-03-01",11.54,12.05,12.75,FALSE
"2006-03-02",11.72,12.07,12.78,FALSE
"2006-03-03",11.96,12.11,12.76,FALSE
"2006-03-06",12.74,12.34,12.85,FALSE
"2006-03-07",12.66,12.44,12.94,FALSE
"2006-03-08",12.32,12.25,12.85,FALSE
"2006-03-09",12.68,12.38,12.9,FALSE
"2006-03-10",11.85,12.21,12.81,FALSE
"2006-03-13",11.37,11.88,12.77,FALSE
"2006-03-14",10.74,11.51,12.66,FALSE
"2006-03-15",11.35,11.48,12.66,FALSE
"2006-03-16",11.98,11.45,12.45,FALSE
"2006-03-17",12.12,11.66,12.47,FALSE
"2006-03-20",11.79,11.5,12.56,FALSE
"2006-03-21",11.62,11.53,12.62,TRUE
"2006-03-22",11.21,12.43,13.05,FALSE
"2006-03-23",11.17,12.45,13.03,FALSE
"2006-03-24",11.19,12.36,13.02,FALSE
"2006-03-27",11.46,12.38,12.98,FALSE
"2006-03-28",11.58,12.35,13,FALSE
"2006-03-29",10.95,12.06,12.83,FALSE
"2006-03-30",11.57,12,12.75,FALSE
"2006-03-31",11.39,12.12,12.81,FALSE
"2006-04-03",11.57,12.09,12.76,FALSE
"2006-04-04",11.14,12,12.72,FALSE
"2006-04-05",11.13,11.9,12.56,FALSE
"2006-04-06",11.45,11.92,12.38,FALSE
"2006-04-07",12.26,12.07,12.64,FALSE
"2006-04-10",12.19,12.3,12.72,FALSE
"2006-04-11",13,12.61,12.87,FALSE
"2006-04-12",12.76,12.63,12.98,FALSE
"2006-04-13",12.38,12.57,12.95,FALSE
"2006-04-14",12.38,12.57,12.95,FALSE
"2006-04-17",12.58,12.61,12.99,FALSE
"2006-04-18",11.4,11.48,12.62,TRUE
"2006-04-19",11.32,12.61,NA,FALSE
"2006-04-20",11.64,12.44,NA,FALSE
"2006-04-21",11.59,12.64,NA,FALSE
"2006-04-24",11.75,12.59,12.91,FALSE
"2006-04-25",11.75,12.59,12.79,FALSE
"2006-04-26",11.76,12.42,12.66,FALSE
"2006-04-27",11.84,12.35,12.56,FALSE
"2006-04-28",11.59,12.23,12.55,FALSE
"2006-05-01",12.54,12.53,12.65,FALSE
"2006-05-02",11.99,12.31,12.52,FALSE
"2006-05-03",11.99,12.41,12.67,FALSE
"2006-05-04",11.86,12.26,12.7,FALSE
"2006-05-05",11.62,12.1,12.55,FALSE
"2006-05-08",12,12.08,12.6,FALSE
"2006-05-09",11.99,11.96,12.53,FALSE
"2006-05-10",11.78,11.98,12.46,FALSE
"2006-05-11",12.49,12.36,12.78,FALSE
"2006-05-12",14.19,13.12,13.35,FALSE
"2006-05-15",13.57,13.17,13.27,FALSE
"2006-05-16",13.35,12.98,13.11,TRUE
"2006-05-17",16.26,14.42,NA,FALSE
"2006-05-18",16.99,14.63,NA,FALSE
"2006-05-19",17.18,14.86,NA,FALSE
"2006-05-22",17.72,15.84,15.12,FALSE
"2006-05-23",18.26,15.71,14.91,FALSE
"2006-05-24",17.36,16.19,15.24,FALSE
"2006-05-25",15.5,15.4,15.05,FALSE
"2006-05-26",14.26,14.9,14.82,FALSE
"2006-05-29",14.26,14.9,14.82,FALSE
"2006-05-30",18.66,16.34,16.04,FALSE
"2006-05-31",16.44,15.9,15.88,FALSE
"2006-06-01",14.52,15.13,15.35,FALSE
"2006-06-02",14.32,14.73,14.98,FALSE
"2006-06-05",16.65,15.87,15.59,FALSE
"2006-06-06",17.34,16.32,15.88,FALSE
"2006-06-07",17.8,16.67,16.35,FALSE
"2006-06-08",18.35,17.13,16.91,FALSE
"2006-06-09",18.12,17.43,17.02,FALSE
"2006-06-12",20.96,18.21,17.57,FALSE
"2006-06-13",23.81,20.78,18.69,FALSE
"2006-06-14",21.46,21.62,18.94,FALSE
"2006-06-15",15.9,16.1,16.24,FALSE
"2006-06-16",17.25,16.65,16.73,FALSE
"2006-06-19",17.83,16.99,16.88,FALSE
"2006-06-20",16.69,16.94,16.62,TRUE
"2006-06-21",15.52,15.67,15.99,FALSE
"2006-06-22",15.88,15.76,15.98,FALSE
"2006-06-23",15.89,15.69,15.75,FALSE
"2006-06-26",15.62,15.56,15.59,FALSE
"2006-06-27",16.4,15.93,16.04,FALSE
"2006-06-28",15.79,15.96,15.99,FALSE
"2006-06-29",13.03,14.34,15.21,FALSE
"2006-06-30",13.08,14.02,14.87,FALSE
"2006-07-03",13.05,13.72,14.63,FALSE
"2006-07-04",13.05,13.72,14.63,FALSE
"2006-07-05",14.15,14.4,15.02,FALSE
"2006-07-06",13.65,14.16,15.24,FALSE
"2006-07-07",13.97,14.36,15.39,FALSE
"2006-07-10",14.02,14.32,15.43,FALSE
"2006-07-11",13.14,13.9,15.22,FALSE
"2006-07-12",14.49,14.44,15.58,FALSE
"2006-07-13",17.79,16.36,16.69,FALSE
"2006-07-14",18.05,17.27,17.13,FALSE
"2006-07-17",18.64,17.35,16.96,FALSE
"2006-07-18",17.74,17.86,16.7,TRUE
"2006-07-19",15.55,15.81,NA,FALSE
"2006-07-20",16.21,16.33,NA,FALSE
"2006-07-21",17.4,16.71,NA,FALSE
"2006-07-24",14.98,15.41,15.8,FALSE
"2006-07-25",14.85,14.99,15.34,FALSE
"2006-07-26",14.62,14.87,15.28,FALSE
"2006-07-27",14.94,15.13,15.52,FALSE
"2006-07-28",14.33,14.61,15.16,FALSE
"2006-07-31",14.95,14.71,15.36,FALSE
"2006-08-01",15.05,15.06,15.74,FALSE
"2006-08-02",14.34,14.73,15.46,FALSE
"2006-08-03",14.46,14.6,15.31,FALSE
"2006-08-04",14.34,14.84,15.52,FALSE
"2006-08-07",15.23,15.03,15.61,FALSE
"2006-08-08",15.23,14.98,15.56,FALSE
"2006-08-09",15.2,14.96,15.35,FALSE
"2006-08-10",14.46,14.77,15.52,FALSE
"2006-08-11",14.3,14.73,15.61,FALSE
"2006-08-14",14.26,13.95,15.04,FALSE
"2006-08-15",13.42,13.23,14.93,TRUE
"2006-08-16",12.41,14.19,NA,FALSE
"2006-08-17",12.24,14.08,NA,FALSE
"2006-08-18",11.64,13.85,NA,FALSE
"2006-08-21",12.22,13.69,15.46,FALSE
"2006-08-22",12.19,13.6,15.17,FALSE
"2006-08-23",12.4,13.93,15.18,FALSE
"2006-08-24",12.4,13.86,14.83,FALSE
"2006-08-25",12.31,13.54,14.61,FALSE
"2006-08-28",12.18,13.31,14.47,FALSE
"2006-08-29",12.28,13.56,14.49,FALSE
"2006-08-30",12.22,13.46,14.41,FALSE
"2006-08-31",12.31,13.23,14.22,FALSE
"2006-09-01",11.96,12.95,13.94,FALSE
"2006-09-04",11.96,12.95,13.94,FALSE
"2006-09-05",12.63,12.99,14.06,FALSE
"2006-09-06",13.74,13.69,14.53,FALSE
"2006-09-07",13.88,13.83,14.7,FALSE
"2006-09-08",13.16,13.68,14.63,FALSE
"2006-09-11",12.99,13.6,14.74,FALSE
"2006-09-12",11.92,12.57,14.07,FALSE
"2006-09-13",11.18,12.22,13.86,FALSE
"2006-09-14",11.55,12.3,14.08,FALSE
"2006-09-15",11.76,12.09,14.05,FALSE
"2006-09-18",11.78,11.88,13.92,FALSE
"2006-09-19",11.98,11.82,13.86,TRUE
"2006-09-20",11.39,13.59,14.66,FALSE
"2006-09-21",12.25,13.96,14.99,FALSE
"2006-09-22",12.59,13.99,15.15,FALSE
"2006-09-25",12.12,13.5,14.81,FALSE
"2006-09-26",11.53,13.22,14.49,FALSE
"2006-09-27",11.58,13.21,14.69,FALSE
"2006-09-28",11.72,13.18,14.63,FALSE
"2006-09-29",11.98,13.1,14.63,FALSE
"2006-10-02",12.57,13.37,14.83,FALSE
"2006-10-03",12.24,13.49,14.7,FALSE
"2006-10-04",11.86,12.72,14.05,FALSE
"2006-10-05",11.98,12.58,13.95,FALSE
"2006-10-06",11.56,12.48,13.98,FALSE
"2006-10-09",11.68,12.23,13.73,FALSE
"2006-10-10",11.52,11.72,13.44,FALSE
"2006-10-11",11.62,11.62,13.24,FALSE
"2006-10-12",11.09,11.36,12.95,FALSE
"2006-10-13",10.75,11.18,12.78,FALSE
"2006-10-16",11.09,10.62,12.51,FALSE
"2006-10-17",11.73,11.23,12.65,TRUE
"2006-10-18",11.34,12.59,13.59,FALSE
"2006-10-19",10.9,12.52,13.48,FALSE
"2006-10-20",10.63,12.28,13.29,FALSE
"2006-10-23",11.08,11.95,13.16,FALSE
"2006-10-24",10.78,11.78,12.83,FALSE
"2006-10-25",10.66,11.49,12.52,FALSE
"2006-10-26",10.56,11.25,12.21,FALSE
"2006-10-27",10.8,11.31,12.26,FALSE
"2006-10-30",11.2,11.35,12.3,FALSE
"2006-10-31",11.1,11.31,12.16,FALSE
"2006-11-01",11.51,11.55,12.43,FALSE
"2006-11-02",11.42,11.65,12.49,FALSE
"2006-11-03",11.16,11.5,12.45,FALSE
"2006-11-06",11.16,11.12,12.02,FALSE
"2006-11-07",11.09,11.18,12.05,FALSE
"2006-11-08",10.75,10.92,11.85,FALSE
"2006-11-09",11.01,10.99,11.87,FALSE
"2006-11-10",10.79,10.99,11.98,FALSE
"2006-11-13",10.86,10.59,11.97,FALSE
"2006-11-14",10.5,10.25,11.72,TRUE
"2006-11-15",10.31,11.62,12.35,FALSE
"2006-11-16",10.16,11.58,12.29,FALSE
"2006-11-17",10.05,11.67,12.32,FALSE
"2006-11-20",9.97,11.43,12.36,FALSE
"2006-11-21",9.9,11.5,12.48,FALSE
"2006-11-22",10.14,11.61,12.59,FALSE
"2006-11-23",10.14,11.61,12.59,FALSE
"2006-11-24",10.73,11.71,12.84,FALSE
"2006-11-27",12.3,12.46,13.39,FALSE
"2006-11-28",11.62,12,12.96,FALSE
"2006-11-29",10.83,11.46,12.58,FALSE
"2006-11-30",10.91,11.37,12.52,FALSE
"2006-12-01",11.66,11.65,12.74,FALSE
"2006-12-04",11.23,11.49,12.5,FALSE
"2006-12-05",11.27,11.52,12.55,FALSE
"2006-12-06",11.33,11.55,12.69,FALSE
"2006-12-07",12.67,12,12.77,FALSE
"2006-12-08",12.07,11.98,12.81,FALSE
"2006-12-11",10.71,11.43,12.6,FALSE
"2006-12-12",10.65,11.18,12.51,FALSE
"2006-12-13",10.18,10.54,12.43,FALSE
"2006-12-14",9.97,10.37,12.53,FALSE
"2006-12-15",10.05,10.44,12.71,FALSE
"2006-12-18",10.6,10.56,12.74,FALSE
"2006-12-19",10.3,10.57,12.39,TRUE
"2006-12-20",10.26,12.35,13.39,FALSE
"2006-12-21",10.53,12.44,13.5,FALSE
"2006-12-22",11.36,12.62,13.68,FALSE
"2006-12-25",11.36,12.62,13.68,FALSE
"2006-12-26",11.26,12.27,13.4,FALSE
"2006-12-27",10.64,11.95,13.08,FALSE
"2006-12-28",10.99,12.09,13.12,FALSE
"2006-12-29",11.56,12.3,13.11,FALSE
"2007-01-01",11.56,12.3,13.11,FALSE
"2007-01-02",11.56,12.3,13.11,FALSE
"2007-01-03",12.04,12.3,13.11,FALSE
"2007-01-04",11.51,12.11,13.16,FALSE
"2007-01-05",12.14,12.38,13.48,FALSE
"2007-01-08",12,12.25,13.33,FALSE
"2007-01-09",11.91,12.34,13.21,FALSE
"2007-01-10",11.47,11.9,13.16,FALSE
"2007-01-11",10.87,10.98,12.28,FALSE
"2007-01-12",10.15,10.66,12.08,FALSE
"2007-01-15",10.15,10.66,12.08,FALSE
"2007-01-16",10.74,10.59,11.9,TRUE
"2007-01-17",10.59,11.91,12.9,FALSE
"2007-01-18",10.85,12.06,12.9,FALSE
"2007-01-19",10.4,11.69,12.78,FALSE
"2007-01-22",10.77,11.85,12.88,FALSE
"2007-01-23",10.34,11.47,12.58,FALSE
"2007-01-24",9.89,11.32,12.51,FALSE
"2007-01-25",11.22,11.83,12.78,FALSE
"2007-01-26",11.13,11.88,12.78,FALSE
"2007-01-29",11.45,11.81,12.81,FALSE
"2007-01-30",10.96,11.6,12.64,FALSE
"2007-01-31",10.42,11.51,12.35,FALSE
"2007-02-01",10.31,11.28,12.27,FALSE
"2007-02-02",10.08,11.2,12.24,FALSE
"2007-02-05",10.55,11.16,12.28,FALSE
"2007-02-06",10.65,11.16,12.03,FALSE
"2007-02-07",10.32,10.95,11.89,FALSE
"2007-02-08",10.44,11.01,11.97,FALSE
"2007-02-09",11.1,11.23,12.2,FALSE
"2007-02-12",11.61,11.36,12.42,FALSE
"2007-02-13",10.34,10.43,11.99,TRUE
"2007-02-14",10.23,11.63,12.8,FALSE
"2007-02-15",10.22,11.55,12.61,FALSE
"2007-02-16",10.02,11.56,12.58,FALSE
"2007-02-19",10.02,11.56,12.58,FALSE
"2007-02-20",10.24,11.37,12.31,FALSE
"2007-02-21",10.2,11.24,12.26,FALSE
"2007-02-22",10.18,11.15,12.21,FALSE
"2007-02-23",10.58,11.59,12.59,FALSE
"2007-02-26",11.15,11.44,12.54,FALSE
"2007-02-27",18.31,14.81,14.49,FALSE
"2007-02-28",15.42,13.5,13.55,FALSE
"2007-03-01",15.82,14.16,14.04,FALSE
"2007-03-02",18.61,15.19,14.59,FALSE
"2007-03-05",19.63,16.15,15.01,FALSE
"2007-03-06",15.96,15.03,14.12,FALSE
"2007-03-07",15.24,14.37,14.17,FALSE
"2007-03-08",14.29,13.75,13.71,FALSE
"2007-03-09",14.09,13.6,13.76,FALSE
"2007-03-12",13.99,13.14,13.62,FALSE
"2007-03-13",18.13,15.34,14.59,FALSE
"2007-03-14",17.27,15.81,15.15,FALSE
"2007-03-15",16.43,15.4,15.33,FALSE
"2007-03-16",16.79,15.99,15.79,FALSE
"2007-03-19",14.59,14.32,14.89,FALSE
"2007-03-20",13.27,13.06,14.38,TRUE
"2007-03-21",12.19,13.28,13.6,FALSE
"2007-03-22",12.93,13.36,13.72,FALSE
"2007-03-23",12.95,13.33,13.87,FALSE
"2007-03-26",13.16,13.38,13.79,FALSE
"2007-03-27",13.48,13.93,13.99,FALSE
"2007-03-28",14.98,14.72,14.59,FALSE
"2007-03-29",15.14,14.6,14.55,FALSE
"2007-03-30",14.64,14.49,14.39,FALSE
"2007-04-02",14.53,14.7,14.77,FALSE
"2007-04-03",13.46,14,14.28,FALSE
"2007-04-04",13.24,13.65,14.2,FALSE
"2007-04-05",13.23,13.53,14,FALSE
"2007-04-06",13.23,13.53,14,FALSE
"2007-04-09",13.14,13.3,14.03,FALSE
"2007-04-10",12.68,12.71,13.59,FALSE
"2007-04-11",13.49,13.28,13.99,FALSE
"2007-04-12",12.71,12.87,13.73,FALSE
"2007-04-13",12.2,12.39,13.57,FALSE
"2007-04-16",11.98,11.67,12.97,FALSE
"2007-04-17",12.14,11.87,13.14,TRUE
"2007-04-18",12.42,13.13,13.37,FALSE
"2007-04-19",12.54,13.02,13.53,FALSE
"2007-04-20",12.07,13.03,13.48,FALSE
"2007-04-23",13.04,13.22,13.73,FALSE
"2007-04-24",13.12,13.21,13.73,FALSE
"2007-04-25",13.21,13.1,13.51,FALSE
"2007-04-26",12.79,13.11,13.63,FALSE
"2007-04-27",12.45,13.02,13.54,FALSE
"2007-04-30",14.22,13.41,13.86,FALSE
"2007-05-01",13.51,13.43,13.85,FALSE
"2007-05-02",13.08,13.16,13.72,FALSE
"2007-05-03",13.09,13.08,13.61,FALSE
"2007-05-04",12.91,13.14,13.63,FALSE
"2007-05-07",13.15,13.22,13.72,FALSE
"2007-05-08",13.21,13.33,13.87,FALSE
"2007-05-09",12.88,12.94,13.78,FALSE
"2007-05-10",13.6,13.35,14.2,FALSE
"2007-05-11",12.95,12.77,13.94,FALSE
"2007-05-14",13.96,13.34,14.15,FALSE
"2007-05-15",14.01,13.96,14.2,TRUE
"2007-05-16",13.5,14.06,14.5,FALSE
"2007-05-17",13.51,14.16,14.63,FALSE
"2007-05-18",12.76,13.99,14.45,FALSE
"2007-05-21",13.3,13.78,14.27,FALSE
"2007-05-22",13.06,13.81,14.35,FALSE
"2007-05-23",13.24,13.75,14.34,FALSE
"2007-05-24",14.08,14.2,14.71,FALSE
"2007-05-25",13.34,13.96,14.64,FALSE
"2007-05-28",13.34,13.96,14.64,FALSE
"2007-05-29",13.53,13.83,14.43,FALSE
"2007-05-30",12.83,13.56,14.34,FALSE
"2007-05-31",13.05,13.57,14.26,FALSE
"2007-06-01",12.78,13.41,14.29,FALSE
"2007-06-04",13.29,13.57,14.34,FALSE
"2007-06-05",13.63,13.71,14.39,FALSE
"2007-06-06",14.87,14.33,14.76,FALSE
"2007-06-07",17.06,15.82,15.32,FALSE
"2007-06-08",14.84,15.08,15.14,FALSE
"2007-06-11",14.71,14.69,14.87,FALSE
"2007-06-12",16.67,15.5,15.27,FALSE
"2007-06-13",14.73,14.78,14.97,FALSE
"2007-06-14",13.64,13.86,14.65,FALSE
"2007-06-15",13.94,13.64,14.43,FALSE
"2007-06-18",13.42,13.41,14.48,FALSE
"2007-06-19",12.85,12.88,14.18,TRUE
"2007-06-20",14.67,15.03,15.13,FALSE
"2007-06-21",14.21,15.07,15.38,FALSE
"2007-06-22",15.75,15.77,15.81,FALSE
"2007-06-25",16.65,15.99,16.05,FALSE
"2007-06-26",18.89,16.64,16.53,FALSE
"2007-06-27",15.53,15.61,15.7,FALSE
"2007-06-28",15.54,15.55,15.84,FALSE
"2007-06-29",16.23,16.19,16.16,FALSE
"2007-07-02",15.4,15.72,15.9,FALSE
"2007-07-03",14.92,15.44,15.73,FALSE
"2007-07-04",14.92,15.44,15.73,FALSE
"2007-07-05",15.48,15.63,16.03,FALSE
"2007-07-06",14.72,15.3,15.73,FALSE
"2007-07-09",15.16,15.41,15.73,FALSE
"2007-07-10",17.57,16.67,16.72,FALSE
"2007-07-11",16.64,16.24,16.65,FALSE
"2007-07-12",15.54,15.47,16.42,FALSE
"2007-07-13",15.15,15.45,16.5,FALSE
"2007-07-16",15.59,15.67,16.7,FALSE
"2007-07-17",15.63,15.57,16.84,TRUE
"2007-07-18",16,17.37,17.42,FALSE
"2007-07-19",15.23,17.18,17.36,FALSE
"2007-07-20",16.95,17.72,17.76,FALSE
"2007-07-23",16.81,17.55,17.63,FALSE
"2007-07-24",18.55,18.18,18.14,FALSE
"2007-07-25",18.1,18.07,18.18,FALSE
"2007-07-26",20.74,19.37,19.4,FALSE
"2007-07-27",24.17,20.07,19.71,FALSE
"2007-07-30",20.87,19.44,19.35,FALSE
"2007-07-31",23.52,20.52,20.77,FALSE
"2007-08-01",23.67,21.8,21.45,FALSE
"2007-08-02",21.22,20.81,20.65,FALSE
"2007-08-03",25.16,22.61,22.29,FALSE
"2007-08-06",22.94,22.08,21.84,FALSE
"2007-08-07",21.56,20.71,20.27,FALSE
"2007-08-08",21.45,20.16,20.25,FALSE
"2007-08-09",26.48,23.26,22.95,FALSE
"2007-08-10",28.3,27.18,23.63,FALSE
"2007-08-13",26.57,26.1,23.2,FALSE
"2007-08-14",27.68,26.94,24.3,FALSE
"2007-08-15",30.67,28.81,25.18,FALSE
"2007-08-16",30.83,30.61,27.25,FALSE
"2007-08-17",29.99,30.07,26.47,FALSE
"2007-08-20",26.33,26.34,24.45,FALSE
"2007-08-21",25.25,25.24,23.85,TRUE
"2007-08-22",22.89,22.7,21.73,FALSE
"2007-08-23",22.62,23.1,22.07,FALSE
"2007-08-24",20.72,22.23,21.29,FALSE
"2007-08-27",22.72,23.28,22.29,FALSE
"2007-08-28",26.3,25.21,24.16,FALSE
"2007-08-29",23.81,24.16,23.32,FALSE
"2007-08-30",25.06,24.45,23.41,FALSE
"2007-08-31",23.38,23.7,22.7,FALSE
"2007-09-03",23.38,23.7,22.7,FALSE
"2007-09-04",22.78,22.78,21.87,FALSE
"2007-09-05",24.58,24.16,23.06,FALSE
"2007-09-06",23.99,23.98,22.89,FALSE
"2007-09-07",26.23,25.83,24.1,FALSE
"2007-09-10",27.38,26.72,24.67,FALSE
"2007-09-11",25.27,25.01,23.62,FALSE
"2007-09-12",24.96,24.94,23.88,FALSE
"2007-09-13",24.76,24.85,23.76,FALSE
"2007-09-14",24.92,24.8,23.78,FALSE
"2007-09-17",26.48,25.37,24.34,FALSE
"2007-09-18",20.35,20.18,21.39,TRUE
"2007-09-19",20.03,20.57,20.23,FALSE
"2007-09-20",20.45,20.82,20.75,FALSE
"2007-09-21",19,19.87,19.98,FALSE
"2007-09-24",19.37,19.71,19.91,FALSE
"2007-09-25",18.6,19.88,20.11,FALSE
"2007-09-26",17.63,19.03,19.56,FALSE
"2007-09-27",17,18.72,19.39,FALSE
"2007-09-28",18,18.92,19.79,FALSE
"2007-10-01",17.84,18.43,19.34,FALSE
"2007-10-02",18.49,18.92,19.69,FALSE
"2007-10-03",18.8,19.1,19.99,FALSE
"2007-10-04",18.44,19.26,20.15,FALSE
"2007-10-05",16.91,17.93,19.27,FALSE
"2007-10-08",17.46,18.2,19.51,FALSE
"2007-10-09",16.12,17.06,18.64,FALSE
"2007-10-10",16.67,17.31,18.62,FALSE
"2007-10-11",18.88,18.53,19.8,FALSE
"2007-10-12",17.73,17.95,19.45,FALSE
"2007-10-15",19.25,19.17,20.41,FALSE
"2007-10-16",20.02,20.03,21.33,TRUE
"2007-10-17",18.54,21.07,20.95,FALSE
"2007-10-18",18.5,21.09,20.92,FALSE
"2007-10-19",22.96,22.54,22.3,FALSE
"2007-10-22",21.64,22.27,21.74,FALSE
"2007-10-23",20.41,21.56,21.23,FALSE
"2007-10-24",20.8,22.01,21.57,FALSE
"2007-10-25",21.17,21.71,21.68,FALSE
"2007-10-26",19.56,20.73,21.04,FALSE
"2007-10-29",19.87,20.27,20.91,FALSE
"2007-10-30",21.07,20.96,21.64,FALSE
"2007-10-31",18.53,19.06,20.3,FALSE
"2007-11-01",23.21,22.33,22.46,FALSE
"2007-11-02",23.01,22.98,23.07,FALSE
"2007-11-05",24.31,23.94,23.91,FALSE
"2007-11-06",21.39,22.45,22.92,FALSE
"2007-11-07",26.49,25.22,25.23,FALSE
"2007-11-08",26.16,25.24,25.05,FALSE
"2007-11-09",28.5,26.96,26.36,FALSE
"2007-11-12",31.09,27.64,26.64,FALSE
"2007-11-13",24.1,24.65,24.82,FALSE
"2007-11-14",25.94,25.3,25.15,FALSE
"2007-11-15",28.06,27.42,26.7,FALSE
"2007-11-16",25.49,26.04,26.45,FALSE
"2007-11-19",26.01,25.61,26.92,FALSE
"2007-11-20",24.88,25.08,26.18,TRUE
"2007-11-21",26.84,26.81,26.74,FALSE
"2007-11-22",26.84,26.81,26.74,FALSE
"2007-11-23",25.61,25.86,25.98,FALSE
"2007-11-26",28.91,27.32,26.97,FALSE
"2007-11-27",26.28,26.65,26.53,FALSE
"2007-11-28",24.11,24.56,24.66,FALSE
"2007-11-29",23.97,24.86,24.77,FALSE
"2007-11-30",22.87,24.19,24.37,FALSE
"2007-12-03",23.61,24.29,24.56,FALSE
"2007-12-04",23.79,24.48,24.83,FALSE
"2007-12-05",22.53,23.06,23.95,FALSE
"2007-12-06",20.96,21.67,22.94,FALSE
"2007-12-07",20.85,21.97,23.27,FALSE
"2007-12-10",20.74,21.28,22.92,FALSE
"2007-12-11",23.59,22.92,23.91,FALSE
"2007-12-12",22.47,22.19,23.76,FALSE
"2007-12-13",22.56,22.04,23.95,FALSE
"2007-12-14",23.27,22.64,24.66,FALSE
"2007-12-17",24.52,23.75,25.45,FALSE
"2007-12-18",22.64,22.55,24.57,TRUE
"2007-12-19",21.68,24.42,24.38,FALSE
"2007-12-20",20.58,24.17,24.1,FALSE
"2007-12-21",18.47,23.1,23.29,FALSE
"2007-12-24",18.6,22.18,22.95,FALSE
"2007-12-25",18.6,22.18,22.95,FALSE
"2007-12-26",18.66,22.02,22.79,FALSE
"2007-12-27",20.26,22.72,23.52,FALSE
"2007-12-28",20.74,22.81,23.72,FALSE
"2007-12-31",22.5,23.12,24.19,FALSE
"2008-01-01",22.5,23.12,24.19,FALSE
"2008-01-02",23.17,23.86,24.49,FALSE
"2008-01-03",22.49,23.42,24.52,FALSE
"2008-01-04",23.94,24.68,25.3,FALSE
"2008-01-07",23.79,24.12,24.81,FALSE
"2008-01-08",25.43,25.54,25.9,FALSE
"2008-01-09",24.12,24.89,25.78,FALSE
"2008-01-10",23.45,24.07,24.95,FALSE
"2008-01-11",23.68,24.96,26.15,FALSE
"2008-01-14",22.9,23.36,25.1,FALSE
"2008-01-15",23.34,24.04,25.24,TRUE
"2008-01-16",24.38,24.99,25.03,FALSE
"2008-01-17",28.46,26.97,26.62,FALSE
"2008-01-18",27.18,27.24,26.71,FALSE
"2008-01-21",27.18,27.24,26.71,FALSE
"2008-01-22",31.01,27.73,26.38,FALSE
"2008-01-23",29.02,26.4,25.3,FALSE
"2008-01-24",27.78,26.43,25.34,FALSE
"2008-01-25",29.08,26.75,25.8,FALSE
"2008-01-28",27.78,26.16,25.37,FALSE
"2008-01-29",27.32,26.25,25.25,FALSE
"2008-01-30",27.62,26.14,25.56,FALSE
"2008-01-31",26.2,25.64,25.31,FALSE
"2008-02-01",24.02,24.95,24.66,FALSE
"2008-02-04",25.99,25.81,25.56,FALSE
"2008-02-05",28.24,27.39,26.92,FALSE
"2008-02-06",28.97,28.19,27.6,FALSE
"2008-02-07",27.66,27.62,27.25,FALSE
"2008-02-08",28.01,28.39,27.63,FALSE
"2008-02-11",27.6,27.88,26.97,FALSE
"2008-02-12",26.33,27.06,26.72,FALSE
"2008-02-13",24.88,26,25.81,FALSE
"2008-02-14",25.54,26.28,26.18,FALSE
"2008-02-15",25.02,26.07,25.93,TRUE
"2008-02-18",25.02,25.93,25.91,FALSE
"2008-02-19",25.59,25.61,25.7,FALSE
"2008-02-20",24.4,25.45,25.41,FALSE
"2008-02-21",25.12,25.42,25.45,FALSE
"2008-02-22",24.06,24.87,24.83,FALSE
"2008-02-25",23.03,24.17,24.34,FALSE
"2008-02-26",21.9,23.71,24.18,FALSE
"2008-02-27",22.69,23.88,24.45,FALSE
"2008-02-28",23.53,24.58,25.1,FALSE
"2008-02-29",26.54,26.1,26.36,FALSE
"2008-03-03",26.28,26.16,26.25,FALSE
"2008-03-04",25.52,25.72,25.79,FALSE
"2008-03-05",24.6,24.83,25.38,FALSE
"2008-03-06",27.55,26.76,26.99,FALSE
"2008-03-07",27.49,26.91,26.87,FALSE
"2008-03-10",29.38,27.75,27.6,FALSE
"2008-03-11",26.36,26.11,26.09,FALSE
"2008-03-12",27.22,26.68,26.92,FALSE
"2008-03-13",27.29,26.75,27.02,FALSE
"2008-03-14",31.16,29.03,28.52,FALSE
"2008-03-17",32.24,30.57,28.54,FALSE
"2008-03-18",25.79,25.95,26.2,TRUE
"2008-03-19",29.84,27.41,26.53,FALSE
"2008-03-20",26.62,27,26.08,FALSE
"2008-03-21",26.62,27,26.08,FALSE
"2008-03-24",25.73,26.35,25.71,FALSE
"2008-03-25",25.72,26.32,25.87,FALSE
"2008-03-26",26.08,26.95,26.32,FALSE
"2008-03-27",25.88,26.64,26.46,FALSE
"2008-03-28",25.71,26.6,26.59,FALSE
"2008-03-31",25.61,26.01,26.3,FALSE
"2008-04-01",22.68,24,24.85,FALSE
"2008-04-02",23.43,24.64,25.03,FALSE
"2008-04-03",23.21,24.27,24.94,FALSE
"2008-04-04",22.45,23.96,24.95,FALSE
"2008-04-07",22.42,23.01,24.26,FALSE
"2008-04-08",22.36,23.02,24.07,FALSE
"2008-04-09",22.81,23.63,24.66,FALSE
"2008-04-10",21.98,22.85,24.33,FALSE
"2008-04-11",23.46,23.91,24.98,FALSE
"2008-04-14",23.82,23.84,24.88,FALSE
"2008-04-15",22.78,22.87,24.41,TRUE
"2008-04-16",20.53,22.96,23.23,FALSE
"2008-04-17",20.37,23.03,23.55,FALSE
"2008-04-18",20.13,22.2,22.84,FALSE
"2008-04-21",20.5,21.92,22.43,FALSE
"2008-04-22",20.87,22.1,22.62,FALSE
"2008-04-23",20.26,21.86,22.41,FALSE
"2008-04-24",20.06,21.23,22.05,FALSE
"2008-04-25",19.59,20.69,21.52,FALSE
"2008-04-28",19.64,20.54,21.33,FALSE
"2008-04-29",20.24,20.81,21.59,FALSE
"2008-04-30",20.79,21.24,22.14,FALSE
"2008-05-01",18.88,19.86,20.95,FALSE
"2008-05-02",18.18,19.66,20.63,FALSE
"2008-05-05",18.9,19.69,20.99,FALSE
"2008-05-06",18.21,18.82,20.26,FALSE
"2008-05-07",19.73,19.7,21.21,FALSE
"2008-05-08",19.4,19.67,21.25,FALSE
"2008-05-09",19.41,19.84,21.45,FALSE
"2008-05-12",17.79,18.94,20.82,FALSE
"2008-05-13",17.98,18.7,20.78,FALSE
"2008-05-14",17.66,18.3,20.32,FALSE
"2008-05-15",16.3,17.43,19.88,FALSE
"2008-05-16",16.47,17.15,20.14,FALSE
"2008-05-19",17.01,16.64,19.76,FALSE
"2008-05-20",17.58,17.37,20.82,TRUE
"2008-05-21",18.59,22.14,23.58,FALSE
"2008-05-22",18.05,21.72,23.56,FALSE
"2008-05-23",19.55,22.23,24.04,FALSE
"2008-05-26",19.55,22.23,24.04,FALSE
"2008-05-27",19.64,21.49,23.7,FALSE
"2008-05-28",19.07,21.33,23.25,FALSE
"2008-05-29",18.14,19.97,22.07,FALSE
"2008-05-30",17.83,19.38,21.77,FALSE
"2008-06-02",19.83,20.64,22.8,FALSE
"2008-06-03",20.24,21.07,23.18,FALSE
"2008-06-04",20.8,21.3,23.09,FALSE
"2008-06-05",18.63,19.91,22.13,FALSE
"2008-06-06",23.56,22.98,23.94,FALSE
"2008-06-09",23.12,22.7,23.43,FALSE
"2008-06-10",23.18,22.72,23.47,FALSE
"2008-06-11",24.12,23.75,24.05,FALSE
"2008-06-12",23.33,22.85,23.88,FALSE
"2008-06-13",21.22,21.62,23,FALSE
"2008-06-16",20.95,20.86,22.74,FALSE
"2008-06-17",21.13,21.05,22.68,TRUE
"2008-06-18",22.24,23.35,23.37,FALSE
"2008-06-19",21.58,22.93,23.17,FALSE
"2008-06-20",22.87,23.51,23.43,FALSE
"2008-06-23",22.64,23.51,23.49,FALSE
"2008-06-24",22.42,23.63,23.7,FALSE
"2008-06-25",21.14,22.61,22.75,FALSE
"2008-06-26",23.93,24.72,24.25,FALSE
"2008-06-27",23.44,24.55,24.18,FALSE
"2008-06-30",23.95,24.19,23.93,FALSE
"2008-07-01",23.65,24.19,23.8,FALSE
"2008-07-02",25.92,25.53,24.95,FALSE
"2008-07-03",24.78,25.39,24.69,FALSE
"2008-07-04",24.78,25.39,24.69,FALSE
"2008-07-07",25.78,25.85,24.78,FALSE
"2008-07-08",23.15,23.96,23.54,FALSE
"2008-07-09",25.23,25.47,24.69,FALSE
"2008-07-10",25.59,25.61,24.86,FALSE
"2008-07-11",27.49,27.15,25.25,FALSE
"2008-07-14",28.48,28.03,25.89,FALSE
"2008-07-15",28.54,28.43,26.12,TRUE
"2008-07-16",25.1,24.72,24.48,FALSE
"2008-07-17",25.01,24.25,23.99,FALSE
"2008-07-18",24.05,24.05,23.8,FALSE
"2008-07-21",23.05,23.4,23.44,FALSE
"2008-07-22",21.18,22.47,22.74,FALSE
"2008-07-23",21.31,22.43,22.78,FALSE
"2008-07-24",23.44,23.55,23.72,FALSE
"2008-07-25",22.91,23.45,23.63,FALSE
"2008-07-28",24.23,24.25,24.24,FALSE
"2008-07-29",22.03,22.68,22.99,FALSE
"2008-07-30",21.21,21.57,22.1,FALSE
"2008-07-31",22.94,22.77,22.94,FALSE
"2008-08-01",22.57,22.95,23.04,FALSE
"2008-08-04",23.49,22.78,23.01,FALSE
"2008-08-05",21.14,21.44,22.12,FALSE
"2008-08-06",20.23,20.7,21.58,FALSE
"2008-08-07",21.15,21.51,22.52,FALSE
"2008-08-08",20.66,20.91,21.87,FALSE
"2008-08-11",20.12,20.29,21.68,FALSE
"2008-08-12",21.17,21.28,22.46,FALSE
"2008-08-13",21.55,21.5,22.93,FALSE
"2008-08-14",20.34,20.8,22.15,FALSE
"2008-08-15",19.58,20.18,21.92,FALSE
"2008-08-18",20.98,20.66,22.21,FALSE
"2008-08-19",21.28,21,22.93,TRUE
"2008-08-20",20.42,22.45,23.16,FALSE
"2008-08-21",19.82,22.19,23.25,FALSE
"2008-08-22",18.81,21.59,22.92,FALSE
"2008-08-25",20.97,22.64,23.45,FALSE
"2008-08-26",20.49,22.4,23.24,FALSE
"2008-08-27",19.76,21.8,22.94,FALSE
"2008-08-28",19.43,21.12,22.68,FALSE
"2008-08-29",20.65,21.7,22.99,FALSE
"2008-09-01",20.65,21.7,22.99,FALSE
"2008-09-02",21.99,22.08,23.19,FALSE
"2008-09-03",21.43,21.64,23.1,FALSE
"2008-09-04",24.03,23.78,24.31,FALSE
"2008-09-05",23.06,23.08,23.98,FALSE
"2008-09-08",22.64,21.99,23.39,FALSE
"2008-09-09",25.47,24.22,24.71,FALSE
"2008-09-10",24.52,23.59,24.31,FALSE
"2008-09-11",24.39,23.83,24.49,FALSE
"2008-09-12",25.66,24.68,24.57,FALSE
"2008-09-15",31.7,28.84,25.73,FALSE
"2008-09-16",30.3,29.68,25.17,TRUE
"2008-09-17",36.22,26.61,25.93,FALSE
"2008-09-18",33.1,25.31,25.01,FALSE
"2008-09-19",32.07,24.74,24.38,FALSE
"2008-09-22",33.85,26.56,25.41,FALSE
"2008-09-23",35.72,29.02,26.85,FALSE
"2008-09-24",35.19,28.65,26.68,FALSE
"2008-09-25",32.82,27.74,25.99,FALSE
"2008-09-26",34.74,28.64,26.25,FALSE
"2008-09-29",46.72,32.69,29.84,FALSE
"2008-09-30",39.39,30.66,28.22,FALSE
"2008-10-01",39.81,31.87,28.85,FALSE
"2008-10-02",45.26,34.1,30.64,FALSE
"2008-10-03",45.14,35.67,31.2,FALSE
"2008-10-06",52.05,37.37,31.94,FALSE
"2008-10-07",53.68,41.83,34.32,FALSE
"2008-10-08",57.53,45.56,35.39,FALSE
"2008-10-09",63.92,52.3,37.68,FALSE
"2008-10-10",69.95,56.71,38.31,FALSE
"2008-10-13",54.99,50.64,36.07,FALSE
"2008-10-14",55.13,49.05,37.94,FALSE
"2008-10-15",69.25,58.18,42.7,FALSE
"2008-10-16",67.61,63.88,42.78,FALSE
"2008-10-17",70.33,63.25,47.04,FALSE
"2008-10-20",52.97,52.31,45.05,FALSE
"2008-10-21",53.11,52.8,43.8,TRUE
"2008-10-22",69.65,48.33,39.71,FALSE
"2008-10-23",67.8,50.02,40.14,FALSE
"2008-10-24",79.13,55.82,43.56,FALSE
"2008-10-27",80.06,59.29,44.88,FALSE
"2008-10-28",66.96,53.7,42.77,FALSE
"2008-10-29",69.96,56.41,44.16,FALSE
"2008-10-30",62.9,55.37,44.2,FALSE
"2008-10-31",59.89,54.57,44.93,FALSE
"2008-11-03",53.68,51.96,44.71,FALSE
"2008-11-04",47.73,46.43,41.86,FALSE
"2008-11-05",54.56,50.2,43.85,FALSE
"2008-11-06",63.68,57.58,47.8,FALSE
"2008-11-07",56.1,54.65,47.48,FALSE
"2008-11-10",59.98,56.19,48.2,FALSE
"2008-11-11",61.44,58.38,49.38,FALSE
"2008-11-12",66.46,63.71,52.92,FALSE
"2008-11-13",59.83,56.87,50.03,FALSE
"2008-11-14",66.31,62.9,53.51,FALSE
"2008-11-17",69.15,67.95,56.25,FALSE
"2008-11-18",67.64,67.04,57.29,TRUE
"2008-11-19",74.26,62.9,56.87,FALSE
"2008-11-20",80.86,66.23,59.77,FALSE
"2008-11-21",72.67,62.78,56.9,FALSE
"2008-11-24",64.7,58.64,54.15,FALSE
"2008-11-25",60.9,57.18,52.61,FALSE
"2008-11-26",54.92,53.18,50.85,FALSE
"2008-11-27",54.92,53.18,50.85,FALSE
"2008-11-28",55.28,53.21,50.6,FALSE
"2008-12-01",68.51,60.45,56.29,FALSE
"2008-12-02",62.98,57.93,55.3,FALSE
"2008-12-03",60.72,57.73,55.21,FALSE
"2008-12-04",63.64,60.49,57.62,FALSE
"2008-12-05",59.93,58.32,56.75,FALSE
"2008-12-08",58.49,55.26,54.67,FALSE
"2008-12-09",58.91,56.4,55.38,FALSE
"2008-12-10",55.73,55.26,54.44,FALSE
"2008-12-11",55.78,55.06,55.32,FALSE
"2008-12-12",54.28,54.58,54.46,FALSE
"2008-12-15",56.76,55.7,54.84,FALSE
"2008-12-16",52.37,52.44,52.25,TRUE
"2008-12-17",49.84,52.07,49.94,FALSE
"2008-12-18",47.34,50.31,48.93,FALSE
"2008-12-19",44.93,47.35,46.53,FALSE
"2008-12-22",44.56,45.51,45.63,FALSE
"2008-12-23",45.02,46.15,46.54,FALSE
"2008-12-24",44.21,45.73,45.96,FALSE
"2008-12-25",44.21,45.73,45.96,FALSE
"2008-12-26",43.38,45.15,45.65,FALSE
"2008-12-29",43.9,46.34,46.76,FALSE
"2008-12-30",41.63,44.18,45.08,FALSE
"2008-12-31",40,41.94,42.93,FALSE
"2009-01-01",40,41.94,42.93,FALSE
"2009-01-02",39.19,38.7,39.91,FALSE
"2009-01-05",39.08,39.96,40.16,FALSE
"2009-01-06",38.56,39.53,39.55,FALSE
"2009-01-07",43.39,43.52,42.5,FALSE
"2009-01-08",42.56,42.97,42.72,FALSE
"2009-01-09",42.82,44.55,44.15,FALSE
"2009-01-12",45.84,48.04,47.74,FALSE
"2009-01-13",43.27,46.67,46.81,FALSE
"2009-01-14",49.14,51.79,50.56,FALSE
"2009-01-15",51,53.26,49.93,FALSE
"2009-01-16",46.11,49.65,48.53,FALSE
"2009-01-19",46.11,49.65,48.53,FALSE
"2009-01-20",56.65,57.9,54.66,TRUE
"2009-01-21",46.42,51.13,47.36,FALSE
"2009-01-22",47.29,50.54,47.37,FALSE
"2009-01-23",47.27,50.16,47.2,FALSE
"2009-01-26",45.69,47.55,45.63,FALSE
"2009-01-27",42.25,45.16,43.51,FALSE
"2009-01-28",39.66,42.31,40.75,FALSE
"2009-01-29",42.63,43.38,40.88,FALSE
"2009-01-30",44.84,44.99,42.18,FALSE
"2009-02-02",45.52,45.35,42.3,FALSE
"2009-02-03",43.06,43.15,40.95,FALSE
"2009-02-04",43.85,43.75,41.1,FALSE
"2009-02-05",43.73,43.25,40.5,FALSE
"2009-02-06",43.37,42.6,40.1,FALSE
"2009-02-09",43.64,42.5,40.5,FALSE
"2009-02-10",46.67,45.6,42.9,FALSE
"2009-02-11",44.53,44.6,42.2,FALSE
"2009-02-12",41.25,42.55,41.6,FALSE
"2009-02-13",42.93,43.6,42.35,FALSE
"2009-02-16",42.93,43.6,42.35,FALSE
"2009-02-17",48.66,48,44.05,TRUE
"2009-02-18",48.46,44.85,42.65,FALSE
"2009-02-19",47.08,44.55,43.2,FALSE
"2009-02-20",49.3,46.7,44.75,FALSE
"2009-02-23",52.62,49.05,46.9,FALSE
"2009-02-24",45.49,44.5,43.9,FALSE
"2009-02-25",44.67,43.45,43.25,FALSE
"2009-02-26",44.66,44,43.75,FALSE
"2009-02-27",46.35,44.45,43.9,FALSE
"2009-03-02",52.65,47.85,46.05,FALSE
"2009-03-03",50.93,48.45,46.35,FALSE
"2009-03-04",47.56,44.75,42.9,FALSE
"2009-03-05",50.17,47.35,44.45,FALSE
"2009-03-06",49.33,46.65,44.15,FALSE
"2009-03-09",49.68,47.05,44.9,FALSE
"2009-03-10",44.37,43.15,41.6,FALSE
"2009-03-11",43.61,42.65,41.6,FALSE
"2009-03-12",41.18,41.1,41.1,FALSE
"2009-03-13",42.36,42.1,41.6,FALSE
"2009-03-16",43.74,43,43.1,FALSE
"2009-03-17",40.8,40.05,41.3,TRUE
"2009-03-18",40.06,40.95,39.15,FALSE
"2009-03-19",43.68,43.7,41.55,FALSE
"2009-03-20",45.89,47.05,44.45,FALSE
"2009-03-23",43.23,43.35,41.75,FALSE
"2009-03-24",42.93,44,42.25,FALSE
"2009-03-25",42.25,42.75,41.45,FALSE
"2009-03-26",40.36,41.45,40.45,FALSE
"2009-03-27",41.04,42.95,41.6,FALSE
"2009-03-30",45.54,46.35,44.05,FALSE
"2009-03-31",44.14,45.05,43.95,FALSE
"2009-04-01",42.28,43.65,43.25,FALSE
"2009-04-02",42.04,42.95,42.5,FALSE
"2009-04-03",39.7,41.7,41.8,FALSE
"2009-04-06",40.93,41.95,42.15,FALSE
"2009-04-07",40.39,41.65,42.45,FALSE
"2009-04-08",38.85,40.6,41.55,FALSE
"2009-04-09",36.53,38.3,39.9,FALSE
"2009-04-10",36.53,38.3,39.9,FALSE
"2009-04-13",37.81,37.05,39.7,FALSE
"2009-04-14",37.67,37.85,39.6,TRUE
"2009-04-15",36.17,38.8,38.8,FALSE
"2009-04-16",35.79,37.35,37.5,FALSE
"2009-04-17",33.94,36.6,36.65,FALSE
"2009-04-20",39.18,39.5,38.95,FALSE
"2009-04-21",37.14,37.9,37.65,FALSE
"2009-04-22",38.1,38.45,38.05,FALSE
"2009-04-23",37.15,37.8,37.4,FALSE
"2009-04-24",36.82,37.8,37.65,FALSE
"2009-04-27",38.32,38.75,38.45,FALSE
"2009-04-28",37.95,38.2,38.15,FALSE
"2009-04-29",36.08,36.45,36.7,FALSE
"2009-04-30",36.5,36.95,37,FALSE
"2009-05-01",35.3,36.35,36.55,FALSE
"2009-05-04",34.53,34.8,34.75,FALSE
"2009-05-05",33.36,34.6,34.8,FALSE
"2009-05-06",32.45,33.05,33.8,FALSE
"2009-05-07",33.44,33.7,34.15,FALSE
"2009-05-08",32.05,32.2,32.8,FALSE
"2009-05-11",32.87,32.45,33,FALSE
"2009-05-12",31.8,31.95,32.85,FALSE
"2009-05-13",33.65,33.4,33.85,FALSE
"2009-05-14",31.37,31.6,32.5,FALSE
"2009-05-15",33.12,33.15,33.2,FALSE
"2009-05-18",30.24,29.85,30.85,FALSE
"2009-05-19",28.8,28.5,30.4,TRUE
"2009-05-20",29.03,30.5,31.4,FALSE
"2009-05-21",31.35,32.2,32.85,FALSE
"2009-05-22",32.63,32.75,33.05,FALSE
"2009-05-25",32.63,32.75,33.05,FALSE
"2009-05-26",30.62,31.15,32,FALSE
"2009-05-27",32.36,32.1,32.9,FALSE
"2009-05-28",31.67,31.55,32.4,FALSE
"2009-05-29",28.92,30.35,31.5,FALSE
"2009-06-01",30.04,29.6,30.75,FALSE
"2009-06-02",29.63,29.6,31,FALSE
"2009-06-03",31.02,31.15,32.65,FALSE
"2009-06-04",30.18,30.8,32.25,FALSE
"2009-06-05",29.62,30.55,32.2,FALSE
"2009-06-08",29.77,30.25,32,FALSE
"2009-06-09",28.27,29.1,30.95,FALSE
"2009-06-10",28.46,29.1,31.2,FALSE
"2009-06-11",28.11,28.1,30.6,FALSE
"2009-06-12",28.15,28.35,29.95,FALSE
"2009-06-15",30.81,30.2,31.35,FALSE
"2009-06-16",32.68,31.85,32.4,TRUE
"2009-06-17",31.54,32.65,32.1,FALSE
"2009-06-18",30.03,32.4,31.85,FALSE
"2009-06-19",27.99,31.35,31.55,FALSE
"2009-06-22",31.17,32.75,32.55,FALSE
"2009-06-23",30.58,32.05,32.15,FALSE
"2009-06-24",29.05,30.6,31.35,FALSE
"2009-06-25",26.36,29.1,30.25,FALSE
"2009-06-26",25.93,28.55,29.85,FALSE
"2009-06-29",25.35,27.45,28.95,FALSE
"2009-06-30",26.35,28.05,29.25,FALSE
"2009-07-01",26.22,27.65,29.2,FALSE
"2009-07-02",27.95,29.3,30.65,FALSE
"2009-07-03",27.95,29.3,30.65,FALSE
"2009-07-06",29,29,30.4,FALSE
"2009-07-07",30.85,30.25,31.45,FALSE
"2009-07-08",31.3,30.8,31.8,FALSE
"2009-07-09",29.78,29.75,31.75,FALSE
"2009-07-10",29.02,29.8,31.95,FALSE
"2009-07-13",26.31,27.55,30.8,FALSE
"2009-07-14",25.02,27,30.25,FALSE
"2009-07-15",25.89,26.45,29.25,FALSE
"2009-07-16",25.42,25.9,28.95,FALSE
"2009-07-17",24.34,25.6,29,FALSE
"2009-07-20",24.4,24.55,28.4,FALSE
"2009-07-21",23.87,24.05,27.85,TRUE
"2009-07-22",23.47,27.2,29.2,FALSE
"2009-07-23",23.43,26.25,28.45,FALSE
"2009-07-24",23.09,26,28.55,FALSE
"2009-07-27",24.28,26.35,28.95,FALSE
"2009-07-28",25.01,27.3,29.85,FALSE
"2009-07-29",25.61,27.65,30.05,FALSE
"2009-07-30",25.4,27.05,29.3,FALSE
"2009-07-31",25.92,27.25,29.7,FALSE
"2009-08-03",25.56,26.45,29.1,FALSE
"2009-08-04",24.89,26.3,28.85,FALSE
"2009-08-05",24.9,26.05,28.85,FALSE
"2009-08-06",25.67,26.6,28.95,FALSE
"2009-08-07",24.76,25.65,28.05,FALSE
"2009-08-10",24.99,25.6,28.1,FALSE
"2009-08-11",25.99,26.2,28.6,FALSE
"2009-08-12",25.45,25.55,28.35,FALSE
"2009-08-13",24.71,25.05,27.8,FALSE
"2009-08-14",24.27,25.2,28.3,FALSE
"2009-08-17",27.89,27.6,29.9,FALSE
"2009-08-18",26.18,26.35,29.25,TRUE
"2009-08-19",26.26,28.35,30.55,FALSE
"2009-08-20",25.09,27.8,30.1,FALSE
"2009-08-21",25.01,27.35,30,FALSE
"2009-08-24",25.14,27.4,29.9,FALSE
"2009-08-25",24.92,27.75,30.05,FALSE
"2009-08-26",24.95,28.3,30.4,FALSE
"2009-08-27",24.68,27.8,30.25,FALSE
"2009-08-28",24.76,28.1,30.5,FALSE
"2009-08-31",26.01,28.5,30.95,FALSE
"2009-09-01",29.15,30.05,32.25,FALSE
"2009-09-02",28.9,30.5,32.65,FALSE
"2009-09-03",27.1,28.95,31.25,FALSE
"2009-09-04",25.26,27.6,30.45,FALSE
"2009-09-07",25.26,27.6,30.45,FALSE
"2009-09-08",25.62,26.7,29.45,FALSE
"2009-09-09",24.32,25.95,28.6,FALSE
"2009-09-10",23.55,24.45,27.35,FALSE
"2009-09-11",24.15,24.75,27.7,FALSE
"2009-09-14",23.86,23.85,27.05,FALSE
"2009-09-15",23.42,23.5,27.15,TRUE
"2009-09-16",23.69,25.95,27.65,FALSE
"2009-09-17",23.65,26.1,27.75,FALSE
"2009-09-18",23.92,26.75,28.35,FALSE
"2009-09-21",24.06,26.7,28.4,FALSE
"2009-09-22",23.08,26.1,28.05,FALSE
"2009-09-23",23.49,26.35,28.15,FALSE
"2009-09-24",24.95,26.9,28.5,FALSE
"2009-09-25",25.61,27,28.55,FALSE
"2009-09-28",24.88,25.85,27.95,FALSE
"2009-09-29",25.19,25.9,27.85,FALSE
"2009-09-30",25.61,26.3,27.95,FALSE
"2009-10-01",28.27,27.8,28.75,FALSE
"2009-10-02",28.68,27.85,28.8,FALSE
"2009-10-05",26.84,26.8,27.95,FALSE
"2009-10-06",25.7,26,27.45,FALSE
"2009-10-07",24.68,25.4,27.35,FALSE
"2009-10-08",24.18,25.05,27.05,FALSE
"2009-10-09",23.12,24.55,26.5,FALSE
"2009-10-12",23.01,24.05,25.75,FALSE
"2009-10-13",22.99,23.55,25.6,FALSE
"2009-10-14",22.86,23.25,25.4,FALSE
"2009-10-15",21.72,22.35,24.9,FALSE
"2009-10-16",21.43,22.35,25.3,FALSE
"2009-10-19",21.49,21.4,24.65,FALSE
"2009-10-20",20.9,21.1,24.55,TRUE
"2009-10-21",22.22,24.55,25.65,FALSE
"2009-10-22",20.69,23.65,25.1,FALSE
"2009-10-23",22.27,24.05,25.45,FALSE
"2009-10-26",24.31,24.55,25.95,FALSE
"2009-10-27",24.83,24.65,25.85,FALSE
"2009-10-28",27.91,26.65,26.9,FALSE
"2009-10-29",24.76,25.05,25.8,FALSE
"2009-10-30",30.69,27.85,27.7,FALSE
"2009-11-02",29.78,28,28.1,FALSE
"2009-11-03",28.81,28.1,28.3,FALSE
"2009-11-04",27.72,27.6,28.05,FALSE
"2009-11-05",25.43,25.9,27.25,FALSE
"2009-11-06",24.19,25.1,26.4,FALSE
"2009-11-09",23.15,23.5,24.9,FALSE
"2009-11-10",22.84,23.5,25.1,FALSE
"2009-11-11",23.04,23.65,25.15,FALSE
"2009-11-12",24.24,24.8,26.25,FALSE
"2009-11-13",23.36,24.25,25.85,FALSE
"2009-11-16",22.89,23.4,25.45,FALSE
"2009-11-17",22.41,22.55,25.35,TRUE
"2009-11-18",21.63,24.4,26.85,FALSE
"2009-11-19",22.63,24.7,27.25,FALSE
"2009-11-20",22.19,24.2,27,FALSE
"2009-11-23",21.16,22.85,26.4,FALSE
"2009-11-24",20.47,22.7,26.05,FALSE
"2009-11-25",20.48,22.35,25.8,FALSE
"2009-11-26",20.48,22.35,25.8,FALSE
"2009-11-27",24.74,24.05,27.15,FALSE
"2009-11-30",24.51,24.1,27.15,FALSE
"2009-12-01",21.92,23.05,26.3,FALSE
"2009-12-02",21.12,22.65,26.2,FALSE
"2009-12-03",22.46,23.25,26.65,FALSE
"2009-12-04",21.25,22.6,26.15,FALSE
"2009-12-07",22.1,22.5,26.05,FALSE
"2009-12-08",23.69,23.5,26.55,FALSE
"2009-12-09",22.66,23.05,26.45,FALSE
"2009-12-10",22.32,22.5,26.1,FALSE
"2009-12-11",21.59,22.1,26,FALSE
"2009-12-14",21.15,21.1,25.55,FALSE
"2009-12-15",21.49,21.35,25.25,TRUE
"2009-12-16",20.54,24.1,26.5,FALSE
"2009-12-17",22.51,24.45,26.75,FALSE
"2009-12-18",21.68,24.1,26.4,FALSE
"2009-12-21",20.49,23.25,25.65,FALSE
"2009-12-22",19.54,22.65,25.1,FALSE
"2009-12-23",19.71,22.45,24.9,FALSE
"2009-12-24",19.47,22.1,24.75,FALSE
"2009-12-25",19.47,22.1,24.75,FALSE
"2009-12-28",19.93,21.85,24.65,FALSE
"2009-12-29",20.01,22,24.75,FALSE
"2009-12-30",19.96,22.4,25.05,FALSE
"2009-12-31",21.68,22.95,25.8,FALSE
"2010-01-01",21.68,22.95,25.8,FALSE
"2010-01-04",20.04,22.1,24.85,FALSE
"2010-01-05",19.35,21.55,24.45,FALSE
"2010-01-06",19.16,20.8,23.55,FALSE
"2010-01-07",19.06,20.45,23.15,FALSE
"2010-01-08",18.13,19.9,22.55,FALSE
"2010-01-11",17.55,19.5,22.25,FALSE
"2010-01-12",18.25,20.25,22.8,FALSE
"2010-01-13",17.85,19.4,22.5,FALSE
"2010-01-14",17.63,18.95,22,FALSE
"2010-01-15",17.91,19.65,22.55,FALSE
"2010-01-18",17.91,19.65,22.55,FALSE
"2010-01-19",17.58,17.85,21.55,TRUE
"2010-01-20",18.68,21.4,22.85,FALSE
"2010-01-21",22.27,22.65,24.1,FALSE
"2010-01-22",27.31,24.75,25.15,FALSE
"2010-01-25",25.41,24.35,24.95,FALSE
"2010-01-26",24.55,24.55,25.3,FALSE
"2010-01-27",23.14,23.75,24.7,FALSE
"2010-01-28",23.73,24,24.9,FALSE
"2010-01-29",24.62,24.65,25.35,FALSE
"2010-02-01",22.59,23.05,24.25,FALSE
"2010-02-02",21.48,22.1,23.45,FALSE
"2010-02-03",21.6,22.15,23.55,FALSE
"2010-02-04",26.08,25.6,25.65,FALSE
"2010-02-05",26.11,26.1,25.85,FALSE
"2010-02-08",26.51,26.4,26.2,FALSE
"2010-02-09",26,25.55,25.65,FALSE
"2010-02-10",25.4,25.5,25.55,FALSE
"2010-02-11",23.96,24.45,24.95,FALSE
"2010-02-12",22.73,24.45,24.9,FALSE
"2010-02-15",22.73,24.45,24.9,FALSE
"2010-02-16",22.25,22.6,23.6,TRUE
"2010-02-17",21.72,22.75,24.7,FALSE
"2010-02-18",20.63,21.8,24.1,FALSE
"2010-02-19",20.02,21.35,23.7,FALSE
"2010-02-22",19.94,20.95,23.25,FALSE
"2010-02-23",21.37,21.65,23.9,FALSE
"2010-02-24",20.27,21.1,23.65,FALSE
"2010-02-25",20.1,20.95,23.75,FALSE
"2010-02-26",19.5,20.4,23.5,FALSE
"2010-03-01",19.26,20,23.05,FALSE
"2010-03-02",19.06,19.8,22.8,FALSE
"2010-03-03",18.83,19.6,22.6,FALSE
"2010-03-04",18.72,19.6,22.5,FALSE
"2010-03-05",17.42,18.55,21.6,FALSE
"2010-03-08",17.79,18.35,21.25,FALSE
"2010-03-09",17.92,18.5,21.25,FALSE
"2010-03-10",18.57,18.6,21.4,FALSE
"2010-03-11",18.06,18.6,21.6,FALSE
"2010-03-12",17.58,18.35,21.45,FALSE
"2010-03-15",18,18.1,21.5,FALSE
"2010-03-16",17.69,17.45,20.9,TRUE
"2010-03-17",16.91,20.1,21.75,FALSE
"2010-03-18",16.62,19.8,21.45,FALSE
"2010-03-19",16.97,20.2,21.7,FALSE
"2010-03-22",16.87,19.9,21.65,FALSE
"2010-03-23",16.35,19.45,21.35,FALSE
"2010-03-24",17.55,19.9,21.65,FALSE
"2010-03-25",18.4,20.1,21.95,FALSE
"2010-03-26",17.77,19.9,21.7,FALSE
"2010-03-29",17.59,19.5,21.25,FALSE
"2010-03-30",17.13,19.1,21,FALSE
"2010-03-31",17.59,18.95,21,FALSE
"2010-04-01",17.47,18.8,21.05,FALSE
"2010-04-02",17.47,18.8,21.05,FALSE
"2010-04-05",17.02,18,20.35,FALSE
"2010-04-06",16.23,17.45,19.85,FALSE
"2010-04-07",16.62,17.9,20.1,FALSE
"2010-04-08",16.48,17.45,19.85,FALSE
"2010-04-09",16.14,17.2,19.65,FALSE
"2010-04-12",15.58,17.1,19.65,FALSE
"2010-04-13",16.2,17.15,19.75,FALSE
"2010-04-14",15.59,16.7,19.3,FALSE
"2010-04-15",15.89,16.7,19.3,FALSE
"2010-04-16",18.36,18.2,19.95,FALSE
"2010-04-19",17.34,17.4,19.5,FALSE
"2010-04-20",15.73,16,18.6,TRUE
"2010-04-21",16.32,18.7,20.75,FALSE
"2010-04-22",16.47,18.65,20.75,FALSE
"2010-04-23",16.62,18.5,20.75,FALSE
"2010-04-26",17.47,18.75,20.95,FALSE
"2010-04-27",22.81,21.05,22.4,FALSE
"2010-04-28",21.08,20.8,22.2,FALSE
"2010-04-29",18.44,19.65,21.65,FALSE
"2010-04-30",22.05,21.6,23,FALSE
"2010-05-03",20.19,20.55,22.6,FALSE
"2010-05-04",23.84,23,24.45,FALSE
"2010-05-05",24.91,24.15,25.45,FALSE
"2010-05-06",32.8,29.2,29.1,FALSE
"2010-05-07",40.95,32.95,30.95,FALSE
"2010-05-10",28.84,27.45,27.05,FALSE
"2010-05-11",28.32,27.1,27.05,FALSE
"2010-05-12",25.52,25.05,25.8,FALSE
"2010-05-13",26.68,25.85,26.4,FALSE
"2010-05-14",31.24,30.1,28.75,FALSE
"2010-05-17",30.84,30.3,29,FALSE
"2010-05-18",33.55,32.7,30.95,TRUE
"2010-05-19",35.32,31.65,32.05,FALSE
"2010-05-20",45.79,35.95,35.7,FALSE
"2010-05-21",40.1,35.75,35.7,FALSE
"2010-05-24",38.32,35.1,35.1,FALSE
"2010-05-25",34.61,33.75,34.1,FALSE
"2010-05-26",35.02,32.8,33.3,FALSE
"2010-05-27",29.68,29.65,30.95,FALSE
"2010-05-28",32.07,30.4,31.3,FALSE
"2010-05-31",32.07,30.4,31.3,FALSE
"2010-06-01",35.54,32.55,32.65,FALSE
"2010-06-02",30.17,29.85,31,FALSE
"2010-06-03",29.46,29.6,30.7,FALSE
"2010-06-04",35.48,33.55,32.8,FALSE
"2010-06-07",36.57,35.45,34.1,FALSE
"2010-06-08",33.7,33.45,32.95,FALSE
"2010-06-09",33.73,33.4,33.35,FALSE
"2010-06-10",30.57,30.65,31.55,FALSE
"2010-06-11",28.79,29.3,30.9,FALSE
"2010-06-14",28.58,28.55,30.3,FALSE
"2010-06-15",25.87,25.85,28.55,TRUE
"2010-06-16",25.92,27.8,28.95,FALSE
"2010-06-17",25.05,27.3,28.6,FALSE
"2010-06-18",23.95,26.85,28,FALSE
"2010-06-21",24.88,27.1,28.15,FALSE
"2010-06-22",27.05,28.4,29,FALSE
"2010-06-23",26.91,28.75,29.55,FALSE
"2010-06-24",29.74,30.65,30.8,FALSE
"2010-06-25",28.53,29.75,30.35,FALSE
"2010-06-28",29,30.15,31.05,FALSE
"2010-06-29",34.13,33.5,33.45,FALSE
"2010-06-30",34.54,33.9,34.15,FALSE
"2010-07-01",32.86,33.35,34.15,FALSE
"2010-07-02",30.12,32.05,33.4,FALSE
"2010-07-05",30.12,32.05,33.4,FALSE
"2010-07-06",29.65,29.8,31.9,FALSE
"2010-07-07",26.84,27.6,30.05,FALSE
"2010-07-08",25.71,27.05,29.5,FALSE
"2010-07-09",24.98,26.55,29.05,FALSE
"2010-07-12",24.43,25.85,28.35,FALSE
"2010-07-13",24.56,25.8,28.15,FALSE
"2010-07-14",24.89,26.75,28.95,FALSE
"2010-07-15",25.14,26.5,29.3,FALSE
"2010-07-16",26.25,28.1,30.6,FALSE
"2010-07-19",25.97,26.8,30.3,FALSE
"2010-07-20",23.93,24.4,28.5,TRUE
"2010-07-21",25.64,28.85,31.45,FALSE
"2010-07-22",24.63,27.3,30.2,FALSE
"2010-07-23",23.47,26.6,29.6,FALSE
"2010-07-26",22.73,25.55,28.75,FALSE
"2010-07-27",23.19,25.45,28.45,FALSE
"2010-07-28",24.25,25.75,28.8,FALSE
"2010-07-29",24.13,25.75,28.75,FALSE
"2010-07-30",23.5,25.45,28.6,FALSE
"2010-08-02",22.01,23.85,27.15,FALSE
"2010-08-03",22.63,24.1,27.5,FALSE
"2010-08-04",22.21,23.75,27.35,FALSE
"2010-08-05",22.1,23.8,27.65,FALSE
"2010-08-06",21.74,23.7,27.75,FALSE
"2010-08-09",22.14,23.1,27.4,FALSE
"2010-08-10",22.37,23.25,27.55,FALSE
"2010-08-11",25.39,25.7,29.6,FALSE
"2010-08-12",25.73,26.15,30.05,FALSE
"2010-08-13",26.24,26.75,30.7,FALSE
"2010-08-16",26.1,26,30.35,FALSE
"2010-08-17",24.33,24.35,29.45,TRUE
"2010-08-18",24.59,29,31.1,FALSE
"2010-08-19",26.44,29.9,32.15,FALSE
"2010-08-20",25.49,29.6,32.25,FALSE
"2010-08-23",25.66,29,32.15,FALSE
"2010-08-24",27.46,29.8,32.85,FALSE
"2010-08-25",26.7,29.15,32.3,FALSE
"2010-08-26",27.37,29.55,32.5,FALSE
"2010-08-27",24.45,27.55,30.9,FALSE
"2010-08-30",27.21,28.45,31.75,FALSE
"2010-08-31",26.05,27.9,31.25,FALSE
"2010-09-01",23.89,25.8,29.75,FALSE
"2010-09-02",23.19,25,29.15,FALSE
"2010-09-03",21.31,23.6,27.85,FALSE
"2010-09-06",21.31,23.6,27.85,FALSE
"2010-09-07",23.8,24.45,28.6,FALSE
"2010-09-08",23.25,23.85,27.85,FALSE
"2010-09-09",22.81,23.75,27.55,FALSE
"2010-09-10",21.99,23.05,27,FALSE
"2010-09-13",21.21,21.7,25.7,FALSE
"2010-09-14",21.56,21.7,25.7,TRUE
"2010-09-15",22.1,25.2,27.45,FALSE
"2010-09-16",21.72,25.1,27.6,FALSE
"2010-09-17",22.01,25.05,27.8,FALSE
"2010-09-20",21.5,24.35,27.35,FALSE
"2010-09-21",22.35,24.45,27.4,FALSE
"2010-09-22",22.51,24.95,27.65,FALSE
"2010-09-23",23.87,25.8,28.25,FALSE
"2010-09-24",21.71,24.2,27.2,FALSE
"2010-09-27",22.54,24.35,27.25,FALSE
"2010-09-28",22.6,24.3,27.25,FALSE
"2010-09-29",23.25,24.7,27.65,FALSE
"2010-09-30",23.7,25.45,28.2,FALSE
"2010-10-01",22.5,24.75,27.85,FALSE
"2010-10-04",23.53,25.15,28.2,FALSE
"2010-10-05",21.76,23.65,27.05,FALSE
"2010-10-06",21.49,23.25,26.8,FALSE
"2010-10-07",21.56,22.95,26.7,FALSE
"2010-10-08",20.71,21.95,25.7,FALSE
"2010-10-11",18.96,21.3,25.1,FALSE
"2010-10-12",18.93,20.65,24.25,FALSE
"2010-10-13",19.07,20.65,23.55,FALSE
"2010-10-14",19.88,21.55,24.2,FALSE
"2010-10-15",19.03,20.95,24.05,FALSE
"2010-10-18",19.09,19.85,23.3,FALSE
"2010-10-19",20.63,20.95,23.85,TRUE
"2010-10-20",19.79,22.6,25.05,FALSE
"2010-10-21",19.27,22,24.65,FALSE
"2010-10-22",18.78,21.1,23.95,FALSE
"2010-10-25",19.85,20.95,23.7,FALSE
"2010-10-26",20.22,21.4,23.9,FALSE
"2010-10-27",20.71,21.85,24.2,FALSE
"2010-10-28",20.88,21.75,24.3,FALSE
"2010-10-29",21.2,21.75,24.25,FALSE
"2010-11-01",21.83,21.55,24.2,FALSE
"2010-11-02",21.57,21,23.75,FALSE
"2010-11-03",19.56,19.8,22.35,FALSE
"2010-11-04",18.52,18.5,21,FALSE
"2010-11-05",18.26,18.55,20.95,FALSE
"2010-11-08",18.29,18.7,21.05,FALSE
"2010-11-09",19.08,18.9,21.1,FALSE
"2010-11-10",18.47,18.9,20.9,FALSE
"2010-11-11",18.64,18.95,21.05,FALSE
"2010-11-12",20.61,20.35,22.25,FALSE
"2010-11-15",20.2,19.75,21.95,FALSE
"2010-11-16",22.58,22.25,22.8,TRUE
"2010-11-17",21.76,22.3,25.4,FALSE
"2010-11-18",18.75,20.75,24.2,FALSE
"2010-11-19",18.04,20.5,23.9,FALSE
"2010-11-22",18.37,19.8,23.25,FALSE
"2010-11-23",20.63,20.75,24.1,FALSE
"2010-11-24",19.56,19.8,23.3,FALSE
"2010-11-25",19.56,19.8,23.3,FALSE
"2010-11-26",22.22,21.25,24.25,FALSE
"2010-11-29",21.53,21.45,24.5,FALSE
"2010-11-30",23.54,23.2,25.8,FALSE
"2010-12-01",21.36,21.9,24.75,FALSE
"2010-12-02",19.39,19.85,23,FALSE
"2010-12-03",18.01,19.05,22.15,FALSE
"2010-12-06",18.02,18.6,21.6,FALSE
"2010-12-07",17.99,18.6,21.45,FALSE
"2010-12-08",17.74,18.2,20.7,FALSE
"2010-12-09",17.25,18,20.2,FALSE
"2010-12-10",17.61,18.05,20.05,FALSE
"2010-12-13",17.55,18.3,20.3,FALSE
"2010-12-14",17.61,18.7,20.45,FALSE
"2010-12-15",17.94,19.05,20.8,FALSE
"2010-12-16",17.39,18.4,20.5,FALSE
"2010-12-17",16.11,17.6,20.25,FALSE
"2010-12-20",16.41,16.75,19.65,FALSE
"2010-12-21",16.49,16.75,19.25,TRUE
"2010-12-22",15.45,19.25,21.3,FALSE
"2010-12-23",16.47,19.85,21.55,FALSE
"2010-12-24",16.47,19.85,21.55,FALSE
"2010-12-27",17.67,20.45,21.75,FALSE
"2010-12-28",17.52,20.55,21.9,FALSE
"2010-12-29",17.28,20.25,21.85,FALSE
"2010-12-30",17.52,20.1,21.7,FALSE
"2010-12-31",17.75,19.7,21.6,FALSE
"2011-01-03",17.61,19.3,21.35,FALSE
"2011-01-04",17.38,19.1,21.3,FALSE
"2011-01-05",17.02,18.7,20.95,FALSE
"2011-01-06",17.4,18.65,20.9,FALSE
"2011-01-07",17.14,18.7,21,FALSE
"2011-01-10",17.54,18.65,21,FALSE
"2011-01-11",16.89,17.95,20.4,FALSE
"2011-01-12",16.24,17,19.45,FALSE
"2011-01-13",16.39,16.95,19.3,FALSE
"2011-01-14",15.46,16.25,18.4,FALSE
"2011-01-17",15.46,16.25,18.4,FALSE
"2011-01-18",15.87,15.9,17.85,TRUE
"2011-01-19",17.31,18.75,20.9,FALSE
"2011-01-20",17.99,18.65,20.85,FALSE
"2011-01-21",18.47,18.85,21,FALSE
"2011-01-24",17.65,18.4,20.55,FALSE
"2011-01-25",17.59,18.2,20.35,FALSE
"2011-01-26",16.64,17.55,19.75,FALSE
"2011-01-27",16.15,17.25,19.4,FALSE
"2011-01-28",20.04,19.4,20.65,FALSE
"2011-01-31",19.53,19.1,20.45,FALSE
"2011-02-01",17.63,17.95,19.6,FALSE
"2011-02-02",17.3,18.05,19.55,FALSE
"2011-02-03",16.69,17.7,19.35,FALSE
"2011-02-04",15.93,17.25,18.85,FALSE
"2011-02-07",16.28,16.95,18.45,FALSE
"2011-02-08",15.81,16.85,18.2,FALSE
"2011-02-09",15.87,16.85,18.25,FALSE
"2011-02-10",16.09,16.9,18.3,FALSE
"2011-02-11",15.69,16.6,18.05,FALSE
"2011-02-14",15.95,16.45,17.85,FALSE
"2011-02-15",16.37,16.7,18.05,TRUE
"2011-02-16",16.72,18.3,19.35,FALSE
"2011-02-17",16.59,18.45,19.65,FALSE
"2011-02-18",16.43,18.6,19.8,FALSE
"2011-02-21",16.43,18.6,19.8,FALSE
"2011-02-22",20.8,21.15,21.6,FALSE
"2011-02-23",22.13,22.25,22.55,FALSE
"2011-02-24",21.32,21.85,22.35,FALSE
"2011-02-25",19.22,20.15,21.15,FALSE
"2011-02-28",18.35,19.2,20.3,FALSE
"2011-03-01",21.01,21.2,21.7,FALSE
"2011-03-02",20.7,21.1,21.6,FALSE
"2011-03-03",18.6,19.7,20.7,FALSE
"2011-03-04",19.06,20.05,21.15,FALSE
"2011-03-07",20.66,21.05,21.8,FALSE
"2011-03-08",19.82,20.45,21.4,FALSE
"2011-03-09",20.22,21.05,21.8,FALSE
"2011-03-10",21.88,22.25,22.7,FALSE
"2011-03-11",20.08,21.3,22.05,FALSE
"2011-03-14",21.13,21.7,22.3,FALSE
"2011-03-15",24.32,24.6,23.45,TRUE
"2011-03-16",29.4,24.9,25.15,FALSE
"2011-03-17",26.37,24.15,24.4,FALSE
"2011-03-18",24.44,23.35,23.65,FALSE
"2011-03-21",20.61,21.6,22.3,FALSE
"2011-03-22",20.21,21.5,22.25,FALSE
"2011-03-23",19.17,20.5,21.6,FALSE
"2011-03-24",18,19.95,21.05,FALSE
"2011-03-25",17.91,19.75,21.05,FALSE
"2011-03-28",19.44,20.3,21.55,FALSE
"2011-03-29",18.16,19.6,20.95,FALSE
"2011-03-30",17.71,19.25,20.7,FALSE
"2011-03-31",17.74,19.3,20.8,FALSE
"2011-04-01",17.4,19.05,20.55,FALSE
"2011-04-04",17.5,18.7,20.25,FALSE
"2011-04-05",17.25,18.55,20.15,FALSE
"2011-04-06",16.9,18.35,20.15,FALSE
"2011-04-07",17.11,18.4,20.35,FALSE
"2011-04-08",17.87,18.65,20.65,FALSE
"2011-04-11",16.59,18.4,20.45,FALSE
"2011-04-12",17.09,18.7,20.7,FALSE
"2011-04-13",16.92,18.3,20.35,FALSE
"2011-04-14",16.27,17.9,20.15,FALSE
"2011-04-15",15.32,16.75,19.65,FALSE
"2011-04-18",16.96,17.3,20.2,FALSE
"2011-04-19",15.83,16,19.1,TRUE
"2011-04-20",15.07,18.15,20.35,FALSE
"2011-04-21",14.69,17.9,20,FALSE
"2011-04-22",14.69,17.9,20,FALSE
"2011-04-25",15.77,17.45,19.6,FALSE
"2011-04-26",15.62,17.3,19.2,FALSE
"2011-04-27",15.35,17,18.75,FALSE
"2011-04-28",14.62,16.75,18.4,FALSE
"2011-04-29",14.75,16.7,18.35,FALSE
"2011-05-02",15.99,17.25,18.8,FALSE
"2011-05-03",16.7,17.7,19.35,FALSE
"2011-05-04",17.08,17.95,19.55,FALSE
"2011-05-05",18.2,18.3,19.8,FALSE
"2011-05-06",18.4,18.15,19.55,FALSE
"2011-05-09",17.16,17.45,18.85,FALSE
"2011-05-10",15.91,16.65,18.2,FALSE
"2011-05-11",16.95,17.2,18.65,FALSE
"2011-05-12",16.03,16.65,18.35,FALSE
"2011-05-13",17.07,17.35,18.65,FALSE
"2011-05-16",18.24,18,19.05,FALSE
"2011-05-17",17.55,17.75,18.7,TRUE
"2011-05-18",16.23,18.05,19.75,FALSE
"2011-05-19",15.52,17.65,19.6,FALSE
"2011-05-20",17.43,18.05,20,FALSE
"2011-05-23",18.27,18.55,20.3,FALSE
"2011-05-24",17.82,18.3,20.15,FALSE
"2011-05-25",17.07,17.95,19.9,FALSE
"2011-05-26",16.09,17.45,19.35,FALSE
"2011-05-27",15.98,17.1,19.05,FALSE
"2011-05-30",15.98,17.1,19.05,FALSE
"2011-05-31",15.45,16.55,18.55,FALSE
"2011-06-01",18.3,17.95,19.55,FALSE
"2011-06-02",18.09,17.8,19.35,FALSE
"2011-06-03",17.95,17.95,19.45,FALSE
"2011-06-06",18.49,18.2,19.65,FALSE
"2011-06-07",18.07,18.1,19.35,FALSE
"2011-06-08",18.79,18.5,19.55,FALSE
"2011-06-09",17.77,17.75,19,FALSE
"2011-06-10",18.86,18.9,19.6,FALSE
"2011-06-13",19.61,19.55,20,FALSE
"2011-06-14",18.26,18.2,19.2,TRUE
"2011-06-15",21.32,20.95,21.25,FALSE
"2011-06-16",22.73,21.95,22.3,FALSE
"2011-06-17",21.85,21.45,22,FALSE
"2011-06-20",19.99,20.45,21.15,FALSE
"2011-06-21",18.86,19.95,20.8,FALSE
"2011-06-22",18.52,20.3,21.1,FALSE
"2011-06-23",19.29,19.85,20.8,FALSE
"2011-06-24",21.1,21.05,21.55,FALSE
"2011-06-27",20.56,20.6,21,FALSE
"2011-06-28",19.17,19.5,20.2,FALSE
"2011-06-29",17.27,18.5,19.35,FALSE
"2011-06-30",16.52,17.7,18.75,FALSE
"2011-07-01",15.87,16.95,17.95,FALSE
"2011-07-04",15.87,16.95,17.95,FALSE
"2011-07-05",16.06,16.95,18.1,FALSE
"2011-07-06",16.34,17.25,18.35,FALSE
"2011-07-07",15.95,16.75,17.85,FALSE
"2011-07-08",15.95,17.1,18.25,FALSE
"2011-07-11",18.39,18.85,19.6,FALSE
"2011-07-12",19.87,19.6,20,FALSE
"2011-07-13",19.91,19.9,20.05,FALSE
"2011-07-14",20.8,20.65,20.65,FALSE
"2011-07-15",19.53,20.15,20.2,FALSE
"2011-07-18",20.95,21.15,21,FALSE
"2011-07-19",19.21,19.25,19.75,TRUE
"2011-07-20",19.09,19.35,21,FALSE
"2011-07-21",17.56,18.35,20.05,FALSE
"2011-07-22",17.52,18.25,19.9,FALSE
"2011-07-25",19.35,19.35,20.3,FALSE
"2011-07-26",20.23,19.65,20.7,FALSE
"2011-07-27",22.98,21.3,21.75,FALSE
"2011-07-28",23.74,21.35,21.7,FALSE
"2011-07-29",25.25,21.1,21.1,FALSE
"2011-08-01",23.66,20.7,20.6,FALSE
"2011-08-02",24.79,22.3,22,FALSE
"2011-08-03",23.38,22,21.85,FALSE
"2011-08-04",31.66,27.45,25.9,FALSE
"2011-08-05",32,29.15,26.2,FALSE
"2011-08-08",48,36.55,30.2,FALSE
"2011-08-09",35.06,30.5,25.4,FALSE
"2011-08-10",42.99,36,28.75,FALSE
"2011-08-11",39,35.15,27.65,FALSE
"2011-08-12",36.36,35,27.85,FALSE
"2011-08-15",31.87,32.1,26.7,FALSE
"2011-08-16",32.85,33.65,26.9,TRUE
"2011-08-17",31.58,27.95,26.8,FALSE
"2011-08-18",42.67,33.4,30.2,FALSE
"2011-08-19",43.05,35.35,31.6,FALSE
"2011-08-22",42.44,36.45,32.65,FALSE
"2011-08-23",36.27,34.3,31.75,FALSE
"2011-08-24",35.9,33.55,31.45,FALSE
"2011-08-25",39.76,34.75,31.75,FALSE
"2011-08-26",35.59,34,31,FALSE
"2011-08-29",32.28,31.65,29.7,FALSE
"2011-08-30",32.89,32.5,30.55,FALSE
"2011-08-31",31.62,31.65,30.2,FALSE
"2011-09-01",31.82,32.15,30.7,FALSE
"2011-09-02",33.92,34.5,32.05,FALSE
"2011-09-05",33.92,34.5,32.05,FALSE
"2011-09-06",37,35.75,32.85,FALSE
"2011-09-07",33.38,33.55,31.4,FALSE
"2011-09-08",34.32,34.6,32.15,FALSE
"2011-09-09",38.52,38.55,34.55,FALSE
"2011-09-12",38.59,38.3,35.05,FALSE
"2011-09-13",36.91,37.85,35.15,FALSE
"2011-09-14",34.6,35.75,34.1,FALSE
"2011-09-15",31.97,33.2,32.55,FALSE
"2011-09-16",30.98,32.05,31.85,FALSE
"2011-09-19",32.73,33.7,33.1,FALSE
"2011-09-20",32.86,33.5,32.95,TRUE
"2011-09-21",37.32,35.75,33.75,FALSE
"2011-09-22",41.35,38.55,35.75,FALSE
"2011-09-23",41.25,39.1,35.9,FALSE
"2011-09-26",39.02,37.5,34.7,FALSE
"2011-09-27",37.71,36.75,34.3,FALSE
"2011-09-28",41.08,39.45,36.05,FALSE
"2011-09-29",38.84,38.6,35.3,FALSE
"2011-09-30",42.96,42.15,37.75,FALSE
"2011-10-03",45.45,45.05,40.55,FALSE
"2011-10-04",40.82,40.8,38.1,FALSE
"2011-10-05",37.81,38.45,36.3,FALSE
"2011-10-06",36.27,37.85,35.9,FALSE
"2011-10-07",36.2,37.95,35.95,FALSE
"2011-10-10",33.02,34.7,33.65,FALSE
"2011-10-11",32.86,34.5,33.5,FALSE
"2011-10-12",31.26,32.25,31.45,FALSE
"2011-10-13",30.7,32.1,31.2,FALSE
"2011-10-14",28.24,29.75,29.35,FALSE
"2011-10-17",33.39,34.2,32.95,FALSE
"2011-10-18",31.56,32.15,31,TRUE
"2011-10-19",34.44,33.85,31.55,FALSE
"2011-10-20",34.78,34.1,31.55,FALSE
"2011-10-21",31.32,31.55,30.05,FALSE
"2011-10-24",29.26,29.75,28.85,FALSE
