Name,BOFA ML EMU CORP. (E) - RED. YIELD,BOFA ML US CORP BBB-A ($) - RED. YIELD,ITRAXX CROSSOVER 5YR (EOD) SR15 - CDS PREM. BID,BOFA ML EUROPEAN CUR HY (E) - RED. YIELD,BOFA ML US HY MASTER II ($) - RED. YIELD,JPM EMBI+ COMPOSITE - BLENDED YIELD MAT
12/31/1997,5.15,6.74,,9.208,9.06,9.894
1/7/1998,5.15,6.55,,10.907,8.97,9.985
1/14/1998,5.15,6.47,,10.819,8.91,10.097
1/21/1998,5.15,6.54,,10.891,8.9,10.267
1/28/1998,5.15,6.68,,10.773,8.94,10.306
2/4/1998,5.15,6.6,,10.455,8.88,9.872
2/11/1998,5.15,6.62,,10.408,8.88,9.664
2/18/1998,5.15,6.57,,10.369,8.86,9.717
2/25/1998,5.15,6.7,,10.39,8.92,9.761
3/4/1998,5.15,6.79,,10.413,8.94,9.755
3/11/1998,5.15,6.68,,10.279,8.91,9.606
3/18/1998,5.15,6.65,,10.187,8.85,9.408
3/25/1998,5.15,6.7,,10.221,8.84,9.453
4/1/1998,4.84,6.65,,10.076,8.84,9.46
4/8/1998,4.8,6.62,,9.965,8.81,9.544
4/15/1998,4.82,6.64,,9.946,8.82,9.455
4/22/1998,4.84,6.7,,10.004,8.84,9.562
4/29/1998,4.92,6.82,,10.097,8.94,9.79
5/6/1998,4.92,6.67,,10.04,8.96,9.644
5/13/1998,4.89,6.69,,10.218,9,9.773
5/20/1998,4.86,6.65,,10.298,9.02,9.863
5/27/1998,4.8,6.62,,10.268,9.01,10.112
6/3/1998,4.79,6.62,,9.708,9.12,9.88
6/10/1998,4.79,6.57,,9.751,9.12,10.018
6/17/1998,4.77,6.61,,9.863,9.19,10.07
6/24/1998,4.73,6.55,,9.946,9.18,10.239
7/1/1998,4.72,6.55,,9.892,9.19,10.466
7/8/1998,4.67,6.55,,9.916,9.17,10.621
7/15/1998,4.66,6.59,,9.899,9.17,10.249
7/22/1998,4.66,6.58,,9.867,9.16,10.189
7/29/1998,4.64,6.64,,9.829,9.2,10.706
8/5/1998,4.61,6.58,,9.787,9.28,10.877
8/12/1998,4.52,6.54,,9.968,9.44,12.501
8/19/1998,4.5,6.57,,10.145,9.56,12.873
8/26/1998,4.4,6.43,,10.421,9.81,15.216
9/2/1998,4.4,6.71,,11.761,10.47,15.483
9/9/1998,4.29,6.56,,11.95,10.44,16.085
9/16/1998,4.24,6.5,,12.096,10.62,15.235
9/23/1998,4.25,6.38,,12.318,10.51,14.182
9/30/1998,4.17,6.23,,12.09,10.44,14.564
10/7/1998,4.15,6.21,,12.691,10.67,14.681
10/14/1998,4.32,6.43,,12.879,11.2,14.363
10/21/1998,4.27,6.4,,13.004,11.16,13.644
10/28/1998,4.26,6.36,,12.538,11.04,14.074
11/4/1998,4.28,6.72,,12.161,10.98,13.52
11/11/1998,4.31,6.67,,11.849,10.77,13.505
11/18/1998,4.22,6.66,,11.205,10.54,13.396
11/25/1998,4.15,6.61,,10.771,10.37,12.929
12/2/1998,4.07,6.24,,10.833,10.29,13.261
12/9/1998,3.96,6.25,,10.846,10.35,13.516
12/16/1998,3.98,6.28,,10.886,10.45,13.855
12/23/1998,4,6.49,,11.105,10.51,13.682
12/30/1998,4.07,6.37,,11.102,10.48,13.659
1/6/1999,3.95,6.41,,10.851,10.48,13.113
1/13/1999,3.89,6.39,,10.891,10.53,15.532
1/20/1999,3.87,6.42,,10.681,10.49,14.184
1/27/1999,3.82,6.35,,10.48,10.46,14.89
2/3/1999,3.9,6.45,,10.35,10.49,14.216
2/10/1999,3.93,6.49,,10.222,10.5,14.422
2/17/1999,4,6.55,,10.223,10.52,14.117
2/24/1999,3.95,6.71,,10.314,10.64,14.524
3/3/1999,4.18,6.82,,10.505,10.77,16.08
3/10/1999,4.07,6.69,,10.491,10.72,15.158
3/17/1999,3.98,6.6,,10.401,10.66,14.783
3/24/1999,4.03,6.61,,10.22,10.64,14.887
3/31/1999,3.99,6.66,,10.183,10.6,14.512
4/7/1999,3.97,6.56,,10.031,10.5,14.153
4/14/1999,3.84,6.54,,9.981,10.4,13.61
4/21/1999,3.81,6.54,,9.936,10.37,13.455
4/28/1999,3.82,6.61,,9.883,10.37,13.659
5/5/1999,3.89,6.72,,9.794,10.23,13.482
5/12/1999,3.91,6.83,,9.824,10.33,13.72
5/19/1999,3.97,6.92,,9.853,10.44,14.494
5/26/1999,3.92,6.95,,10.212,10.52,14.541
6/2/1999,4.17,7.18,,10.232,10.6,14.955
6/9/1999,4.17,7.24,,10.28,10.63,14.772
6/16/1999,4.26,7.29,,10.336,10.69,14.565
6/23/1999,4.38,7.35,,10.277,10.71,14.527
6/30/1999,4.44,7.21,,10.07,10.69,14.299
7/7/1999,4.64,7.29,,10,10.68,14.462
7/14/1999,4.57,7.15,,9.994,10.63,14.808
7/21/1999,4.59,7.08,,10.047,10.58,14.922
7/28/1999,4.65,7.25,,10.199,10.75,14.999
8/4/1999,4.94,7.42,,10.445,10.75,15.498
8/11/1999,5.04,7.6,,10.792,10.9,15.64
8/18/1999,4.88,7.43,,10.564,10.84,15.256
8/25/1999,4.82,7.3,,10.523,10.84,15.043
9/1/1999,4.99,7.55,,10.525,10.93,15.217
9/8/1999,5.07,7.51,,10.545,10.95,15.017
9/15/1999,5.17,7.5,,10.696,10.98,14.862
9/22/1999,5.09,7.48,,10.792,11.03,14.87
9/29/1999,5.11,7.53,,10.801,11.11,14.846
10/6/1999,5.26,7.59,,10.872,11.07,14.708
10/13/1999,5.36,7.65,,10.799,11.11,14.9
10/20/1999,5.5,7.7,,10.876,11.17,14.905
10/27/1999,5.43,7.7,,10.889,11.24,14.544
11/3/1999,5.29,7.5,,10.821,11.15,14.036
11/10/1999,5.16,7.46,,10.623,11.1,13.826
11/17/1999,5.14,7.51,,10.497,11.14,13.881
11/24/1999,5.3,7.56,,10.569,11.11,13.72
12/1/1999,5.26,7.63,,10.495,11.04,14.043
12/8/1999,5.23,7.54,,10.444,10.95,13.765
12/15/1999,5.23,7.65,,10.459,10.94,13.449
12/22/1999,5.39,7.78,,10.484,11.04,13.423
12/29/1999,5.43,7.74,,10.477,11.07,13.348
1/5/2000,5.58,7.9,,10.697,11.37,13.534
1/12/2000,5.6,7.94,,10.725,11.41,13.797
1/19/2000,5.63,7.92,,10.643,11.45,13.685
1/26/2000,5.61,7.87,,10.59,11.46,13.655
2/2/2000,5.61,7.92,,10.604,11.52,13.871
2/9/2000,5.67,7.98,,10.573,11.52,13.313
2/16/2000,5.71,7.94,,10.592,11.52,13.153
2/23/2000,5.62,7.87,,10.543,11.54,13.118
3/1/2000,5.68,7.91,,10.616,11.62,12.95
3/8/2000,5.67,7.93,,10.364,11.66,12.505
3/15/2000,5.65,7.88,,10.377,11.75,12.663
3/22/2000,5.53,7.81,,10.496,11.82,12.279
3/29/2000,5.58,7.87,,10.659,12.02,12.418
4/5/2000,5.51,7.75,,10.896,11.99,12.876
4/12/2000,5.55,7.89,,10.807,11.99,12.884
4/19/2000,5.62,7.88,,11.028,11.99,12.003
4/26/2000,5.65,8.03,,11,12.05,11.997
5/3/2000,5.83,8.29,,11.125,12.3,12.264
5/10/2000,5.83,8.39,,11.204,12.42,12.934
5/17/2000,5.98,8.47,,11.468,12.45,12.904
5/24/2000,5.93,8.46,,11.983,12.61,13.083
5/31/2000,5.9,8.4,,11.846,12.6,12.695
6/7/2000,5.78,8.19,,11.634,12.46,12.134
6/14/2000,5.85,8.11,,11.611,12.38,11.868
6/21/2000,5.89,8.14,,11.611,12.33,11.928
6/28/2000,5.95,8.14,,11.684,12.3,11.96
7/5/2000,5.92,8.02,,11.948,12.3,11.787
7/12/2000,5.95,8.07,,11.929,12.32,11.735
7/19/2000,6.02,8.12,,11.934,12.25,11.817
7/26/2000,5.91,7.99,,12.001,12.25,11.65
8/2/2000,5.95,7.92,,12.079,12.37,11.685
8/9/2000,5.95,7.86,,12.223,12.31,11.454
8/16/2000,6.04,7.91,,12.175,12.38,11.512
8/23/2000,6.04,7.86,,12.246,12.37,11.443
8/30/2000,6.08,7.92,,12.354,12.3,11.425
9/6/2000,6.04,7.81,,12.344,12.27,11.271
9/13/2000,6.03,7.8,,12.332,12.25,11.532
9/20/2000,5.99,7.86,,12.636,12.41,12.016
9/27/2000,5.98,7.78,,12.976,12.55,11.785
10/4/2000,5.94,7.82,,13.339,12.72,11.699
10/11/2000,5.92,7.76,,13.722,12.94,11.846
10/18/2000,5.97,7.76,,14.681,13.3,12.377
10/25/2000,6.02,7.8,,14.1,13.29,12.564
11/1/2000,5.99,7.89,,14.014,13.46,12.285
11/8/2000,6.02,7.96,,14.247,13.55,12.73
11/15/2000,5.94,7.84,,14.348,13.59,12.284
11/22/2000,5.93,7.8,,15.305,13.94,12.331
11/29/2000,5.89,7.8,,15.282,14.2,12.35
12/6/2000,5.73,7.65,,15.746,14.4,12.147
12/13/2000,5.72,7.62,,15.247,14.14,12.117
12/20/2000,5.61,7.41,,14.711,14.03,11.831
12/27/2000,5.6,7.46,,14.698,14.1,11.782
1/3/2001,5.43,7.43,,14.951,14.1,11.647
1/10/2001,5.46,7.27,,14.451,13.63,11.509
1/17/2001,5.49,7.3,,13.841,13.25,11.386
1/24/2001,5.5,7.3,,13.516,13.09,11.317
1/31/2001,5.41,7.03,,13.506,12.78,11.058
2/7/2001,5.38,7.07,,13.233,12.61,11.264
2/14/2001,5.41,7.14,,13.305,12.54,11.169
2/21/2001,5.49,7.14,,13.638,12.56,11.564
2/28/2001,5.42,6.93,,13.58,12.45,11.466
3/7/2001,5.42,6.91,,13.626,12.39,11.133
3/14/2001,5.38,6.86,,14.172,12.54,11.334
3/21/2001,5.3,6.75,,14.783,12.79,11.537
3/28/2001,5.28,6.92,,14.826,12.8,11.676
4/4/2001,5.34,6.82,,15.509,13.17,11.934
4/11/2001,5.44,6.98,,15.608,13.32,11.76
4/18/2001,5.52,6.96,,14.947,13.16,11.83
4/25/2001,5.54,6.97,,15.181,13.09,12.676
5/2/2001,5.61,6.87,,14.294,12.77,12.336
5/9/2001,5.49,6.74,,14.16,12.69,12.04
5/16/2001,5.51,6.92,,14.337,12.75,12.127
5/23/2001,5.55,6.89,,14.18,12.69,11.842
5/30/2001,5.52,6.94,,14.094,12.73,12.086
6/6/2001,5.42,6.72,,13.969,12.67,11.945
6/13/2001,5.49,6.72,,14.285,12.86,11.843
6/20/2001,5.41,6.68,,15.799,13.17,12.099
6/27/2001,5.37,6.72,,15.682,13.24,12.035
7/4/2001,5.51,6.83,,14.814,13.11,12.44
7/11/2001,5.44,6.75,,15.528,13.21,13.301
7/18/2001,5.42,6.58,,16.368,13.15,13.607
7/25/2001,5.37,6.6,,15.931,13.11,13.285
8/1/2001,5.3,6.46,,15.257,12.78,13.868
8/8/2001,5.29,6.43,,15.215,12.61,13.171
8/15/2001,5.2,6.45,,15.396,12.62,13.18
8/22/2001,5.22,6.42,,15.765,12.72,13.108
8/29/2001,5.19,6.3,,15.816,12.7,12.805
9/5/2001,5.33,6.48,,15.486,12.62,12.873
9/12/2001,4.75,6.37,,15.858,12.72,13.081
9/19/2001,5.2,6.29,,17.077,13.63,13.434
9/26/2001,5.26,6.3,,17.846,13.97,13.934
10/3/2001,5.08,6.2,,18.804,14.03,13.973
10/10/2001,5.16,6.26,,17.808,13.85,14.109
10/17/2001,5.11,6.2,,17.397,13.55,13.503
10/24/2001,5.02,6.21,,17.626,13.56,13.565
10/31/2001,4.89,6.08,,17.224,13.3,13.908
11/7/2001,4.71,5.99,,17.005,13.14,13.654
11/14/2001,4.88,6.21,,16.806,13.02,13.951
11/21/2001,5.05,6.53,,16.008,12.69,14.253
11/28/2001,5.11,6.47,,15.78,12.57,14.2
12/5/2001,5.06,6.46,,17.914,12.65,11.969
12/12/2001,5.06,6.49,,18.014,12.83,11.888
12/19/2001,5.11,6.56,,18.001,12.89,12.045
12/26/2001,5.17,6.67,,17.837,12.91,12.28
1/2/2002,5.22,6.61,,15.805,12.76,11.484
1/9/2002,5.17,6.47,,15.247,12.55,11.332
1/16/2002,5.09,6.28,,15.294,12.56,11.363
1/23/2002,5.17,6.42,,15.667,12.66,11.207
1/30/2002,5.29,6.45,,16.397,12.67,11.394
2/6/2002,5.29,6.59,,15.836,12.36,11.278
2/13/2002,5.41,6.63,,15.904,12.4,11.106
2/20/2002,5.38,6.56,,16.332,12.47,10.951
2/27/2002,5.37,6.46,,16.937,12.54,10.841
3/6/2002,5.52,6.62,,16.335,12.29,10.661
3/13/2002,5.57,6.79,,15.97,12.13,10.744
3/20/2002,5.57,6.91,,15.652,12.03,10.755
3/27/2002,5.61,6.86,,15.755,12.04,10.807
4/3/2002,5.6,6.83,,15.212,11.96,10.683
4/10/2002,5.57,6.79,,15.048,11.9,10.587
4/17/2002,5.56,6.74,,14.942,11.82,10.497
4/24/2002,5.52,6.7,,14.962,11.75,10.546
5/1/2002,5.54,6.81,,14.986,11.44,10.681
5/8/2002,5.62,6.9,,15.38,11.57,10.834
5/15/2002,5.73,6.9,,15.268,11.61,10.834
5/22/2002,5.61,6.75,,15.685,11.65,10.879
5/29/2002,5.6,6.66,,15.388,11.62,10.917
6/5/2002,5.59,6.41,,14.62,11.77,11.165
6/12/2002,5.55,6.4,,14.44,12.05,11.504
6/19/2002,5.45,6.2,,14.485,12.08,11.572
6/26/2002,5.52,6.35,,15.187,13.05,12.297
7/3/2002,5.53,6.45,,15.219,13.14,12.313
7/10/2002,5.51,6.3,,15.374,13.03,12.033
7/17/2002,5.5,6.43,,15.686,13.13,11.916
7/24/2002,5.41,6.48,,15.895,13.54,12.221
7/31/2002,5.35,6.47,,15.81,13.49,13.226
8/7/2002,5.23,6.37,,16.1,13.44,12.563
8/14/2002,5.16,6.31,,16.294,13.65,12.81
8/21/2002,5.26,6.23,,16.346,13.43,12.276
8/28/2002,5.15,6.18,,15.815,13.01,12.06
9/4/2002,5,6.02,,15.672,13.18,12.098
9/11/2002,5.04,6.14,,15.454,13.18,12.05
9/18/2002,4.86,5.89,,15.452,13.04,12.383
9/25/2002,4.89,5.95,,16.424,13.53,12.566
10/2/2002,4.9,5.89,,16.896,13.57,12.558
10/9/2002,5.01,6.15,,18.016,14.2,12.685
10/16/2002,5.23,6.46,,17.562,14.18,12.725
10/23/2002,5.21,6.6,,16.478,14.15,12.316
10/30/2002,5.15,6.22,,15.685,13.89,12.005
11/6/2002,5.11,6.01,,14.94,13.34,11.793
11/13/2002,4.97,5.82,,15.318,13.19,11.633
11/20/2002,4.87,5.79,,14.821,12.76,11.227
11/27/2002,4.92,5.87,,14.214,12.51,11.351
12/4/2002,4.79,5.78,,14.143,12.35,11.205
12/11/2002,4.65,5.61,,14.241,12.42,11.084
12/18/2002,4.52,5.53,,13.959,12.27,10.902
12/25/2002,4.51,5.41,,14.032,12.23,10.823
1/1/2003,4.41,5.31,,13.769,12.03,10.677
1/8/2003,4.37,5.37,,12.806,11.5,10.461
1/15/2003,4.36,5.36,,11.891,11.35,10.498
1/22/2003,4.25,5.26,,12.066,11.46,10.69
1/29/2003,4.21,5.34,,12.186,11.58,10.628
2/5/2003,4.22,5.28,,11.998,11.56,10.594
2/12/2003,4.1,5.17,,11.969,11.67,10.536
2/19/2003,4.03,5.11,,11.964,11.64,10.433
2/26/2003,4.04,5.02,,12,11.47,10.236
3/5/2003,4.01,4.9,,11.994,11.28,10.091
3/12/2003,4.04,4.93,,12.608,11.26,9.967
3/19/2003,4.4,5.19,,12.351,11.18,10.201
3/26/2003,4.3,5.1,,11.908,11.05,10.077
4/2/2003,4.21,5.03,,11.384,10.66,9.804
4/9/2003,4.25,4.97,,11.034,10.54,9.748
4/16/2003,4.23,4.95,,10.757,10.35,9.562
4/23/2003,4.15,4.9,,10.646,10.08,9.449
4/30/2003,4.05,4.73,,9.639,9.71,9.247
5/7/2003,3.9,4.51,,9.286,9.55,8.994
5/14/2003,3.82,4.42,,9.472,9.56,8.732
5/21/2003,3.7,4.35,,9.561,9.63,8.827
5/28/2003,3.7,4.31,,9.384,9.68,8.709
6/4/2003,3.58,4.19,,9.127,9.43,8.424
6/11/2003,3.38,4.07,,8.604,9.21,8.258
6/18/2003,3.52,4.16,,8.231,8.94,8.226
6/25/2003,3.48,4.16,,8.434,9.02,8.415
7/2/2003,3.72,4.3,,8.68,9.18,8.681
7/9/2003,3.74,4.4,,8.744,9.11,8.963
7/16/2003,3.81,4.55,,8.729,9.08,9.12
7/23/2003,3.81,4.63,,8.696,9.16,8.953
7/30/2003,3.87,4.82,,8.768,9.42,9.272
8/6/2003,4.1,4.95,,8.983,9.66,9.681
8/13/2003,4.07,5.1,,8.977,9.75,9.476
8/20/2003,4.09,4.99,,8.825,9.51,9.181
8/27/2003,4.1,5.09,,8.639,9.32,9.108
9/3/2003,4.22,5.11,,8.255,9.16,9.178
9/10/2003,4.07,4.78,,8.259,9.04,8.812
9/17/2003,3.97,4.67,,8.182,8.96,8.728
9/24/2003,3.89,4.63,,8.147,8.89,8.703
10/1/2003,3.79,4.46,,8.177,8.82,8.697
10/8/2003,4.01,4.69,,8.094,8.75,8.571
10/15/2003,4.1,4.79,,7.937,8.59,8.561
10/22/2003,4.09,4.71,,7.876,8.54,8.715
10/29/2003,4.1,4.68,,7.861,8.52,8.741
11/5/2003,4.17,4.82,,7.804,8.5,8.658
11/12/2003,4.26,4.85,,7.676,8.51,8.654
11/19/2003,4.08,4.65,,7.688,8.39,8.614
11/26/2003,4.15,4.66,,7.761,8.32,8.548
12/3/2003,4.2,4.81,,7.765,8.26,8.511
12/10/2003,4.13,4.68,,7.602,8.13,8.361
12/17/2003,4.04,4.55,,7.726,8.06,8.23
12/24/2003,4.05,4.54,,7.744,7.98,8.225
12/31/2003,4.05,4.58,,8.033,8.02,8.184
1/7/2004,3.96,4.55,,7.671,7.77,7.938
1/14/2004,3.88,4.31,,7.423,7.64,7.838
1/21/2004,3.87,4.34,,7.375,7.55,7.856
1/28/2004,3.86,4.48,,7.576,7.63,8.008
2/4/2004,3.94,4.46,,7.719,7.89,8.252
2/11/2004,3.87,4.37,,7.549,7.89,8.162
2/18/2004,3.77,4.35,,7.416,7.8,8.235
2/25/2004,3.77,4.33,,7.442,7.87,8.309
3/3/2004,3.85,4.41,,7.349,7.85,8.18
3/10/2004,3.66,4.13,,7.177,7.73,7.933
3/17/2004,3.62,4.1,,7.179,7.79,7.916
3/24/2004,3.57,4.12,,7.242,7.85,7.931
3/31/2004,3.63,4.24,,7.146,7.85,7.948
4/7/2004,3.76,4.51,,7.1,7.87,8.125
4/14/2004,3.86,4.71,,7.108,7.94,8.328
4/21/2004,3.86,4.76,,7.084,7.93,8.675
4/28/2004,3.87,4.81,,7.049,7.91,8.978
5/5/2004,3.85,4.93,,7.194,8.17,9.167
5/12/2004,4.03,5.19,,7.576,8.65,9.847
5/19/2004,4.05,5.18,,7.663,8.63,9.481
5/26/2004,4,5.07,,7.561,8.51,9.423
6/2/2004,4.08,5.18,,7.685,8.55,9.43
6/9/2004,4.09,5.26,,7.532,8.48,9.385
6/16/2004,4.11,5.21,,7.485,8.41,9.38
6/23/2004,4.09,5.16,,7.397,8.31,9.224
6/30/2004,4.07,5.14,,7.585,8.39,9.264
7/7/2004,3.97,5,,7.559,8.27,9.07
7/14/2004,3.98,5.01,,7.537,8.16,8.962
7/21/2004,3.99,5.01,,7.448,8.07,8.954
7/28/2004,4.02,5.09,,7.524,8.23,9.076
8/4/2004,3.92,5,,7.459,8.21,8.884
8/11/2004,3.82,4.86,,7.439,8.16,8.707
8/18/2004,3.79,4.78,,7.39,8.09,8.519
8/25/2004,3.79,4.8,,7.318,8,8.423
9/1/2004,3.74,4.69,,7.298,7.98,8.331
9/8/2004,3.87,4.72,,7.243,7.93,8.284
9/15/2004,3.79,4.71,,7.153,7.83,8.238
9/22/2004,3.73,4.58,,7.069,7.77,8.021
9/29/2004,3.72,4.68,,7.119,7.82,8.173
10/6/2004,3.74,4.79,,7.128,7.85,8.117
10/13/2004,3.65,4.64,,7.076,7.78,7.994
10/20/2004,3.61,4.6,,7.152,7.78,8.092
10/27/2004,3.59,4.67,,7.072,7.67,8.073
11/3/2004,3.66,4.65,,6.908,7.53,7.952
11/10/2004,3.63,4.83,,6.781,7.55,8.062
11/17/2004,3.55,4.73,,6.681,7.47,7.865
11/24/2004,3.51,4.8,,6.607,7.43,7.846
12/1/2004,3.49,4.93,,6.595,7.51,7.966
12/8/2004,3.39,4.72,,6.508,7.4,7.804
12/15/2004,3.34,4.68,,6.481,7.31,7.663
12/22/2004,3.45,4.77,,6.447,7.31,7.653
12/29/2004,3.5,4.87,,6.423,7.33,7.701
1/5/2005,3.51,4.94,,6.494,7.45,7.872
1/12/2005,3.44,4.92,,6.543,7.55,7.822
1/19/2005,3.38,4.9,,6.525,7.57,7.881
1/26/2005,3.39,4.9,,6.469,7.59,7.721
2/2/2005,3.38,4.88,,6.512,7.54,7.712
2/9/2005,3.33,4.74,,6.394,7.44,7.48
2/16/2005,3.36,4.9,,6.285,7.4,7.582
2/23/2005,3.45,4.97,,6.368,7.41,7.66
3/2/2005,3.52,5.08,,6.332,7.49,7.683
3/9/2005,3.48,5.2,,6.26,7.48,7.7
3/16/2005,3.5,5.26,,6.439,7.64,8.026
3/23/2005,3.62,5.42,,6.714,7.96,8.3
3/30/2005,3.57,5.42,,6.748,8.08,8.255
4/6/2005,3.52,5.33,,7.034,8.05,8.083
4/13/2005,3.49,5.32,,6.972,8.1,7.972
4/20/2005,3.47,5.22,,7.238,8.25,8.053
4/27/2005,3.42,5.24,,7.191,8.38,7.987
5/4/2005,3.4,5.23,,7.328,8.41,7.87
5/11/2005,3.39,5.31,,7.52,8.53,7.942
5/18/2005,3.41,5.24,,7.868,8.7,7.883
5/25/2005,3.32,5.21,,7.448,8.36,7.726
6/1/2005,3.16,4.93,,7.577,8.2,7.563
6/8/2005,3.06,4.96,,7.167,8.13,7.628
6/15/2005,3.16,5.11,,7.012,8.08,7.241
6/22/2005,3.04,4.97,,7.015,8.06,7.08
6/29/2005,3.05,5.01,,7.053,8.04,7.082
7/6/2005,3.15,5.11,,6.935,8.07,7.078
7/13/2005,3.17,5.16,,6.825,7.96,7.03
7/20/2005,3.2,5.14,,6.721,7.91,7.062
7/27/2005,3.15,5.22,,6.684,7.87,7.138
8/3/2005,3.26,5.25,,6.628,7.9,7.094
8/10/2005,3.29,5.35,,6.73,7.99,7.107
8/17/2005,3.17,5.25,,6.688,7.95,7.099
8/24/2005,3.14,5.16,,6.589,7.89,7.121
8/31/2005,3.09,5.01,,6.634,7.98,6.958
9/7/2005,3.07,5.11,,6.637,8.02,6.942
9/14/2005,3.08,5.13,,6.581,8,6.87
9/21/2005,3.04,5.18,,6.649,8.19,6.789
9/28/2005,3.16,5.27,,6.682,8.24,6.801
10/5/2005,3.21,5.38,,6.693,8.16,6.9
10/12/2005,3.28,5.48,,6.956,8.4,7.15
10/19/2005,3.3,5.48,,6.736,8.31,7.136
10/26/2005,3.41,5.62,,6.685,8.33,7.152
11/2/2005,3.53,5.67,,6.964,8.4,7.095
11/9/2005,3.62,5.71,,6.956,8.42,7.11
11/16/2005,3.53,5.62,,7.18,8.51,6.97
11/23/2005,3.59,5.6,,7.235,8.46,6.866
11/30/2005,3.59,5.65,,7.366,8.5,6.986
12/7/2005,3.55,5.68,,7.405,8.5,6.946
12/14/2005,3.57,5.61,,7.231,8.45,6.879
12/21/2005,3.63,5.66,,7.249,8.43,6.905
12/28/2005,3.58,5.56,,7.29,8.42,6.782
1/4/2006,3.5,5.44,,7.457,8.36,6.699
1/11/2006,3.54,5.55,,7.107,8.26,6.725
1/18/2006,3.52,5.43,,7.203,8.31,6.69
1/25/2006,3.65,5.55,,7.094,8.25,6.659
2/1/2006,3.74,5.64,,6.998,8.23,6.699
2/8/2006,3.72,5.67,,7.2,8.3,6.675
2/15/2006,3.71,5.7,,7.154,8.28,6.583
2/22/2006,3.67,5.63,,7.067,8.23,6.533
3/1/2006,3.77,5.68,,7.129,8.31,6.453
3/8/2006,3.9,5.8,,7.133,8.39,6.757
3/15/2006,3.94,5.77,,7.054,8.33,6.674
3/22/2006,3.92,5.76,,6.967,8.24,6.688
3/29/2006,4.02,5.87,,6.991,8.29,6.791
4/5/2006,4.11,5.89,,6.989,8.27,6.844
4/12/2006,4.11,6.01,,7.062,8.32,6.984
4/19/2006,4.16,6.02,,7.002,8.32,6.919
4/26/2006,4.22,6.09,,6.957,8.32,6.953
5/3/2006,4.23,6.09,,6.985,8.29,6.934
5/10/2006,4.22,6.09,,6.992,8.25,6.928
5/17/2006,4.22,6.13,,6.985,8.37,7.218
5/24/2006,4.1,6.06,,7.108,8.42,7.333
5/31/2006,4.21,6.16,,7.147,8.45,7.313
6/7/2006,4.26,6.1,,7.116,8.46,7.229
6/14/2006,4.17,6.16,,7.094,8.59,7.333
6/21/2006,4.31,6.27,,7.188,8.7,7.412
6/28/2006,4.41,6.37,,7.381,8.77,7.569
7/5/2006,4.46,6.35,,7.198,8.69,7.398
7/12/2006,4.43,6.24,,7.2,8.64,7.236
7/19/2006,4.33,6.2,,7.188,8.68,7.165
7/26/2006,4.33,6.17,,7.152,8.61,7.039
8/2/2006,4.3,6.08,,7.14,8.56,6.96
8/9/2006,4.31,6.06,,7.062,8.51,6.83
8/16/2006,4.32,6,,7.003,8.48,6.749
8/23/2006,4.21,5.96,,6.988,8.47,6.776
8/30/2006,4.21,5.92,,6.935,8.41,6.751
9/6/2006,4.26,5.94,,6.978,8.41,6.738
9/13/2006,4.25,5.9,,6.996,8.37,6.752
9/20/2006,4.25,5.87,,7.019,8.36,6.761
9/27/2006,4.15,5.75,,6.993,8.32,6.731
10/4/2006,4.19,5.72,,6.987,8.26,6.714
10/11/2006,4.28,5.93,,6.954,8.28,6.759
10/18/2006,4.28,5.9,,6.842,8.22,6.671
10/25/2006,4.34,5.91,,6.818,8.24,6.665
11/1/2006,4.19,5.68,,6.778,8.13,6.559
11/8/2006,4.26,5.74,,6.698,8.07,6.562
11/15/2006,4.24,5.73,,6.634,7.99,6.534
11/22/2006,4.2,5.68,,6.601,8.02,6.546
11/29/2006,4.21,5.64,,6.65,7.99,6.545
12/6/2006,4.19,5.58,,6.618,7.86,6.446
12/13/2006,4.28,5.67,,6.597,7.89,6.418
12/20/2006,4.36,5.69,,6.612,7.88,6.393
12/27/2006,4.42,5.75,,6.63,7.85,6.422
1/3/2007,4.43,5.76,,6.705,7.89,6.402
1/10/2007,4.48,5.77,,6.716,7.87,6.507
1/17/2007,4.48,5.86,,6.669,7.82,6.486
1/24/2007,4.49,5.86,,6.628,7.77,6.536
1/31/2007,4.53,5.88,,6.619,7.85,6.592
2/7/2007,4.46,5.79,,6.76,7.72,6.5
2/14/2007,4.52,5.77,,6.636,7.68,6.454
2/21/2007,4.48,5.72,,6.634,7.59,6.42
2/28/2007,4.4,5.61,,6.638,7.69,6.454
3/7/2007,4.38,5.59,,6.777,7.74,6.457
3/14/2007,4.37,5.61,,6.765,7.77,6.437
3/21/2007,4.43,5.61,,6.737,7.73,6.371
3/28/2007,4.49,5.69,,6.728,7.75,6.39
4/4/2007,4.55,5.74,,6.749,7.81,6.369
4/11/2007,4.61,5.82,,6.748,7.79,6.385
4/18/2007,4.62,5.74,,6.707,7.71,6.344
4/25/2007,4.65,5.72,,6.694,7.64,6.297
5/2/2007,4.69,5.74,,6.714,7.68,6.343
5/9/2007,4.69,5.76,,6.7,7.65,6.351
5/16/2007,4.77,5.78,,6.685,7.62,6.363
5/23/2007,4.83,5.91,,6.662,7.62,6.416
5/30/2007,4.86,5.95,,6.666,7.66,6.487
6/6/2007,4.92,6.05,,6.757,7.73,6.575
6/13/2007,5.08,6.26,,6.946,7.93,6.842
6/20/2007,5.06,6.18,,6.93,7.92,6.689
6/27/2007,5,6.14,,7.059,8.11,6.818
7/4/2007,5.09,6.14,,7.211,8.2,6.76
7/11/2007,5.1,6.18,,7.34,8.36,6.799
7/18/2007,5.11,6.14,,7.399,8.35,6.795
7/25/2007,5.02,6.12,,7.607,8.71,6.899
8/1/2007,5.07,6.15,,8.188,9.09,7.004
8/8/2007,5.14,6.27,,7.986,8.87,6.84
8/15/2007,5.07,6.17,,8.13,8.98,7.019
8/22/2007,5.06,6.16,,8.445,9.01,7.046
8/29/2007,5.01,6.1,,8.371,8.97,6.934
9/5/2007,5.05,6,,8.575,9.03,6.879
9/12/2007,5.05,6.02,,8.615,9.06,6.807
9/19/2007,5.2,6.09,,8.368,8.77,6.612
9/26/2007,5.21,6.08,,8.175,8.67,6.648
10/3/2007,5.16,6.02,,8.205,8.67,6.592
10/10/2007,5.13,6.08,,8.019,8.56,6.556
10/17/2007,5.16,5.95,,7.974,8.57,6.527
10/24/2007,4.97,5.79,,8.156,8.69,6.497
10/31/2007,5.1,5.97,,8.251,8.78,6.398
11/7/2007,5.07,5.91,,8.451,8.95,6.509
11/14/2007,5.1,5.95,,8.782,9.17,6.527
11/21/2007,5.08,5.8,,9.371,9.61,6.668
11/28/2007,5.21,5.91,,9.32,9.55,6.592
12/5/2007,5.19,5.85,,9.285,9.48,6.491
12/12/2007,5.43,6.03,,9.308,9.41,6.486
12/19/2007,5.41,6.02,,9.281,9.5,6.537
12/26/2007,5.44,6.23,,9.343,9.6,6.517
1/2/2008,5.31,5.86,,9.419,9.68,6.489
1/9/2008,5.22,5.86,,9.931,10.13,6.473
1/16/2008,5.09,5.79,,10.107,10.13,6.453
1/23/2008,5.05,5.61,,10.58,10.39,6.518
1/30/2008,5.21,5.88,,10.408,10.02,6.497
2/6/2008,5.11,5.72,,10.708,10.11,6.531
2/13/2008,5.14,5.83,,11.038,10.42,6.617
2/20/2008,5.27,6.07,,11.122,10.54,6.708
2/27/2008,5.35,6.03,,10.97,10.37,6.634
3/5/2008,5.28,6.01,,11.332,10.62,6.613
3/12/2008,5.4,6.09,,11.62,10.92,6.644
3/19/2008,5.54,6.12,,11.877,10.98,6.632
3/26/2008,5.7,6.23,,11.752,10.79,6.627
4/2/2008,5.79,6.31,,11.636,10.8,6.659
4/9/2008,5.72,6.12,,11.215,10.54,6.564
4/16/2008,5.78,6.31,,11.191,10.52,6.524
4/23/2008,5.86,6.26,,10.817,10.25,6.609
4/30/2008,5.75,6.24,,10.715,10.14,6.6
5/7/2008,5.7,6.24,,10.533,10.07,6.591
5/14/2008,5.74,6.32,,10.492,10.13,6.658
5/21/2008,5.84,6.2,,10.269,9.99,6.568
5/28/2008,5.97,6.42,,10.448,10.17,6.685
6/4/2008,6.04,6.32,,11.202,10.24,6.604
6/11/2008,6.3,6.51,,11.44,10.25,6.713
6/18/2008,6.4,6.57,,11.431,10.287,6.795
6/25/2008,6.41,6.6,,12.111,10.721,6.943
7/2/2008,6.54,6.62,,12.503,11.002,7.067
7/9/2008,6.36,6.55,,13.056,11.123,7.018
7/16/2008,6.37,6.77,,13.166,11.378,7.048
7/23/2008,6.62,6.99,,12.913,11.117,6.969
7/30/2008,6.36,6.91,,12.995,11.319,6.937
8/6/2008,6.26,6.92,,13.371,11.526,6.952
8/13/2008,6.07,6.84,,13.158,11.451,6.969
8/20/2008,6.06,6.73,,13.156,11.482,6.962
8/27/2008,6.16,6.77,,13.284,11.516,6.968
9/3/2008,6.16,6.73,,13.297,11.563,6.94
9/10/2008,6.18,6.8,,13.409,11.615,7.012
9/17/2008,6.64,7.4,,14.178,12.293,7.77
9/24/2008,7.01,7.76,,14.886,12.684,7.561
10/1/2008,7.05,8.05,,16.614,14.115,7.87
10/8/2008,7.15,8.61,,19.205,16.248,8.86
10/15/2008,7.56,9.2,,21.39,17.992,9.63
10/22/2008,7.34,9.4,,23.019,18.633,11.52
10/29/2008,7.44,9.83,,23.645,18.954,10.878
11/5/2008,7.39,9.35,,22.47,18.597,9.525
11/12/2008,7.16,9.17,,22.992,19.23,9.944
11/19/2008,7.17,9.1,,24.323,20.726,10.424
11/26/2008,7.13,9.27,,26.123,21.681,9.918
12/3/2008,6.99,9.14,,26.272,21.994,10.067
12/10/2008,7.27,9.16,,27.078,22.18,9.793
12/17/2008,7.1,8.72,,27.164,22.117,9.297
12/24/2008,7.1,8.57,,26.835,21.143,9.014
12/31/2008,7.04,8.35,,26.201,19.54,8.957
1/7/2009,6.97,8.19,,22.855,17.987,8.767
1/14/2009,6.63,7.8,,22.302,18.187,9.048
1/21/2009,6.69,8.01,,22.543,18.315,9.2
1/28/2009,6.94,7.97,,22.731,18.128,8.968
2/4/2009,6.72,8.04,,24.288,18.117,9.227
2/11/2009,6.62,7.77,,24.355,17.99,9.302
2/18/2009,6.57,7.91,,24.783,18.45,9.481
2/25/2009,6.72,8.35,,25.515,19.221,9.387
3/4/2009,6.83,8.51,,26.634,20.343,9.552
3/11/2009,7.16,8.7,,27.774,20.418,9.538
3/18/2009,7.24,8.38,,26.776,19.605,9.204
3/25/2009,7.18,8.58,,25.91,19.049,9.054
4/1/2009,6.77,8.35,,25.514,18.76,8.966
4/8/2009,6.87,8.38,,25.155,18.211,8.563
4/15/2009,6.64,8.05,,24.668,17.486,8.418
4/22/2009,6.55,7.98,,24.18,17.11,8.539
4/29/2009,6.32,7.85,,23.768,16.388,8.482
5/6/2009,6.09,7.47,,23.235,15.11,8.017
5/13/2009,5.85,7.17,,22.695,14.947,8.175
5/20/2009,5.8,7.06,,22.547,14.585,7.976
5/27/2009,5.82,7.2,,22.37,14.361,8.065
6/3/2009,5.57,6.71,,20.003,13.548,7.989
6/10/2009,5.64,6.89,,19.601,13.247,8.026
6/17/2009,5.45,6.56,,19.408,13.293,8.125
6/24/2009,5.37,6.53,,19.924,13.582,8.172
7/1/2009,5.27,6.41,,18.45,13.023,7.728
7/8/2009,5.09,6.18,,18.328,13.082,7.846
7/15/2009,5.1,6.34,,18.092,12.986,7.751
7/22/2009,4.92,6.11,,17.359,12.59,7.618
7/29/2009,4.77,6.06,,16.582,12.077,7.571
8/5/2009,4.65,5.9,,14.81,11.524,7.197
8/12/2009,4.64,5.76,,14.646,11.457,7.324
8/19/2009,4.48,5.59,,14.65,11.67,7.269
8/26/2009,4.46,5.524,,14.554,11.537,7.194
9/2/2009,4.36,5.397,,14.115,11.496,7.187
9/9/2009,4.34,5.474,,13.846,11.359,6.985
9/16/2009,4.26,5.333,,13.005,10.551,6.607
9/23/2009,4.21,5.219,,12.447,10.288,6.629
9/30/2009,4.14,5.201,,11.986,10.29,6.574
10/7/2009,4.08,5.082,,12.027,10.308,6.408
10/14/2009,4.1,5.218,,11.764,10.136,6.355
10/21/2009,4.14,5.168,,11.603,9.984,6.478
10/28/2009,4.03,5.078,,11.493,9.963,6.763
11/4/2009,4.09,5.179,,11.451,10.046,6.711
11/11/2009,4.01,5.081,,11.341,9.938,6.54
11/18/2009,3.93,4.953,,11.187,9.798,6.459
11/25/2009,3.96,4.87,,11.239,9.751,6.427
12/2/2009,3.9,4.942,,10.984,9.728,6.509
12/9/2009,3.89,4.93,,10.837,9.562,6.583
12/16/2009,3.88,4.965,,10.74,9.315,6.557
12/23/2009,3.91,5.022,,10.655,9.238,6.624
12/30/2009,3.98,5.022,,10.63,9.197,6.619
1/6/2010,3.89,4.968,,10.057,8.914,6.508
1/13/2010,3.71,4.857,,9.668,8.74,6.508
1/20/2010,3.65,4.758,,9.711,8.74,6.539
1/27/2010,3.64,4.78,,9.887,8.939,6.651
2/3/2010,3.68,4.833,,9.73,9.02,6.683
2/10/2010,3.67,4.899,,9.975,9.427,6.743
2/17/2010,3.64,4.918,,10.178,9.308,6.703
2/24/2010,3.56,4.825,,9.887,9.079,6.689
3/3/2010,3.56,4.772,,10.011,9.021,6.488
3/10/2010,3.5,4.791,,9.576,8.768,6.347
3/17/2010,3.44,4.692,,9.369,8.683,6.27
3/24/2010,3.4,4.806,,9.21,8.612,6.336
3/31/2010,3.41,4.726,,9.051,8.51,6.363
4/7/2010,3.41,4.779,,8.775,8.548,6.334
4/14/2010,3.38,4.716,,8.526,8.385,6.216
4/21/2010,3.3,4.6,,8.431,8.276,6.199
4/28/2010,3.37,4.655,,8.73,8.269,6.367
5/5/2010,3.33,4.568,,8.794,8.449,6.505
5/12/2010,3.42,4.706,,9.191,8.709,6.391
5/19/2010,3.4,4.62,,9.521,8.908,6.554
5/26/2010,3.55,4.74,,10.186,9.313,6.635
6/2/2010,3.58,4.843,,9.975,9.372,6.548
6/9/2010,3.57,4.758,,10.304,9.45,6.6
6/16/2010,3.59,4.794,,10.09,9.233,6.454
6/23/2010,3.57,4.62,,9.745,8.968,6.372
6/30/2010,3.6,4.554,,9.779,9.176,6.371
7/7/2010,3.62,4.551,,9.7,9.151,6.309
7/14/2010,3.6,4.492,,9.348,8.819,6.166
7/21/2010,3.53,4.33,,9.251,8.716,6.046
7/28/2010,3.51,4.312,,8.899,8.52,5.912
8/4/2010,3.38,4.265,,8.525,8.47,5.735
8/11/2010,3.26,4.103,,8.55,8.529,5.608
8/18/2010,3.21,4.048,,8.498,8.51,5.452
8/25/2010,3.11,4.01,,8.444,8.593,5.517
9/1/2010,3.17,4.083,,8.515,8.564,5.583
9/8/2010,3.18,4.084,,8.363,8.447,5.679
9/15/2010,3.24,4.066,,7.992,8.227,5.638
9/22/2010,3.211,3.931,,7.906,8.148,5.597
9/29/2010,3.21,3.886,,7.9,8.052,5.448
10/6/2010,3.181,3.803,,7.707,7.9,5.342
10/13/2010,3.136,3.793,,7.493,7.773,5.198
10/20/2010,3.308,3.817,,7.559,7.778,5.34
10/27/2010,3.368,3.929,,7.507,7.661,5.319
11/3/2010,3.311,3.853,,7.748,7.701,5.209
11/10/2010,3.362,3.872,,7.823,7.589,5.36
11/17/2010,3.477,4.056,,8.064,7.817,5.565
11/24/2010,3.553,4.109,,8.333,7.897,5.589
12/1/2010,3.72,4.203,,8.753,8.093,5.706
12/8/2010,3.828,4.344,,8.515,7.937,5.701
12/15/2010,3.916,4.481,,8.499,7.905,5.91
12/22/2010,3.829,4.356,,8.474,7.848,5.884
12/29/2010,3.836,4.329,,8.449,7.788,5.903
1/5/2011,3.793,4.427,,8.37,7.734,5.807
1/12/2011,3.887,4.294,,8.399,7.647,5.834
1/19/2011,3.946,4.244,,8.154,7.566,5.89
1/26/2011,4.003,4.281,,8.079,7.499,5.93
2/2/2011,4.086,4.355,,8.078,7.489,6.094
2/9/2011,4.073,4.428,,7.977,7.386,6.244
2/16/2011,3.991,4.404,,7.927,7.34,6.319
2/23/2011,3.968,4.286,,7.851,7.311,6.314
3/2/2011,3.989,4.287,,7.939,7.382,6.178
3/9/2011,4.115,4.264,,7.985,7.365,6.096
3/16/2011,3.963,4.11,,8.195,7.501,6.142
3/23/2011,4.078,4.201,385.8198,8.18,7.414,6.116
3/30/2011,4.111,4.273,386.1699,8.106,7.389,6.127
4/6/2011,4.178,4.351,357.75,8.043,7.36,6.092
4/13/2011,4.165,4.246,366.2598,7.967,7.319,6.134
4/20/2011,4.106,4.182,366.8499,8.054,7.284,6.111
4/27/2011,4.086,4.135,361.7,8.013,7.242,6.101
5/4/2011,4.139,4.045,355.48,8.027,7.246,6.066
5/11/2011,3.977,3.989,354.3599,7.938,7.207,6.026
5/18/2011,3.958,3.988,357.25,7.903,7.195,5.975
5/25/2011,3.89,3.967,371,7.976,7.224,6.03
6/1/2011,3.888,3.88,371.25,7.908,7.312,5.963
6/8/2011,3.942,3.895,392.3298,8.007,7.451,5.938
6/15/2011,3.868,3.925,404.98,8.183,7.542,5.958
6/22/2011,3.914,3.958,409.2,8.369,7.651,5.934
6/29/2011,4.002,4.067,411.8499,8.467,7.669,5.917
7/6/2011,3.999,4.022,413.48,8.374,7.575,5.887
7/13/2011,3.91,3.886,439.96,8.66,7.572,5.88
7/20/2011,3.994,3.928,437.1899,8.743,7.518,5.842
7/27/2011,3.886,3.938,435.2798,8.57,7.452,5.775
8/3/2011,3.776,3.701,480.5298,8.511,7.66,5.499
8/10/2011,3.789,3.713,610.99,9.68,8.605,5.794
8/17/2011,3.98,3.785,591.4199,9.762,8.392,5.636
8/24/2011,4.159,4.03,710.3999,10.53,8.81,5.746
8/31/2011,4.127,3.921,642.6899,10.227,8.504,5.601
9/7/2011,4.043,3.869,717.0798,10.347,8.669,5.589
9/14/2011,4.317,3.939,739.5198,10.99,8.788,5.777
9/21/2011,4.237,3.907,748.1399,10.921,8.791,5.886
9/28/2011,4.493,4.183,748.1399,11.408,9.282,6.217
