"","NumeroValore","Date","Price"
"1","LU0810451608","2006-03-16 00:00:00.000",100
"2","LU0810451608","2006-03-17 00:00:00.000",100
"3","LU0810451608","2006-03-20 00:00:00.000",100
"4","LU0810451608","2006-03-21 00:00:00.000",100
"5","LU0810451608","2006-03-22 00:00:00.000",100
"6","LU0810451608","2006-03-23 00:00:00.000",100
"7","LU0810451608","2006-03-24 00:00:00.000",100
"8","LU0810451608","2006-03-27 00:00:00.000",100
"9","LU0810451608","2006-03-28 00:00:00.000",100
"10","LU0810451608","2006-03-29 00:00:00.000",100
"11","LU0810451608","2006-03-30 00:00:00.000",100
"12","LU0810451608","2006-03-31 00:00:00.000",100
"13","LU0810451608","2006-04-03 00:00:00.000",100
"14","LU0810451608","2006-04-04 00:00:00.000",100
"15","LU0810451608","2006-04-05 00:00:00.000",100
"16","LU0810451608","2006-04-06 00:00:00.000",100
"17","LU0810451608","2006-04-07 00:00:00.000",100
"18","LU0810451608","2006-04-10 00:00:00.000",100
"19","LU0810451608","2006-04-11 00:00:00.000",100
"20","LU0810451608","2006-04-12 00:00:00.000",100
"21","LU0810451608","2006-04-17 00:00:00.000",100
"22","LU0810451608","2006-04-18 00:00:00.000",100
"23","LU0810451608","2006-04-19 00:00:00.000",100
"24","LU0810451608","2006-04-20 00:00:00.000",100
"25","LU0810451608","2006-04-21 00:00:00.000",100.15
"26","LU0810451608","2006-04-24 00:00:00.000",100.18
"27","LU0810451608","2006-04-25 00:00:00.000",100.16
"28","LU0810451608","2006-04-26 00:00:00.000",100.18
"29","LU0810451608","2006-04-27 00:00:00.000",100.14
"30","LU0810451608","2006-05-01 00:00:00.000",100.13
"31","LU0810451608","2006-05-02 00:00:00.000",100.19
"32","LU0810451608","2006-05-03 00:00:00.000",100.17
"33","LU0810451608","2006-05-04 00:00:00.000",100.19
"34","LU0810451608","2006-05-05 00:00:00.000",100.21
"35","LU0810451608","2006-05-08 00:00:00.000",100.15
"36","LU0810451608","2006-05-09 00:00:00.000",100.22
"37","LU0810451608","2006-05-10 00:00:00.000",100.22
"38","LU0810451608","2006-05-11 00:00:00.000",100.22
"39","LU0810451608","2006-05-12 00:00:00.000",100.25
"40","LU0810451608","2006-05-15 00:00:00.000",100.26
"41","LU0810451608","2006-05-16 00:00:00.000",100.21
"42","LU0810451608","2006-05-17 00:00:00.000",100.26
"43","LU0810451608","2006-05-18 00:00:00.000",100.26
"44","LU0810451608","2006-05-19 00:00:00.000",100.24
"45","LU0810451608","2006-05-22 00:00:00.000",100.27
"46","LU0810451608","2006-05-23 00:00:00.000",100.32
"47","LU0810451608","2006-05-25 00:00:00.000",100.32
"48","LU0810451608","2006-05-26 00:00:00.000",100.31
"49","LU0810451608","2006-05-29 00:00:00.000",100.37
"50","LU0810451608","2006-05-30 00:00:00.000",100.36
"51","LU0810451608","2006-05-31 00:00:00.000",100.31
"52","LU0810451608","2006-06-01 00:00:00.000",100.29
"53","LU0810451608","2006-06-05 00:00:00.000",100.26
"54","LU0810451608","2006-06-06 00:00:00.000",100.32
"55","LU0810451608","2006-06-07 00:00:00.000",100.34
"56","LU0810451608","2006-06-08 00:00:00.000",100.29
"57","LU0810451608","2006-06-09 00:00:00.000",100.26
"58","LU0810451608","2006-06-12 00:00:00.000",100.33
"59","LU0810451608","2006-06-13 00:00:00.000",100.37
"60","LU0810451608","2006-06-15 00:00:00.000",100.37
"61","LU0810451608","2006-06-19 00:00:00.000",100.41
"62","LU0810451608","2006-06-20 00:00:00.000",100.39
"63","LU0810451608","2006-06-21 00:00:00.000",100.42
"64","LU0810451608","2006-06-22 00:00:00.000",100.4
"65","LU0810451608","2006-06-23 00:00:00.000",100.4
"66","LU0810451608","2006-06-26 00:00:00.000",100.4
"67","LU0810451608","2006-06-27 00:00:00.000",100.42
"68","LU0810451608","2006-06-29 00:00:00.000",100.41
"69","LU0810451608","2006-06-30 00:00:00.000",100.36
"70","LU0810451608","2006-07-03 00:00:00.000",100.41
"71","LU0810451608","2006-07-04 00:00:00.000",100.45
"72","LU0810451608","2006-07-05 00:00:00.000",100.46
"73","LU0810451608","2006-07-06 00:00:00.000",100.46
"74","LU0810451608","2006-07-10 00:00:00.000",100.42
"75","LU0810451608","2006-07-11 00:00:00.000",100.51
"76","LU0810451608","2006-07-12 00:00:00.000",100.5
"77","LU0810451608","2006-07-13 00:00:00.000",100.49
"78","LU0810451608","2006-07-14 00:00:00.000",100.53
"79","LU0810451608","2006-07-17 00:00:00.000",100.51
"80","LU0810451608","2006-07-18 00:00:00.000",100.55
"81","LU0810451608","2006-07-19 00:00:00.000",100.56
"82","LU0810451608","2006-07-20 00:00:00.000",100.48
"83","LU0810451608","2006-07-21 00:00:00.000",100.57
"84","LU0810451608","2006-07-24 00:00:00.000",100.57
"85","LU0810451608","2006-07-25 00:00:00.000",100.6
"86","LU0810451608","2006-07-26 00:00:00.000",100.6
"87","LU0810451608","2006-07-27 00:00:00.000",100.62
"88","LU0810451608","2006-07-28 00:00:00.000",100.62
"89","LU0810451608","2006-08-01 00:00:00.000",100.62
"90","LU0810451608","2006-08-02 00:00:00.000",100.68
"91","LU0810451608","2006-08-07 00:00:00.000",100.66
"92","LU0810451608","2006-08-08 00:00:00.000",100.7
"93","LU0810451608","2006-08-09 00:00:00.000",100.69
"94","LU0810451608","2006-08-10 00:00:00.000",100.68
"95","LU0810451608","2006-08-11 00:00:00.000",100.69
"96","LU0810451608","2006-08-15 00:00:00.000",100.69
"97","LU0810451608","2006-08-16 00:00:00.000",100.78
"98","LU0810451608","2006-08-17 00:00:00.000",100.73
"99","LU0810451608","2006-08-18 00:00:00.000",100.75
"100","LU0810451608","2006-08-21 00:00:00.000",100.73
"101","LU0810451608","2006-08-22 00:00:00.000",100.76
"102","LU0810451608","2006-08-23 00:00:00.000",100.76
"103","LU0810451608","2006-08-24 00:00:00.000",100.79
"104","LU0810451608","2006-08-25 00:00:00.000",100.79
"105","LU0810451608","2006-08-28 00:00:00.000",100.78
"106","LU0810451608","2006-08-29 00:00:00.000",100.82
"107","LU0810451608","2006-08-30 00:00:00.000",100.81
"108","LU0810451608","2006-08-31 00:00:00.000",100.83
"109","LU0810451608","2006-09-01 00:00:00.000",100.78
"110","LU0810451608","2006-09-04 00:00:00.000",100.8
"111","LU0810451608","2006-09-05 00:00:00.000",100.88
"112","LU0810451608","2006-09-06 00:00:00.000",100.89
"113","LU0810451608","2006-09-07 00:00:00.000",100.85
"114","LU0810451608","2006-09-08 00:00:00.000",100.84
"115","LU0810451608","2006-09-11 00:00:00.000",100.86
"116","LU0810451608","2006-09-12 00:00:00.000",100.91
"117","LU0810451608","2006-09-13 00:00:00.000",100.91
"118","LU0810451608","2006-09-14 00:00:00.000",100.87
"119","LU0810451608","2006-09-15 00:00:00.000",100.91
"120","LU0810451608","2006-09-18 00:00:00.000",100.91
"121","LU0810451608","2006-09-19 00:00:00.000",100.94
"122","LU0810451608","2006-09-20 00:00:00.000",100.93
"123","LU0810451608","2006-09-21 00:00:00.000",100.93
"124","LU0810451608","2006-09-22 00:00:00.000",100.88
"125","LU0810451608","2006-09-25 00:00:00.000",100.97
"126","LU0810451608","2006-09-26 00:00:00.000",100.99
"127","LU0810451608","2006-09-27 00:00:00.000",100.98
"128","LU0810451608","2006-09-28 00:00:00.000",101.11
"129","LU0810451608","2006-09-29 00:00:00.000",101.08
"130","LU0810451608","2006-10-02 00:00:00.000",101.12
"131","LU0810451608","2006-10-03 00:00:00.000",101.12
"132","LU0810451608","2006-10-04 00:00:00.000",101.14
"133","LU0810451608","2006-10-05 00:00:00.000",101.07
"134","LU0810451608","2006-10-06 00:00:00.000",101.21
"135","LU0810451608","2006-10-09 00:00:00.000",101.18
"136","LU0810451608","2006-10-11 00:00:00.000",101.21
"137","LU0810451608","2006-10-12 00:00:00.000",101.17
"138","LU0810451608","2006-10-13 00:00:00.000",101.15
"139","LU0810451608","2006-10-16 00:00:00.000",101.19
"140","LU0810451608","2006-10-17 00:00:00.000",101.18
"141","LU0810451608","2006-10-18 00:00:00.000",101.19
"142","LU0810451608","2006-10-19 00:00:00.000",101.19
"143","LU0810451608","2006-10-20 00:00:00.000",101.21
"144","LU0810451608","2006-10-23 00:00:00.000",101.22
"145","LU0810451608","2006-10-24 00:00:00.000",101.25
"146","LU0810451608","2006-10-25 00:00:00.000",101.23
"147","LU0810451608","2006-10-26 00:00:00.000",101.25
"148","LU0810451608","2006-10-27 00:00:00.000",101.23
"149","LU0810451608","2006-10-30 00:00:00.000",101.25
"150","LU0810451608","2006-11-01 00:00:00.000",101.3
"151","LU0810451608","2006-11-02 00:00:00.000",101.27
"152","LU0810451608","2006-11-03 00:00:00.000",101.34
"153","LU0810451608","2006-11-06 00:00:00.000",101.31
"154","LU0810451608","2006-11-07 00:00:00.000",101.34
"155","LU0810451608","2006-11-08 00:00:00.000",101.34
"156","LU0810451608","2006-11-09 00:00:00.000",101.38
"157","LU0810451608","2006-11-10 00:00:00.000",101.36
"158","LU0810451608","2006-11-13 00:00:00.000",101.36
"159","LU0810451608","2006-11-14 00:00:00.000",101.43
"160","LU0810451608","2006-11-15 00:00:00.000",101.43
"161","LU0810451608","2006-11-16 00:00:00.000",101.46
"162","LU0810451608","2006-11-17 00:00:00.000",101.42
"163","LU0810451608","2006-11-20 00:00:00.000",101.4
"164","LU0810451608","2006-11-21 00:00:00.000",101.46
"165","LU0810451608","2006-11-22 00:00:00.000",101.46
"166","LU0810451608","2006-11-23 00:00:00.000",101.49
"167","LU0810451608","2006-11-24 00:00:00.000",101.48
"168","LU0810451608","2006-11-27 00:00:00.000",101.47
"169","LU0810451608","2006-11-28 00:00:00.000",101.51
"170","LU0810451608","2006-11-29 00:00:00.000",101.54
"171","LU0810451608","2006-11-30 00:00:00.000",101.55
"172","LU0810451608","2006-12-01 00:00:00.000",101.53
"173","LU0810451608","2006-12-04 00:00:00.000",101.5
"174","LU0810451608","2006-12-05 00:00:00.000",101.59
"175","LU0810451608","2006-12-06 00:00:00.000",101.63
"176","LU0810451608","2006-12-08 00:00:00.000",101.61
"177","LU0810451608","2006-12-11 00:00:00.000",101.6
"178","LU0810451608","2006-12-12 00:00:00.000",101.61
"179","LU0810451608","2006-12-13 00:00:00.000",101.61
"180","LU0810451608","2006-12-14 00:00:00.000",101.66
"181","LU0810451608","2006-12-15 00:00:00.000",101.6
"182","LU0810451608","2006-12-18 00:00:00.000",101.63
"183","LU0810451608","2006-12-19 00:00:00.000",101.66
"184","LU0810451608","2006-12-20 00:00:00.000",101.66
"185","LU0810451608","2006-12-21 00:00:00.000",101.64
"186","LU0810451608","2006-12-26 00:00:00.000",101.64
"187","LU0810451608","2006-12-27 00:00:00.000",101.72
"188","LU0810451608","2006-12-28 00:00:00.000",101.67
"189","LU0810451608","2007-01-02 00:00:00.000",101.67
"190","LU0810451608","2007-01-03 00:00:00.000",101.67
"191","LU0810451608","2007-01-04 00:00:00.000",101.67
"192","LU0810451608","2007-01-09 00:00:00.000",101.8
"193","LU0810451608","2007-01-10 00:00:00.000",101.8
"194","LU0810451608","2007-01-11 00:00:00.000",101.82
"195","LU0810451608","2007-01-15 00:00:00.000",101.82
"196","LU0810451608","2007-01-16 00:00:00.000",101.86
"197","LU0810451608","2007-01-17 00:00:00.000",101.86
"198","LU0810451608","2007-01-18 00:00:00.000",101.91
"199","LU0810451608","2007-01-19 00:00:00.000",101.84
"200","LU0810451608","2007-01-22 00:00:00.000",101.91
"201","LU0810451608","2007-01-23 00:00:00.000",101.93
"202","LU0810451608","2007-01-24 00:00:00.000",101.93
"203","LU0810451608","2007-01-25 00:00:00.000",101.92
"204","LU0810451608","2007-01-26 00:00:00.000",101.99
"205","LU0810451608","2007-01-29 00:00:00.000",101.95
"206","LU0810451608","2007-01-30 00:00:00.000",101.96
"207","LU0810451608","2007-01-31 00:00:00.000",101.97
"208","LU0810451608","2007-02-01 00:00:00.000",101.98
"209","LU0810451608","2007-02-06 00:00:00.000",102.06
"210","LU0810451608","2007-02-07 00:00:00.000",102.07
"211","LU0810451608","2007-02-08 00:00:00.000",102.05
"212","LU0810451608","2007-02-09 00:00:00.000",102.07
"213","LU0810451608","2007-02-12 00:00:00.000",102.07
"214","LU0810451608","2007-02-14 00:00:00.000",102.1
"215","LU0810451608","2007-02-15 00:00:00.000",102.1
"216","LU0810451608","2007-02-16 00:00:00.000",102.1
"217","LU0810451608","2007-02-19 00:00:00.000",102.14
"218","LU0810451608","2007-02-20 00:00:00.000",102.14
"219","LU0810451608","2007-02-21 00:00:00.000",102.12
"220","LU0810451608","2007-02-23 00:00:00.000",102.12
"221","LU0810451608","2007-02-26 00:00:00.000",102.12
"222","LU0810451608","2007-02-27 00:00:00.000",102.21
"223","LU0810451608","2007-02-28 00:00:00.000",102.21
"224","LU0810451608","2007-03-01 00:00:00.000",102.28
"225","LU0810451608","2007-03-02 00:00:00.000",102.28
"226","LU0810451608","2007-03-05 00:00:00.000",102.3
"227","LU0810451608","2007-03-06 00:00:00.000",102.3
"228","LU0810451608","2007-03-07 00:00:00.000",102.36
"229","LU0810451608","2007-03-08 00:00:00.000",102.36
"230","LU0810451608","2007-03-09 00:00:00.000",102.34
"231","LU0810451608","2007-03-12 00:00:00.000",102.29
"232","LU0810451608","2007-03-13 00:00:00.000",102.29
"233","LU0810451608","2007-03-14 00:00:00.000",102.41
"234","LU0810451608","2007-03-15 00:00:00.000",102.47
"235","LU0810451608","2007-03-19 00:00:00.000",102.4
"236","LU0810451608","2007-03-20 00:00:00.000",102.4
"237","LU0810451608","2007-03-21 00:00:00.000",102.4
"238","LU0810451608","2007-03-22 00:00:00.000",102.36
"239","LU0810451608","2007-03-23 00:00:00.000",102.36
"240","LU0810451608","2007-03-26 00:00:00.000",102.24
"241","LU0810451608","2007-03-27 00:00:00.000",102.25
"242","LU0810451608","2007-03-28 00:00:00.000",102.21
"243","LU0810451608","2007-03-29 00:00:00.000",102.16
"244","LU0810451608","2007-03-30 00:00:00.000",102.17
"245","LU0810451608","2007-04-04 00:00:00.000",102.08
"246","LU0810451608","2007-04-09 00:00:00.000",102.12
"247","LU0810451608","2007-04-10 00:00:00.000",102.12
"248","LU0810451608","2007-04-11 00:00:00.000",102.05
"249","LU0810451608","2007-04-12 00:00:00.000",102.05
"250","LU0810451608","2007-04-13 00:00:00.000",101.98
"251","LU0810451608","2007-04-16 00:00:00.000",101.86
"252","LU0810451608","2007-04-17 00:00:00.000",101.84
"253","LU0810451608","2007-04-18 00:00:00.000",101.9
"254","LU0810451608","2007-04-19 00:00:00.000",102.05
"255","LU0810451608","2007-04-20 00:00:00.000",101.99
"256","LU0810451608","2007-04-23 00:00:00.000",101.94
"257","LU0810451608","2007-04-24 00:00:00.000",102.01
"258","LU0810451608","2007-04-25 00:00:00.000",102.09
"259","LU0810451608","2007-04-26 00:00:00.000",102.05
"260","LU0810451608","2007-04-27 00:00:00.000",102.01
"261","LU0810451608","2007-05-01 00:00:00.000",101.94
"262","LU0810451608","2007-05-02 00:00:00.000",101.94
"263","LU0810451608","2007-05-03 00:00:00.000",102.06
"264","LU0810451608","2007-05-04 00:00:00.000",102.03
"265","LU0810451608","2007-05-07 00:00:00.000",102.07
"266","LU0810451608","2007-05-08 00:00:00.000",102.09
"267","LU0810451608","2007-05-09 00:00:00.000",102.09
"268","LU0810451608","2007-05-10 00:00:00.000",102.11
"269","LU0810451608","2007-05-11 00:00:00.000",102.11
"270","LU0810451608","2007-05-14 00:00:00.000",102.17
"271","LU0810451608","2007-05-15 00:00:00.000",102.17
"272","LU0810451608","2007-05-17 00:00:00.000",102
"273","LU0810451608","2007-05-18 00:00:00.000",102
"274","LU0810451608","2007-05-21 00:00:00.000",101.89
"275","LU0810451608","2007-05-22 00:00:00.000",101.88
"276","LU0810451608","2007-05-23 00:00:00.000",101.94
"277","LU0810451608","2007-05-24 00:00:00.000",101.78
"278","LU0810451608","2007-05-28 00:00:00.000",101.78
"279","LU0810451608","2007-05-29 00:00:00.000",101.78
"280","LU0810451608","2007-05-30 00:00:00.000",101.78
"281","LU0810451608","2007-05-31 00:00:00.000",101.77
"282","LU0810451608","2007-06-01 00:00:00.000",101.77
"283","LU0810451608","2007-06-04 00:00:00.000",101.68
"284","LU0810451608","2007-06-05 00:00:00.000",101.64
"285","LU0810451608","2007-06-07 00:00:00.000",101.64
"286","LU0810451608","2007-06-08 00:00:00.000",101.64
"287","LU0810451608","2007-06-11 00:00:00.000",101.44
"288","LU0810451608","2007-06-12 00:00:00.000",101.49
"289","LU0810451608","2007-06-13 00:00:00.000",101.49
"290","LU0810451608","2007-06-14 00:00:00.000",101.28
"291","LU0810451608","2007-06-15 00:00:00.000",101.28
"292","LU0810451608","2007-06-18 00:00:00.000",101.28
"293","LU0810451608","2007-06-20 00:00:00.000",101.39
"294","LU0810451608","2007-06-21 00:00:00.000",101.39
"295","LU0810451608","2007-06-29 00:00:00.000",101.58
"296","LU0810451608","2007-07-02 00:00:00.000",101.67
"297","LU0810451608","2007-07-04 00:00:00.000",101.57
"298","LU0810451608","2007-07-06 00:00:00.000",101.48
"299","LU0810451608","2007-07-09 00:00:00.000",101.48
"300","LU0810451608","2007-07-10 00:00:00.000",101.48
"301","LU0810451608","2007-07-11 00:00:00.000",101.61
"302","LU0810451608","2007-07-12 00:00:00.000",101.61
"303","LU0810451608","2007-07-13 00:00:00.000",101.52
"304","LU0810451608","2007-07-16 00:00:00.000",101.51
"305","LU0810451608","2007-07-18 00:00:00.000",101.6
"306","LU0810451608","2007-07-20 00:00:00.000",101.6
"307","LU0810451608","2007-07-23 00:00:00.000",101.6
"308","LU0810451608","2007-07-24 00:00:00.000",101.6
"309","LU0810451608","2007-07-25 00:00:00.000",101.6
"310","LU0810451608","2007-07-26 00:00:00.000",102.04
"311","LU0810451608","2007-07-27 00:00:00.000",102.04
"312","LU0810451608","2007-07-30 00:00:00.000",102.13
"313","LU0810451608","2007-08-01 00:00:00.000",102.13
"314","LU0810451608","2007-08-02 00:00:00.000",102.14
"315","LU0810451608","2007-08-03 00:00:00.000",102.13
"316","LU0810451608","2007-08-06 00:00:00.000",102.25
"317","LU0810451608","2007-08-07 00:00:00.000",102.27
"318","LU0810451608","2007-08-08 00:00:00.000",102.27
"319","LU0810451608","2007-08-10 00:00:00.000",102.08
"320","LU0810451608","2007-08-13 00:00:00.000",102.31
"321","LU0810451608","2007-08-15 00:00:00.000",102.28
"322","LU0810451608","2007-08-16 00:00:00.000",102.39
"323","LU0810451608","2007-08-17 00:00:00.000",102.39
"324","LU0810451608","2007-08-20 00:00:00.000",102.61
"325","LU0810451608","2007-08-21 00:00:00.000",102.63
"326","LU0810451608","2007-08-22 00:00:00.000",102.63
"327","LU0810451608","2007-08-23 00:00:00.000",102.63
"328","LU0810451608","2007-08-24 00:00:00.000",102.66
"329","LU0810451608","2007-08-27 00:00:00.000",102.67
"330","LU0810451608","2007-08-28 00:00:00.000",102.71
"331","LU0810451608","2007-08-29 00:00:00.000",102.71
"332","LU0810451608","2007-08-30 00:00:00.000",102.89
"333","LU0810451608","2007-09-04 00:00:00.000",102.71
"334","LU0810451608","2007-09-05 00:00:00.000",102.71
"335","LU0810451608","2007-09-06 00:00:00.000",102.8
"336","LU0810451608","2007-09-07 00:00:00.000",102.8
"337","LU0810451608","2007-09-10 00:00:00.000",103.05
"338","LU0810451608","2007-09-11 00:00:00.000",103.05
"339","LU0810451608","2007-09-12 00:00:00.000",103.05
"340","LU0810451608","2007-09-13 00:00:00.000",103.11
"341","LU0810451608","2007-09-14 00:00:00.000",103.11
"342","LU0810451608","2007-09-17 00:00:00.000",103.07
"343","LU0810451608","2007-09-18 00:00:00.000",103.13
"344","LU0810451608","2007-09-19 00:00:00.000",103.13
"345","LU0810451608","2007-09-20 00:00:00.000",102.91
"346","LU0810451608","2007-09-21 00:00:00.000",102.91
"347","LU0810451608","2007-09-24 00:00:00.000",102.84
"348","LU0810451608","2007-09-25 00:00:00.000",102.85
"349","LU0810451608","2007-09-26 00:00:00.000",102.85
"350","LU0810451608","2007-09-27 00:00:00.000",102.8
"351","LU0810451608","2007-09-28 00:00:00.000",102.8
"352","LU0810451608","2007-10-01 00:00:00.000",102.95
"353","LU0810451608","2007-10-02 00:00:00.000",103.01
"354","LU0810451608","2007-10-03 00:00:00.000",103.01
"355","LU0810451608","2007-10-04 00:00:00.000",103.01
"356","LU0810451608","2007-10-05 00:00:00.000",103.01
"357","LU0810451608","2007-10-08 00:00:00.000",103.1
"358","LU0810451608","2007-10-09 00:00:00.000",103.1
"359","LU0810451608","2007-10-10 00:00:00.000",103.1
"360","LU0810451608","2007-10-11 00:00:00.000",103.1
"361","LU0810451608","2007-10-12 00:00:00.000",103.1
"362","LU0810451608","2007-10-15 00:00:00.000",102.98
"363","LU0810451608","2007-10-16 00:00:00.000",102.98
"364","LU0810451608","2007-10-17 00:00:00.000",102.98
"365","LU0810451608","2007-10-18 00:00:00.000",103.05
"366","LU0810451608","2007-10-19 00:00:00.000",103.05
"367","LU0810451608","2007-10-22 00:00:00.000",103.36
"368","LU0810451608","2007-10-23 00:00:00.000",103.54
"369","LU0810451608","2007-10-24 00:00:00.000",103.54
"370","LU0810451608","2007-10-25 00:00:00.000",103.54
"371","LU0810451608","2007-10-26 00:00:00.000",103.54
"372","LU0810451608","2007-10-30 00:00:00.000",103.63
"373","LU0810451608","2007-11-01 00:00:00.000",103.63
"374","LU0810451608","2007-11-02 00:00:00.000",103.45
"375","LU0810451608","2007-11-05 00:00:00.000",103.45
"376","LU0810451608","2007-11-06 00:00:00.000",103.45
"377","LU0810451608","2007-11-07 00:00:00.000",103.64
"378","LU0810451608","2007-11-08 00:00:00.000",103.64
"379","LU0810451608","2007-11-09 00:00:00.000",103.64
"380","LU0810451608","2007-11-12 00:00:00.000",103.87
"381","LU0810451608","2007-11-13 00:00:00.000",103.89
"382","LU0810451608","2007-11-14 00:00:00.000",103.89
"383","LU0810451608","2007-11-15 00:00:00.000",103.76
"384","LU0810451608","2007-11-16 00:00:00.000",103.87
"385","LU0810451608","2007-11-19 00:00:00.000",103.91
"386","LU0810451608","2007-11-20 00:00:00.000",104
"387","LU0810451608","2007-11-21 00:00:00.000",104
"388","LU0810451608","2007-11-22 00:00:00.000",104
"389","LU0810451608","2007-11-23 00:00:00.000",104
"390","LU0810451608","2007-11-26 00:00:00.000",104.03
"391","LU0810451608","2007-11-27 00:00:00.000",104.07
"392","LU0810451608","2007-11-28 00:00:00.000",104.07
"393","LU0810451608","2007-11-29 00:00:00.000",103.91
"394","LU0810451608","2007-11-30 00:00:00.000",103.91
"395","LU0810451608","2007-12-03 00:00:00.000",103.93
"396","LU0810451608","2007-12-04 00:00:00.000",103.93
"397","LU0810451608","2007-12-05 00:00:00.000",103.93
"398","LU0810451608","2007-12-06 00:00:00.000",103.93
"399","LU0810451608","2007-12-07 00:00:00.000",104
"400","LU0810451608","2007-12-10 00:00:00.000",103.81
"401","LU0810451608","2007-12-11 00:00:00.000",103.73
"402","LU0810451608","2007-12-12 00:00:00.000",103.73
"403","LU0810451608","2007-12-13 00:00:00.000",103.63
"404","LU0810451608","2007-12-14 00:00:00.000",103.64
"405","LU0810451608","2007-12-17 00:00:00.000",103.6
"406","LU0810451608","2007-12-18 00:00:00.000",103.6
"407","LU0810451608","2007-12-19 00:00:00.000",103.6
"408","LU0810451608","2007-12-20 00:00:00.000",103.72
"409","LU0810451608","2007-12-26 00:00:00.000",103.72
"410","LU0810451608","2007-12-27 00:00:00.000",103.72
"411","LU0810451608","2007-12-28 00:00:00.000",103.81
"412","LU0810451608","2008-01-01 00:00:00.000",103.81
"413","LU0810451608","2008-01-02 00:00:00.000",103.81
"414","LU0810451608","2008-01-03 00:00:00.000",103.81
"415","LU0810451608","2008-01-04 00:00:00.000",103.72
"416","LU0810451608","2008-01-07 00:00:00.000",104.37
"417","LU0810451608","2008-01-08 00:00:00.000",104.42
"418","LU0810451608","2008-01-09 00:00:00.000",104.43
"419","LU0810451608","2008-01-11 00:00:00.000",104.47
"420","LU0810451608","2008-01-14 00:00:00.000",104.5
"421","LU0810451608","2008-01-15 00:00:00.000",104.5
"422","LU0810451608","2008-01-16 00:00:00.000",104.73
"423","LU0810451608","2008-01-17 00:00:00.000",104.95
"424","LU0810451608","2008-01-18 00:00:00.000",104.95
"425","LU0810451608","2008-01-21 00:00:00.000",105.12
"426","LU0810451608","2008-01-22 00:00:00.000",105.3
"427","LU0810451608","2008-01-23 00:00:00.000",105.3
"428","LU0810451608","2008-01-24 00:00:00.000",105.38
"429","LU0810451608","2008-01-25 00:00:00.000",105.24
"430","LU0810451608","2008-01-28 00:00:00.000",105.03
"431","LU0810451608","2008-01-29 00:00:00.000",105.29
"432","LU0810451608","2008-01-30 00:00:00.000",105.29
"433","LU0810451608","2008-01-31 00:00:00.000",105.23
"434","LU0810451608","2008-02-01 00:00:00.000",105.23
"435","LU0810451608","2008-02-04 00:00:00.000",105.35
"436","LU0810451608","2008-02-05 00:00:00.000",105.35
"437","LU0810451608","2008-02-06 00:00:00.000",105.53
"438","LU0810451608","2008-02-07 00:00:00.000",105.53
"439","LU0810451608","2008-02-08 00:00:00.000",105.71
"440","LU0810451608","2008-02-11 00:00:00.000",105.77
"441","LU0810451608","2008-02-12 00:00:00.000",105.77
"442","LU0810451608","2008-02-13 00:00:00.000",105.68
"443","LU0810451608","2008-02-14 00:00:00.000",105.68
"444","LU0810451608","2008-02-15 00:00:00.000",105.68
"445","LU0810451608","2008-02-18 00:00:00.000",105.6
"446","LU0810451608","2008-02-19 00:00:00.000",105.56
"447","LU0810451608","2008-02-20 00:00:00.000",105.6
"448","LU0810451608","2008-02-21 00:00:00.000",105.54
"449","LU0810451608","2008-02-25 00:00:00.000",105.57
"450","LU0810451608","2008-02-27 00:00:00.000",105.57
"451","LU0810451608","2008-02-29 00:00:00.000",105.6
"452","LU0810451608","2008-03-03 00:00:00.000",105.6
"453","LU0810451608","2008-03-04 00:00:00.000",106.03
"454","LU0810451608","2008-03-05 00:00:00.000",106.03
"455","LU0810451608","2008-03-06 00:00:00.000",105.95
"456","LU0810451608","2008-03-07 00:00:00.000",105.87
"457","LU0810451608","2008-03-10 00:00:00.000",105.91
"458","LU0810451608","2008-03-11 00:00:00.000",105.91
"459","LU0810451608","2008-03-12 00:00:00.000",105.94
"460","LU0810451608","2008-03-13 00:00:00.000",105.86
"461","LU0810451608","2008-03-14 00:00:00.000",105.86
"462","LU0810451608","2008-03-17 00:00:00.000",105.86
"463","LU0810451608","2008-03-19 00:00:00.000",106.03
"464","LU0810451608","2008-03-28 00:00:00.000",106.03
"465","LU0810451608","2008-03-31 00:00:00.000",105.62
"466","LU0810451608","2008-04-01 00:00:00.000",105.62
"467","LU0810451608","2008-04-02 00:00:00.000",105.62
"468","LU0810451608","2008-04-04 00:00:00.000",105.56
"469","LU0810451608","2008-04-07 00:00:00.000",105.64
"470","LU0810451608","2008-04-08 00:00:00.000",105.59
"471","LU0810451608","2008-04-09 00:00:00.000",105.59
"472","LU0810451608","2008-04-10 00:00:00.000",105.68
"473","LU0810451608","2008-04-11 00:00:00.000",105.68
"474","LU0810451608","2008-04-14 00:00:00.000",105.95
"475","LU0810451608","2008-04-15 00:00:00.000",105.96
"476","LU0810451608","2008-04-17 00:00:00.000",105.66
"477","LU0810451608","2008-04-18 00:00:00.000",105.66
"478","LU0810451608","2008-04-21 00:00:00.000",105.3
"479","LU0810451608","2008-04-22 00:00:00.000",105.39
"480","LU0810451608","2008-04-23 00:00:00.000",105.39
"481","LU0810451608","2008-04-24 00:00:00.000",105.29
"482","LU0810451608","2008-04-29 00:00:00.000",105.26
"483","LU0810451608","2008-05-01 00:00:00.000",105.26
"484","LU0810451608","2008-05-02 00:00:00.000",105.26
"485","LU0810451608","2008-05-05 00:00:00.000",105.26
"486","LU0810451608","2008-05-06 00:00:00.000",105.51
"487","LU0810451608","2008-05-07 00:00:00.000",105.51
"488","LU0810451608","2008-05-12 00:00:00.000",105.55
"489","LU0810451608","2008-05-13 00:00:00.000",105.85
"490","LU0810451608","2008-05-14 00:00:00.000",105.62
"491","LU0810451608","2008-05-15 00:00:00.000",105.62
"492","LU0810451608","2008-05-19 00:00:00.000",105.46
"493","LU0810451608","2008-05-20 00:00:00.000",105.49
"494","LU0810451608","2008-05-22 00:00:00.000",105.49
"495","LU0810451608","2008-05-23 00:00:00.000",105.49
"496","LU0810451608","2008-05-26 00:00:00.000",105.29
"497","LU0810451608","2008-05-27 00:00:00.000",105.3
"498","LU0810451608","2008-05-28 00:00:00.000",105.3
"499","LU0810451608","2008-05-29 00:00:00.000",105.3
"500","LU0810451608","2008-05-30 00:00:00.000",105.3
"501","LU0810451608","2008-06-02 00:00:00.000",104.96
"502","LU0810451608","2008-06-03 00:00:00.000",105.02
"503","LU0810451608","2008-06-05 00:00:00.000",105.02
"504","LU0810451608","2008-06-06 00:00:00.000",105.02
"505","LU0810451608","2008-06-09 00:00:00.000",105.02
"506","LU0810451608","2008-06-10 00:00:00.000",105.02
"507","LU0810451608","2008-06-11 00:00:00.000",105.02
"508","LU0810451608","2008-06-12 00:00:00.000",104.21
"509","LU0810451608","2008-06-13 00:00:00.000",104.09
"510","LU0810451608","2008-06-16 00:00:00.000",104.09
"511","LU0810451608","2008-06-17 00:00:00.000",103.91
"512","LU0810451608","2008-06-18 00:00:00.000",103.99
"513","LU0810451608","2008-06-19 00:00:00.000",103.99
"514","LU0810451608","2008-06-20 00:00:00.000",103.99
"515","LU0810451608","2008-06-23 00:00:00.000",103.99
"516","LU0810451608","2008-06-24 00:00:00.000",103.99
"517","LU0810451608","2008-06-25 00:00:00.000",103.99
"518","LU0810451608","2008-06-26 00:00:00.000",104.15
"519","LU0810451608","2008-06-27 00:00:00.000",104.15
"520","LU0810451608","2008-06-30 00:00:00.000",104.15
"521","LU0810451608","2008-07-01 00:00:00.000",104.15
"522","LU0810451608","2008-07-02 00:00:00.000",104.15
"523","LU0810451608","2008-07-03 00:00:00.000",104.15
"524","LU0810451608","2008-07-08 00:00:00.000",104.15
"525","LU0810451608","2008-07-09 00:00:00.000",104.69
"526","LU0810451608","2008-07-11 00:00:00.000",104.69
"527","LU0810451608","2008-07-14 00:00:00.000",104.69
"528","LU0810451608","2008-07-15 00:00:00.000",104.69
"529","LU0810451608","2008-07-16 00:00:00.000",104.94
"530","LU0810451608","2008-07-17 00:00:00.000",104.94
"531","LU0810451608","2008-07-18 00:00:00.000",104.94
"532","LU0810451608","2008-07-21 00:00:00.000",104.94
"533","LU0810451608","2008-07-22 00:00:00.000",104.94
"534","LU0810451608","2008-07-23 00:00:00.000",104.94
"535","LU0810451608","2008-07-24 00:00:00.000",104.94
"536","LU0810451608","2008-07-25 00:00:00.000",104.72
"537","LU0810451608","2008-07-28 00:00:00.000",104.72
"538","LU0810451608","2008-07-29 00:00:00.000",104.72
"539","LU0810451608","2008-07-30 00:00:00.000",104.72
"540","LU0810451608","2008-08-04 00:00:00.000",104.72
"541","LU0810451608","2008-08-05 00:00:00.000",104.72
"542","LU0810451608","2008-08-06 00:00:00.000",104.72
"543","LU0810451608","2008-08-07 00:00:00.000",104.72
"544","LU0810451608","2008-08-08 00:00:00.000",104.72
"545","LU0810451608","2008-08-11 00:00:00.000",104.72
"546","LU0810451608","2008-08-15 00:00:00.000",106
"547","LU0810451608","2008-08-18 00:00:00.000",106
"548","LU0810451608","2008-08-19 00:00:00.000",106.15
"549","LU0810451608","2008-08-20 00:00:00.000",106.15
"550","LU0810451608","2008-08-21 00:00:00.000",106.15
"551","LU0810451608","2008-08-22 00:00:00.000",106
"552","LU0810451608","2008-08-25 00:00:00.000",106
"553","LU0810451608","2008-08-26 00:00:00.000",105.86
"554","LU0810451608","2008-08-27 00:00:00.000",105.86
"555","LU0810451608","2008-08-28 00:00:00.000",105.97
"556","LU0810451608","2008-08-29 00:00:00.000",105.86
"557","LU0810451608","2008-09-01 00:00:00.000",105.86
"558","LU0810451608","2008-09-02 00:00:00.000",106.11
"559","LU0810451608","2008-09-03 00:00:00.000",106.11
"560","LU0810451608","2008-09-04 00:00:00.000",106.11
"561","LU0810451608","2008-09-05 00:00:00.000",106.23
"562","LU0810451608","2008-09-08 00:00:00.000",106.23
"563","LU0810451608","2008-09-09 00:00:00.000",106.23
"564","LU0810451608","2008-09-10 00:00:00.000",106.37
"565","LU0810451608","2008-09-11 00:00:00.000",106.36
"566","LU0810451608","2008-09-12 00:00:00.000",106.36
"567","LU0810451608","2008-09-15 00:00:00.000",106.36
"568","LU0810451608","2008-09-17 00:00:00.000",106.23
"569","LU0810451608","2008-09-18 00:00:00.000",106.23
"570","LU0810451608","2008-09-22 00:00:00.000",105.78
"571","LU0810451608","2008-09-23 00:00:00.000",105.78
"572","LU0810451608","2008-09-24 00:00:00.000",105.66
"573","LU0810451608","2008-09-25 00:00:00.000",105.66
"574","LU0810451608","2008-09-26 00:00:00.000",105.68
"575","LU0810451608","2008-09-29 00:00:00.000",105.68
"576","LU0810451608","2008-09-30 00:00:00.000",105.68
"577","LU0810451608","2008-10-01 00:00:00.000",105.68
"578","LU0810451608","2008-10-02 00:00:00.000",105.68
"579","LU0810451608","2008-10-03 00:00:00.000",105.59
"580","LU0810451608","2008-10-06 00:00:00.000",105.65
"581","LU0810451608","2008-10-07 00:00:00.000",105.65
"582","LU0810451608","2008-10-08 00:00:00.000",105.65
"583","LU0810451608","2008-10-09 00:00:00.000",105.65
"584","LU0810451608","2008-10-10 00:00:00.000",105.54
"585","LU0810451608","2008-10-13 00:00:00.000",105.54
"586","LU0810451608","2008-10-14 00:00:00.000",104.83
"587","LU0810451608","2008-10-15 00:00:00.000",104.84
"588","LU0810451608","2008-10-16 00:00:00.000",104.84
"589","LU0810451608","2008-10-17 00:00:00.000",105.15
"590","LU0810451608","2008-10-20 00:00:00.000",105.86
"591","LU0810451608","2008-10-21 00:00:00.000",105.95
"592","LU0810451608","2008-10-22 00:00:00.000",105.53
"593","LU0810451608","2008-10-23 00:00:00.000",105.68
"594","LU0810451608","2008-10-24 00:00:00.000",105.69
"595","LU0810451608","2008-10-27 00:00:00.000",106.3
"596","LU0810451608","2008-10-28 00:00:00.000",106.3
"597","LU0810451608","2008-10-29 00:00:00.000",106.41
"598","LU0810451608","2008-10-30 00:00:00.000",106.11
"599","LU0810451608","2008-10-31 00:00:00.000",106.13
"600","LU0810451608","2008-11-03 00:00:00.000",106.92
"601","LU0810451608","2008-11-04 00:00:00.000",106.96
"602","LU0810451608","2008-11-05 00:00:00.000",106.97
"603","LU0810451608","2008-11-06 00:00:00.000",106.97
"604","LU0810451608","2008-11-10 00:00:00.000",107.32
"605","LU0810451608","2008-11-11 00:00:00.000",107.4
"606","LU0810451608","2008-11-12 00:00:00.000",107.48
"607","LU0810451608","2008-11-13 00:00:00.000",107.1
"608","LU0810451608","2008-11-14 00:00:00.000",107.58
"609","LU0810451608","2008-11-17 00:00:00.000",107.58
"610","LU0810451608","2008-11-18 00:00:00.000",107.59
"611","LU0810451608","2008-11-19 00:00:00.000",107.62
"612","LU0810451608","2008-11-20 00:00:00.000",107.65
"613","LU0810451608","2008-11-21 00:00:00.000",107.43
"614","LU0810451608","2008-11-24 00:00:00.000",107.41
"615","LU0810451608","2008-11-25 00:00:00.000",107.36
"616","LU0810451608","2008-11-26 00:00:00.000",107.38
"617","LU0810451608","2008-11-27 00:00:00.000",107.77
"618","LU0810451608","2008-12-01 00:00:00.000",107.61
"619","LU0810451608","2008-12-02 00:00:00.000",107.82
"620","LU0810451608","2008-12-03 00:00:00.000",107.9
"621","LU0810451608","2008-12-04 00:00:00.000",107.99
"622","LU0810451608","2008-12-08 00:00:00.000",107.94
"623","LU0810451608","2008-12-09 00:00:00.000",107.74
"624","LU0810451608","2008-12-10 00:00:00.000",107.66
"625","LU0810451608","2008-12-11 00:00:00.000",107.77
"626","LU0810451608","2008-12-12 00:00:00.000",107.87
"627","LU0810451608","2008-12-15 00:00:00.000",107.81
"628","LU0810451608","2008-12-16 00:00:00.000",107.95
"629","LU0810451608","2008-12-17 00:00:00.000",108.01
"630","LU0810451608","2008-12-18 00:00:00.000",108.33
"631","LU0810451608","2008-12-22 00:00:00.000",108.63
"632","LU0810451608","2008-12-26 00:00:00.000",108.68
"633","LU0810451608","2008-12-29 00:00:00.000",108.84
"634","LU0810451608","2008-12-31 00:00:00.000",108.78
"635","LU0810451608","2009-01-06 00:00:00.000",108.99
"636","LU0810451608","2009-01-09 00:00:00.000",109.33
"637","LU0810451608","2009-01-12 00:00:00.000",109.64
"638","LU0810451608","2009-01-13 00:00:00.000",109.69
"639","LU0810451608","2009-01-14 00:00:00.000",109.81
"640","LU0810451608","2009-01-15 00:00:00.000",109.81
"641","LU0810451608","2009-01-16 00:00:00.000",109.81
"642","LU0810451608","2009-01-19 00:00:00.000",109.87
"643","LU0810451608","2009-01-20 00:00:00.000",109.82
"644","LU0810451608","2009-01-21 00:00:00.000",109.9
"645","LU0810451608","2009-01-22 00:00:00.000",109.98
"646","LU0810451608","2009-01-23 00:00:00.000",109.98
"647","LU0810451608","2009-01-26 00:00:00.000",109.96
"648","LU0810451608","2009-01-27 00:00:00.000",109.85
"649","LU0810451608","2009-01-28 00:00:00.000",109.66
"650","LU0810451608","2009-01-29 00:00:00.000",109.88
"651","LU0810451608","2009-01-30 00:00:00.000",109.97
"652","LU0810451608","2009-02-02 00:00:00.000",109.97
"653","LU0810451608","2009-02-03 00:00:00.000",109.72
"654","LU0810451608","2009-02-04 00:00:00.000",109.73
"655","LU0810451608","2009-02-05 00:00:00.000",110
"656","LU0810451608","2009-02-06 00:00:00.000",110.05
"657","LU0810451608","2009-02-09 00:00:00.000",110.02
"658","LU0810451608","2009-02-10 00:00:00.000",110.1
"659","LU0810451608","2009-02-11 00:00:00.000",110.05
"660","LU0810451608","2009-02-12 00:00:00.000",110.22
"661","LU0810451608","2009-02-13 00:00:00.000",110.35
"662","LU0810451608","2009-02-16 00:00:00.000",110.42
"663","LU0810451608","2009-02-17 00:00:00.000",110.51
"664","LU0810451608","2009-02-18 00:00:00.000",110.64
"665","LU0810451608","2009-02-19 00:00:00.000",110.64
"666","LU0810451608","2009-02-20 00:00:00.000",110.4
"667","LU0810451608","2009-02-23 00:00:00.000",110.4
"668","LU0810451608","2009-02-24 00:00:00.000",110.47
"669","LU0810451608","2009-02-25 00:00:00.000",110.49
"670","LU0810451608","2009-02-26 00:00:00.000",110.49
"671","LU0810451608","2009-03-02 00:00:00.000",110.53
"672","LU0810451608","2009-03-03 00:00:00.000",110.62
"673","LU0810451608","2009-03-04 00:00:00.000",110.69
"674","LU0810451608","2009-03-05 00:00:00.000",110.69
"675","LU0810451608","2009-03-06 00:00:00.000",110.55
"676","LU0810451608","2009-03-09 00:00:00.000",110.59
"677","LU0810451608","2009-03-10 00:00:00.000",110.53
"678","LU0810451608","2009-03-11 00:00:00.000",110.51
"679","LU0810451608","2009-03-12 00:00:00.000",110.51
"680","LU0810451608","2009-03-13 00:00:00.000",109.98
"681","LU0810451608","2009-03-16 00:00:00.000",109.86
"682","LU0810451608","2009-03-19 00:00:00.000",109.68
"683","LU0810451608","2009-03-20 00:00:00.000",109.76
"684","LU0810451608","2009-03-23 00:00:00.000",109.81
"685","LU0810451608","2009-03-24 00:00:00.000",109.77
"686","LU0810451608","2009-03-25 00:00:00.000",109.74
"687","LU0810451608","2009-03-26 00:00:00.000",109.74
"688","LU0810451608","2009-03-27 00:00:00.000",109.72
"689","LU0810451608","2009-03-30 00:00:00.000",109.88
"690","LU0810451608","2009-03-31 00:00:00.000",109.98
"691","LU0810451608","2009-04-01 00:00:00.000",109.9
"692","LU0810451608","2009-04-02 00:00:00.000",109.95
"693","LU0810451608","2009-04-03 00:00:00.000",109.75
"694","LU0810451608","2009-04-06 00:00:00.000",110.02
"695","LU0810451608","2009-04-07 00:00:00.000",109.89
"696","LU0810451608","2009-04-08 00:00:00.000",109.83
"697","LU0810451608","2009-04-17 00:00:00.000",109.94
"698","LU0810451608","2009-04-20 00:00:00.000",109.87
"699","LU0810451608","2009-04-21 00:00:00.000",110.02
"700","LU0810451608","2009-04-22 00:00:00.000",110.01
"701","LU0810451608","2009-04-23 00:00:00.000",110.66
"702","LU0810451608","2009-04-24 00:00:00.000",110.45
"703","LU0810451608","2009-04-27 00:00:00.000",110.45
"704","LU0810451608","2009-04-28 00:00:00.000",110.35
"705","LU0810451608","2009-04-29 00:00:00.000",110.4
"706","LU0810451608","2009-05-01 00:00:00.000",110.69
"707","LU0810451608","2009-05-04 00:00:00.000",110.61
"708","LU0810451608","2009-05-05 00:00:00.000",110.44
"709","LU0810451608","2009-05-06 00:00:00.000",110.45
"710","LU0810451608","2009-05-07 00:00:00.000",110.52
"711","LU0810451608","2009-05-08 00:00:00.000",110.92
"712","LU0810451608","2009-05-11 00:00:00.000",110.95
"713","LU0810451608","2009-05-12 00:00:00.000",111.03
"714","LU0810451608","2009-05-14 00:00:00.000",111.23
"715","LU0810451608","2009-05-15 00:00:00.000",111.22
"716","LU0810451608","2009-05-18 00:00:00.000",111.04
"717","LU0810451608","2009-05-19 00:00:00.000",111.11
"718","LU0810451608","2009-05-21 00:00:00.000",111.11
"719","LU0810451608","2009-05-25 00:00:00.000",111.18
"720","LU0810451608","2009-05-26 00:00:00.000",111.13
"721","LU0810451608","2009-05-27 00:00:00.000",111.17
"722","LU0810451608","2009-05-28 00:00:00.000",111.08
"723","LU0810451608","2009-06-01 00:00:00.000",111.05
"724","LU0810451608","2009-06-02 00:00:00.000",111.18
"725","LU0810451608","2009-06-03 00:00:00.000",111.24
"726","LU0810451608","2009-06-04 00:00:00.000",111.24
"727","LU0810451608","2009-06-05 00:00:00.000",111.43
"728","LU0810451608","2009-06-08 00:00:00.000",111.05
"729","LU0810451608","2009-06-09 00:00:00.000",110.99
"730","LU0810451608","2009-06-11 00:00:00.000",111.07
"731","LU0810451608","2009-06-12 00:00:00.000",111.03
"732","LU0810451608","2009-06-15 00:00:00.000",111.09
"733","LU0810451608","2009-06-16 00:00:00.000",111.27
"734","LU0810451608","2009-06-17 00:00:00.000",111.26
"735","LU0810451608","2009-06-18 00:00:00.000",111.28
"736","LU0810451608","2009-06-22 00:00:00.000",111.28
"737","LU0810451608","2009-06-24 00:00:00.000",111.28
"738","LU0810451608","2009-06-25 00:00:00.000",111.28
"739","LU0810451608","2009-06-29 00:00:00.000",111.66
"740","LU0810451608","2009-06-30 00:00:00.000",111.41
"741","LU0810451608","2009-07-01 00:00:00.000",111.46
"742","LU0810451608","2009-07-02 00:00:00.000",111.45
"743","LU0810451608","2009-07-06 00:00:00.000",111.63
"744","LU0810451608","2009-07-07 00:00:00.000",111.7
"745","LU0810451608","2009-07-08 00:00:00.000",111.71
"746","LU0810451608","2009-07-09 00:00:00.000",111.74
"747","LU0810451608","2009-07-10 00:00:00.000",111.74
"748","LU0810451608","2009-07-13 00:00:00.000",111.82
"749","LU0810451608","2009-07-14 00:00:00.000",112.11
"750","LU0810451608","2009-07-15 00:00:00.000",111.93
"751","LU0810451608","2009-07-16 00:00:00.000",111.89
"752","LU0810451608","2009-07-17 00:00:00.000",111.97
"753","LU0810451608","2009-07-20 00:00:00.000",112.02
"754","LU0810451608","2009-07-21 00:00:00.000",111.9
"755","LU0810451608","2009-07-22 00:00:00.000",111.99
"756","LU0810451608","2009-07-23 00:00:00.000",112.27
"757","LU0810451608","2009-07-24 00:00:00.000",112.14
"758","LU0810451608","2009-07-27 00:00:00.000",111.98
"759","LU0810451608","2009-07-28 00:00:00.000",111.99
"760","LU0810451608","2009-07-29 00:00:00.000",112.03
"761","LU0810451608","2009-07-30 00:00:00.000",112.13
"762","LU0810451608","2009-07-31 00:00:00.000",112.14
"763","LU0810451608","2009-08-03 00:00:00.000",112.26
"764","LU0810451608","2009-08-04 00:00:00.000",112.25
"765","LU0810451608","2009-08-05 00:00:00.000",112.18
"766","LU0810451608","2009-08-06 00:00:00.000",112.38
"767","LU0810451608","2009-08-07 00:00:00.000",112.38
"768","LU0810451608","2009-08-10 00:00:00.000",112.38
"769","LU0810451608","2009-08-13 00:00:00.000",112.38
"770","LU0810451608","2009-08-17 00:00:00.000",112.41
"771","LU0810451608","2009-08-18 00:00:00.000",112.5
"772","LU0810451608","2009-08-19 00:00:00.000",112.49
"773","LU0810451608","2009-08-20 00:00:00.000",112.51
"774","LU0810451608","2009-08-21 00:00:00.000",112.51
"775","LU0810451608","2009-08-24 00:00:00.000",112.47
"776","LU0810451608","2009-08-25 00:00:00.000",112.49
"777","LU0810451608","2009-08-26 00:00:00.000",112.55
"778","LU0810451608","2009-08-27 00:00:00.000",112.57
"779","LU0810451608","2009-08-28 00:00:00.000",112.7
"780","LU0810451608","2009-08-31 00:00:00.000",112.7
"781","LU0810451608","2009-09-01 00:00:00.000",112.68
"782","LU0810451608","2009-09-02 00:00:00.000",112.7
"783","LU0810451608","2009-09-03 00:00:00.000",112.72
"784","LU0810451608","2009-09-04 00:00:00.000",112.74
"785","LU0810451608","2009-09-07 00:00:00.000",112.77
"786","LU0810451608","2009-09-08 00:00:00.000",112.82
"787","LU0810451608","2009-09-09 00:00:00.000",112.85
"788","LU0810451608","2009-09-10 00:00:00.000",112.85
"789","LU0810451608","2009-09-11 00:00:00.000",112.87
"790","LU0810451608","2009-09-14 00:00:00.000",112.91
"791","LU0810451608","2009-09-15 00:00:00.000",112.93
"792","LU0810451608","2009-09-16 00:00:00.000",112.93
"793","LU0810451608","2009-09-17 00:00:00.000",112.9
"794","LU0810451608","2009-09-18 00:00:00.000",112.85
"795","LU0810451608","2009-09-21 00:00:00.000",112.88
"796","LU0810451608","2009-09-22 00:00:00.000",112.92
"797","LU0810451608","2009-09-23 00:00:00.000",112.93
"798","LU0810451608","2009-09-24 00:00:00.000",112.95
"799","LU0810451608","2009-09-25 00:00:00.000",113.03
"800","LU0810451608","2009-09-28 00:00:00.000",113.04
"801","LU0810451608","2009-09-29 00:00:00.000",113.06
"802","LU0810451608","2009-09-30 00:00:00.000",113.03
"803","LU0810451608","2009-10-01 00:00:00.000",113.02
"804","LU0810451608","2009-10-02 00:00:00.000",113.06
"805","LU0810451608","2009-10-05 00:00:00.000",113.1
"806","LU0810451608","2009-10-06 00:00:00.000",113.11
"807","LU0810451608","2009-10-07 00:00:00.000",113.09
"808","LU0810451608","2009-10-12 00:00:00.000",112.99
"809","LU0810451608","2009-10-13 00:00:00.000",113.04
"810","LU0810451608","2009-10-14 00:00:00.000",113.09
"811","LU0810451608","2009-10-15 00:00:00.000",113.06
"812","LU0810451608","2009-10-16 00:00:00.000",113
"813","LU0810451608","2009-10-19 00:00:00.000",112.98
"814","LU0810451608","2009-10-20 00:00:00.000",113
"815","LU0810451608","2009-10-21 00:00:00.000",113.03
"816","LU0810451608","2009-10-23 00:00:00.000",113
"817","LU0810451608","2009-10-26 00:00:00.000",112.97
"818","LU0810451608","2009-10-29 00:00:00.000",113.09
"819","LU0810451608","2009-10-30 00:00:00.000",113.06
"820","LU0810451608","2009-11-02 00:00:00.000",113.07
"821","LU0810451608","2009-11-03 00:00:00.000",113.12
"822","LU0810451608","2009-11-04 00:00:00.000",113.16
"823","LU0810451608","2009-11-05 00:00:00.000",113.05
"824","LU0810451608","2009-11-06 00:00:00.000",113.04
"825","LU0810451608","2009-11-09 00:00:00.000",113.07
"826","LU0810451608","2009-11-11 00:00:00.000",113.2
"827","LU0810451608","2009-11-12 00:00:00.000",113.2
"828","LU0810451608","2009-11-16 00:00:00.000",113.27
"829","LU0810451608","2009-11-18 00:00:00.000",113.33
"830","LU0810451608","2009-11-19 00:00:00.000",113.31
"831","LU0810451608","2009-11-20 00:00:00.000",113.33
"832","LU0810451608","2009-11-23 00:00:00.000",113.33
"833","LU0810451608","2009-11-24 00:00:00.000",113.27
"834","LU0810451608","2009-11-25 00:00:00.000",113.3
"835","LU0810451608","2009-11-27 00:00:00.000",113.39
"836","LU0810451608","2009-11-30 00:00:00.000",113.38
"837","LU0810451608","2009-12-01 00:00:00.000",113.38
"838","LU0810451608","2009-12-02 00:00:00.000",113.38
"839","LU0810451608","2009-12-03 00:00:00.000",113.42
"840","LU0810451608","2009-12-04 00:00:00.000",113.41
"841","LU0810451608","2009-12-08 00:00:00.000",113.41
"842","LU0810451608","2009-12-09 00:00:00.000",113.46
"843","LU0810451608","2009-12-10 00:00:00.000",113.48
"844","LU0810451608","2009-12-11 00:00:00.000",113.44
"845","LU0810451608","2009-12-14 00:00:00.000",113.43
"846","LU0810451608","2009-12-15 00:00:00.000",113.48
"847","LU0810451608","2009-12-16 00:00:00.000",113.56
"848","LU0810451608","2009-12-17 00:00:00.000",113.51
"849","LU0810451608","2009-12-18 00:00:00.000",113.6
"850","LU0810451608","2009-12-22 00:00:00.000",113.63
"851","LU0810451608","2009-12-25 00:00:00.000",113.6
"852","LU0810451608","2009-12-28 00:00:00.000",113.6
"853","LU0810451608","2009-12-29 00:00:00.000",113.46
"854","LU0810451608","2010-01-04 00:00:00.000",113.47
"855","LU0810451608","2010-01-06 00:00:00.000",113.52
"856","LU0810451608","2010-01-07 00:00:00.000",113.54
"857","LU0810451608","2010-01-08 00:00:00.000",113.58
"858","LU0810451608","2010-01-11 00:00:00.000",113.6
"859","LU0810451608","2010-01-12 00:00:00.000",113.66
"860","LU0810451608","2010-01-13 00:00:00.000",113.88
"861","LU0810451608","2010-01-14 00:00:00.000",113.88
"862","LU0810451608","2010-01-15 00:00:00.000",113.73
"863","LU0810451608","2010-01-18 00:00:00.000",113.78
"864","LU0810451608","2010-01-21 00:00:00.000",113.82
"865","LU0810451608","2010-01-22 00:00:00.000",113.82
"866","LU0810451608","2010-01-25 00:00:00.000",113.83
"867","LU0810451608","2010-01-26 00:00:00.000",113.86
"868","LU0810451608","2010-01-27 00:00:00.000",113.85
"869","LU0810451608","2010-01-28 00:00:00.000",113.9
"870","LU0810451608","2010-02-01 00:00:00.000",113.81
"871","LU0810451608","2010-02-02 00:00:00.000",113.83
"872","LU0810451608","2010-02-03 00:00:00.000",113.83
"873","LU0810451608","2010-02-05 00:00:00.000",113.87
"874","LU0810451608","2010-02-08 00:00:00.000",113.95
"875","LU0810451608","2010-02-09 00:00:00.000",113.94
"876","LU0810451608","2010-02-10 00:00:00.000",113.92
"877","LU0810451608","2010-02-11 00:00:00.000",113.9
"878","LU0810451608","2010-02-12 00:00:00.000",113.87
"879","LU0810451608","2010-02-15 00:00:00.000",113.94
"880","LU0810451608","2010-02-16 00:00:00.000",113.97
"881","LU0810451608","2010-02-17 00:00:00.000",113.97
"882","LU0810451608","2010-02-18 00:00:00.000",113.98
"883","LU0810451608","2010-02-19 00:00:00.000",113.99
"884","LU0810451608","2010-02-23 00:00:00.000",114
"885","LU0810451608","2010-02-24 00:00:00.000",114.05
"886","LU0810451608","2010-02-25 00:00:00.000",114.08
"887","LU0810451608","2010-03-01 00:00:00.000",114.13
"888","LU0810451608","2010-03-02 00:00:00.000",114.15
"889","LU0810451608","2010-03-03 00:00:00.000",114.27
"890","LU0810451608","2010-03-04 00:00:00.000",114.16
"891","LU0810451608","2010-03-05 00:00:00.000",114.17
"892","LU0810451608","2010-03-08 00:00:00.000",114.16
"893","LU0810451608","2010-03-09 00:00:00.000",114.16
"894","LU0810451608","2010-03-10 00:00:00.000",114.22
"895","LU0810451608","2010-03-12 00:00:00.000",114.16
"896","LU0810451608","2010-03-15 00:00:00.000",114.15
"897","LU0810451608","2010-03-16 00:00:00.000",114.17
"898","LU0810451608","2010-03-17 00:00:00.000",114.2
"899","LU0810451608","2010-03-19 00:00:00.000",114.24
"900","LU0810451608","2010-03-22 00:00:00.000",114.23
"901","LU0810451608","2010-03-23 00:00:00.000",114.27
"902","LU0810451608","2010-03-24 00:00:00.000",114.3
"903","LU0810451608","2010-03-25 00:00:00.000",114.29
"904","LU0810451608","2010-03-26 00:00:00.000",114.28
"905","LU0810451608","2010-03-29 00:00:00.000",114.26
"906","LU0810451608","2010-03-30 00:00:00.000",114.31
"907","LU0810451608","2010-03-31 00:00:00.000",114.29
"908","LU0810451608","2010-04-09 00:00:00.000",114.38
"909","LU0810451608","2010-04-14 00:00:00.000",114.35
"910","LU0810451608","2010-04-15 00:00:00.000",114.37
"911","LU0810451608","2010-04-16 00:00:00.000",114.38
"912","LU0810451608","2010-04-19 00:00:00.000",114.43
"913","LU0810451608","2010-04-21 00:00:00.000",114.46
"914","LU0810451608","2010-04-22 00:00:00.000",114.45
"915","LU0810451608","2010-04-23 00:00:00.000",114.46
"916","LU0810451608","2010-04-26 00:00:00.000",114.46
"917","LU0810451608","2010-04-27 00:00:00.000",114.45
"918","LU0810451608","2010-04-28 00:00:00.000",114.5
"919","LU0810451608","2010-04-29 00:00:00.000",114.49
"920","LU0810451608","2010-04-30 00:00:00.000",114.47
"921","LU0810451608","2010-05-03 00:00:00.000",114.47
"922","LU0810451608","2010-05-04 00:00:00.000",114.48
"923","LU0810451608","2010-05-05 00:00:00.000",114.5
"924","LU0810451608","2010-05-06 00:00:00.000",114.54
"925","LU0810451608","2010-05-10 00:00:00.000",114.52
"926","LU0810451608","2010-05-11 00:00:00.000",114.5
"927","LU0810451608","2010-05-13 00:00:00.000",114.52
"928","LU0810451608","2010-05-14 00:00:00.000",114.52
"929","LU0810451608","2010-05-17 00:00:00.000",114.56
"930","LU0810451608","2010-05-18 00:00:00.000",114.54
"931","LU0810451608","2010-05-19 00:00:00.000",114.51
"932","LU0810451608","2010-05-20 00:00:00.000",114.53
"933","LU0810451608","2010-05-24 00:00:00.000",114.52
"934","LU0810451608","2010-05-27 00:00:00.000",114.49
"935","LU0810451608","2010-05-28 00:00:00.000",114.48
"936","LU0810451608","2010-05-31 00:00:00.000",114.48
"937","LU0810451608","2010-06-01 00:00:00.000",114.51
"938","LU0810451608","2010-06-03 00:00:00.000",114.57
"939","LU0810451608","2010-06-04 00:00:00.000",114.48
"940","LU0810451608","2010-06-07 00:00:00.000",114.51
"941","LU0810451608","2010-06-09 00:00:00.000",114.57
"942","LU0810451608","2010-06-10 00:00:00.000",114.57
"943","LU0810451608","2010-06-11 00:00:00.000",114.54
"944","LU0810451608","2010-06-14 00:00:00.000",114.54
"945","LU0810451608","2010-06-15 00:00:00.000",114.58
"946","LU0810451608","2010-06-16 00:00:00.000",114.56
"947","LU0810451608","2010-06-17 00:00:00.000",114.56
"948","LU0810451608","2010-06-29 00:00:00.000",114.55
"949","LU0810451608","2010-06-30 00:00:00.000",114.59
"950","LU0810451608","2010-07-01 00:00:00.000",114.56
"951","LU0810451608","2010-07-02 00:00:00.000",114.5
"952","LU0810451608","2010-07-05 00:00:00.000",114.5
"953","LU0810451608","2010-07-06 00:00:00.000",114.54
"954","LU0810451608","2010-07-07 00:00:00.000",114.52
"955","LU0810451608","2010-07-08 00:00:00.000",114.59
"956","LU0810451608","2010-07-09 00:00:00.000",114.49
"957","LU0810451608","2010-07-12 00:00:00.000",114.5
"958","LU0810451608","2010-07-13 00:00:00.000",114.58
"959","LU0810451608","2010-07-14 00:00:00.000",114.58
"960","LU0810451608","2010-07-15 00:00:00.000",114.54
"961","LU0810451608","2010-07-16 00:00:00.000",114.53
"962","LU0810451608","2010-07-20 00:00:00.000",114.53
"963","LU0810451608","2010-07-21 00:00:00.000",114.55
"964","LU0810451608","2010-07-22 00:00:00.000",114.59
"965","LU0810451608","2010-07-23 00:00:00.000",114.62
"966","LU0810451608","2010-07-26 00:00:00.000",114.6
"967","LU0810451608","2010-07-27 00:00:00.000",114.56
"968","LU0810451608","2010-07-28 00:00:00.000",114.52
"969","LU0810451608","2010-07-29 00:00:00.000",114.52
"970","LU0810451608","2010-07-30 00:00:00.000",114.55
"971","LU0810451608","2010-08-02 00:00:00.000",114.59
"972","LU0810451608","2010-08-03 00:00:00.000",114.62
"973","LU0810451608","2010-08-04 00:00:00.000",114.65
"974","LU0810451608","2010-08-05 00:00:00.000",114.66
"975","LU0810451608","2010-08-06 00:00:00.000",114.65
"976","LU0810451608","2010-08-09 00:00:00.000",114.65
"977","LU0810451608","2010-08-10 00:00:00.000",114.68
"978","LU0810451608","2010-08-11 00:00:00.000",114.7
"979","LU0810451608","2010-08-12 00:00:00.000",114.75
"980","LU0810451608","2010-08-16 00:00:00.000",114.75
"981","LU0810451608","2010-08-17 00:00:00.000",114.75
"982","LU0810451608","2010-08-18 00:00:00.000",114.83
"983","LU0810451608","2010-08-19 00:00:00.000",114.81
"984","LU0810451608","2010-08-20 00:00:00.000",114.81
"985","LU0810451608","2010-08-23 00:00:00.000",114.84
"986","LU0810451608","2010-08-24 00:00:00.000",114.88
"987","LU0810451608","2010-08-25 00:00:00.000",114.89
"988","LU0810451608","2010-08-30 00:00:00.000",114.87
"989","LU0810451608","2010-08-31 00:00:00.000",114.91
"990","LU0810451608","2010-09-01 00:00:00.000",114.93
"991","LU0810451608","2010-09-02 00:00:00.000",114.89
"992","LU0810451608","2010-09-03 00:00:00.000",114.87
"993","LU0810451608","2010-09-06 00:00:00.000",114.85
"994","LU0810451608","2010-09-07 00:00:00.000",114.86
"995","LU0810451608","2010-09-08 00:00:00.000",114.9
"996","LU0810451608","2010-09-09 00:00:00.000",114.88
"997","LU0810451608","2010-09-10 00:00:00.000",114.84
"998","LU0810451608","2010-09-13 00:00:00.000",114.81
"999","LU0810451608","2010-09-14 00:00:00.000",114.81
"1000","LU0810451608","2010-09-15 00:00:00.000",114.74
"1001","LU0810451608","2010-09-16 00:00:00.000",114.7
"1002","LU0810451608","2010-09-17 00:00:00.000",114.67
"1003","LU0810451608","2010-09-20 00:00:00.000",114.69
"1004","LU0810451608","2010-09-21 00:00:00.000",114.7
"1005","LU0810451608","2010-09-22 00:00:00.000",114.7
"1006","LU0810451608","2010-09-23 00:00:00.000",114.73
"1007","LU0810451608","2010-09-24 00:00:00.000",114.76
"1008","LU0810451608","2010-09-27 00:00:00.000",114.76
"1009","LU0810451608","2010-09-28 00:00:00.000",114.77
"1010","LU0810451608","2010-09-29 00:00:00.000",114.77
"1011","LU0810451608","2010-09-30 00:00:00.000",114.72
"1012","LU0810451608","2010-10-01 00:00:00.000",114.67
"1013","LU0810451608","2010-10-04 00:00:00.000",114.74
"1014","LU0810451608","2010-10-05 00:00:00.000",114.79
"1015","LU0810451608","2010-10-06 00:00:00.000",114.8
"1016","LU0810451608","2010-10-07 00:00:00.000",114.83
"1017","LU0810451608","2010-10-08 00:00:00.000",114.82
"1018","LU0810451608","2010-10-12 00:00:00.000",114.87
"1019","LU0810451608","2010-10-13 00:00:00.000",114.9
"1020","LU0810451608","2010-10-14 00:00:00.000",114.86
"1021","LU0810451608","2010-10-15 00:00:00.000",114.85
"1022","LU0810451608","2010-10-18 00:00:00.000",114.83
"1023","LU0810451608","2010-10-19 00:00:00.000",114.81
"1024","LU0810451608","2010-10-20 00:00:00.000",114.78
"1025","LU0810451608","2010-10-21 00:00:00.000",114.74
"1026","LU0810451608","2010-10-22 00:00:00.000",114.71
"1027","LU0810451608","2010-10-25 00:00:00.000",114.7
"1028","LU0810451608","2010-10-27 00:00:00.000",114.71
"1029","LU0810451608","2010-11-01 00:00:00.000",114.71
"1030","LU0810451608","2010-11-02 00:00:00.000",114.71
"1031","LU0810451608","2010-11-03 00:00:00.000",114.71
"1032","LU0810451608","2010-11-04 00:00:00.000",114.75
"1033","LU0810451608","2010-11-05 00:00:00.000",114.77
"1034","LU0810451608","2010-11-08 00:00:00.000",114.84
"1035","LU0810451608","2010-11-09 00:00:00.000",114.79
"1036","LU0810451608","2010-11-10 00:00:00.000",114.79
"1037","LU0810451608","2010-11-11 00:00:00.000",114.77
"1038","LU0810451608","2010-11-12 00:00:00.000",114.77
"1039","LU0810451608","2010-11-15 00:00:00.000",114.74
"1040","LU0810451608","2010-11-16 00:00:00.000",114.75
"1041","LU0810451608","2010-11-18 00:00:00.000",114.75
"1042","LU0810451608","2010-11-19 00:00:00.000",114.73
"1043","LU0810451608","2010-11-22 00:00:00.000",114.73
"1044","LU0810451608","2010-11-23 00:00:00.000",114.77
"1045","LU0810451608","2010-11-24 00:00:00.000",114.86
"1046","LU0810451608","2010-11-25 00:00:00.000",114.83
"1047","LU0810451608","2010-11-26 00:00:00.000",114.83
"1048","LU0810451608","2010-11-29 00:00:00.000",114.83
"1049","LU0810451608","2010-11-30 00:00:00.000",114.86
"1050","LU0810451608","2010-12-01 00:00:00.000",114.89
"1051","LU0810451608","2010-12-02 00:00:00.000",114.89
"1052","LU0810451608","2010-12-03 00:00:00.000",114.89
"1053","LU0810451608","2010-12-06 00:00:00.000",114.89
"1054","LU0810451608","2010-12-08 00:00:00.000",114.92
"1055","LU0810451608","2010-12-09 00:00:00.000",114.84
"1056","LU0810451608","2010-12-13 00:00:00.000",114.79
"1057","LU0810451608","2010-12-14 00:00:00.000",114.79
"1058","LU0810451608","2010-12-16 00:00:00.000",114.79
"1059","LU0810451608","2010-12-17 00:00:00.000",114.79
"1060","LU0810451608","2010-12-20 00:00:00.000",114.79
"1061","LU0810451608","2010-12-21 00:00:00.000",114.82
"1062","LU0810451608","2010-12-22 00:00:00.000",114.82
"1063","LU0810451608","2010-12-24 00:00:00.000",114.9
"1064","LU0810451608","2010-12-27 00:00:00.000",114.9
"1065","LU0810451608","2010-12-28 00:00:00.000",114.91
"1066","LU0810451608","2010-12-29 00:00:00.000",114.94
"1067","LU0810451608","2010-12-31 00:00:00.000",114.97
"1068","LU0810451608","2011-01-03 00:00:00.000",114.99
"1069","LU0810451608","2011-01-04 00:00:00.000",115.04
"1070","LU0810451608","2011-01-07 00:00:00.000",114.96
"1071","LU0810451608","2011-01-10 00:00:00.000",114.97
"1072","LU0810451608","2011-01-11 00:00:00.000",115
"1073","LU0810451608","2011-01-12 00:00:00.000",114.99
"1074","LU0810451608","2011-01-13 00:00:00.000",114.92
"1075","LU0810451608","2011-01-14 00:00:00.000",114.85
"1076","LU0810451608","2011-01-17 00:00:00.000",114.77
"1077","LU0810451608","2011-01-18 00:00:00.000",114.8
"1078","LU0810451608","2011-01-19 00:00:00.000",114.77
"1079","LU0810451608","2011-01-20 00:00:00.000",114.79
"1080","LU0810451608","2011-01-21 00:00:00.000",114.75
"1081","LU0810451608","2011-01-24 00:00:00.000",114.7
"1082","LU0810451608","2011-01-25 00:00:00.000",114.74
"1083","LU0810451608","2011-01-26 00:00:00.000",114.73
"1084","LU0810451608","2011-01-27 00:00:00.000",114.7
"1085","LU0810451608","2011-01-28 00:00:00.000",114.65
"1086","LU0810451608","2011-01-31 00:00:00.000",114.64
"1087","LU0810451608","2011-02-01 00:00:00.000",114.64
"1088","LU0810451608","2011-02-02 00:00:00.000",114.64
"1089","LU0810451608","2011-02-03 00:00:00.000",114.61
"1090","LU0810451608","2011-02-04 00:00:00.000",114.66
"1091","LU0810451608","2011-02-07 00:00:00.000",114.66
"1092","LU0810451608","2011-02-08 00:00:00.000",114.69
"1093","LU0810451608","2011-02-09 00:00:00.000",114.73
"1094","LU0810451608","2011-02-10 00:00:00.000",114.64
"1095","LU0810451608","2011-02-11 00:00:00.000",114.66
"1096","LU0810451608","2011-02-14 00:00:00.000",114.68
"1097","LU0810451608","2011-02-15 00:00:00.000",114.72
"1098","LU0810451608","2011-02-16 00:00:00.000",114.72
"1099","LU0810451608","2011-02-17 00:00:00.000",114.73
"1100","LU0810451608","2011-02-18 00:00:00.000",114.79
"1101","LU0810451608","2011-02-21 00:00:00.000",114.76
"1102","LU0810451608","2011-02-22 00:00:00.000",114.76
"1103","LU0810451608","2011-02-23 00:00:00.000",114.74
"1104","LU0810451608","2011-02-24 00:00:00.000",114.72
"1105","LU0810451608","2011-02-25 00:00:00.000",114.73
"1106","LU0810451608","2011-02-28 00:00:00.000",114.73
"1107","LU0810451608","2011-03-01 00:00:00.000",114.77
"1108","LU0810451608","2011-03-02 00:00:00.000",114.75
"1109","LU0810451608","2011-03-03 00:00:00.000",114.75
"1110","LU0810451608","2011-03-04 00:00:00.000",114.62
"1111","LU0810451608","2011-03-07 00:00:00.000",114.61
"1112","LU0810451608","2011-03-08 00:00:00.000",114.64
"1113","LU0810451608","2011-03-09 00:00:00.000",114.59
"1114","LU0810451608","2011-03-10 00:00:00.000",114.59
"1115","LU0810451608","2011-03-11 00:00:00.000",114.64
"1116","LU0810451608","2011-03-14 00:00:00.000",114.68
"1117","LU0810451608","2011-03-15 00:00:00.000",114.73
"1118","LU0810451608","2011-03-16 00:00:00.000",114.8
"1119","LU0810451608","2011-03-17 00:00:00.000",114.83
"1120","LU0810451608","2011-03-18 00:00:00.000",114.8
"1121","LU0810451608","2011-03-21 00:00:00.000",114.75
"1122","LU0810451608","2011-03-22 00:00:00.000",114.71
"1123","LU0810451608","2011-03-23 00:00:00.000",114.71
"1124","LU0810451608","2011-03-24 00:00:00.000",114.73
"1125","LU0810451608","2011-03-25 00:00:00.000",114.74
"1126","LU0810451608","2011-03-28 00:00:00.000",114.79
"1127","LU0810451608","2011-03-29 00:00:00.000",114.79
"1128","LU0810451608","2011-03-30 00:00:00.000",114.72
"1129","LU0810451608","2011-03-31 00:00:00.000",114.73
"1130","LU0810451608","2011-04-01 00:00:00.000",114.72
"1131","LU0810451608","2011-04-04 00:00:00.000",114.7
"1132","LU0810451608","2011-04-05 00:00:00.000",114.74
"1133","LU0810451608","2011-04-06 00:00:00.000",114.73
"1134","LU0810451608","2011-04-07 00:00:00.000",114.69
"1135","LU0810451608","2011-04-08 00:00:00.000",114.78
"1136","LU0810451608","2011-04-11 00:00:00.000",114.69
"1137","LU0810451608","2011-04-12 00:00:00.000",114.75
"1138","LU0810451608","2011-04-13 00:00:00.000",114.73
"1139","LU0810451608","2011-04-14 00:00:00.000",114.73
"1140","LU0810451608","2011-04-15 00:00:00.000",114.74
"1141","LU0810451608","2011-04-18 00:00:00.000",114.8
"1142","LU0810451608","2011-04-19 00:00:00.000",114.88
"1143","LU0810451608","2011-04-20 00:00:00.000",114.84
"1144","LU0810451608","2011-04-25 00:00:00.000",114.84
"1145","LU0810451608","2011-04-26 00:00:00.000",114.84
"1146","LU0810451608","2011-04-27 00:00:00.000",114.84
"1147","LU0810451608","2011-04-28 00:00:00.000",114.84
"1148","LU0810451608","2011-04-29 00:00:00.000",114.89
"1149","LU0810451608","2011-05-02 00:00:00.000",114.88
"1150","LU0810451608","2011-05-03 00:00:00.000",114.9
"1151","LU0810451608","2011-05-04 00:00:00.000",114.87
"1152","LU0810451608","2011-05-05 00:00:00.000",114.8318
"1153","LU0810451608","2011-05-06 00:00:00.000",114.8967
"1154","LU0810451608","2011-05-09 00:00:00.000",115.0444
"1155","LU0810451608","2011-05-10 00:00:00.000",115.0472
"1156","LU0810451608","2011-05-11 00:00:00.000",115.0373
"1157","LU0810451608","2011-05-12 00:00:00.000",115.0558
"1158","LU0810451608","2011-05-13 00:00:00.000",115.0462
"1159","LU0810451608","2011-05-16 00:00:00.000",115.0454
"1160","LU0810451608","2011-05-17 00:00:00.000",115.0664
"1161","LU0810451608","2011-05-18 00:00:00.000",115.027
"1162","LU0810451608","2011-05-19 00:00:00.000",115.0231
"1163","LU0810451608","2011-05-20 00:00:00.000",115.0636
"1164","LU0810451608","2011-05-23 00:00:00.000",115.1375
"1165","LU0810451608","2011-05-24 00:00:00.000",115.1278
"1166","LU0810451608","2011-05-25 00:00:00.000",115.1391
"1167","LU0810451608","2011-05-26 00:00:00.000",115.1809
"1168","LU0810451608","2011-05-27 00:00:00.000",115.2024
"1169","LU0810451608","2011-05-30 00:00:00.000",115.2113
"1170","LU0810451608","2011-05-31 00:00:00.000",115.21
"1171","LU0810451608","2011-06-01 00:00:00.000",115.19
"1172","LU0810451608","2011-06-02 00:00:00.000",115.21
"1173","LU0810451608","2011-06-03 00:00:00.000",115.14
"1174","LU0810451608","2011-06-06 00:00:00.000",115.19
"1175","LU0810451608","2011-06-07 00:00:00.000",115.15
"1176","LU0810451608","2011-06-08 00:00:00.000",115.17
"1177","LU0810451608","2011-06-09 00:00:00.000",115.21
"1178","LU0810451608","2011-06-10 00:00:00.000",115.26
"1179","LU0810451608","2011-06-13 00:00:00.000",115.21
"1180","LU0810451608","2011-06-14 00:00:00.000",115.24
"1181","LU0810451608","2011-06-15 00:00:00.000",115.28
"1182","LU0810451608","2011-06-16 00:00:00.000",115.3
"1183","LU0810451608","2011-06-17 00:00:00.000",115.27
"1184","LU0810451608","2011-06-20 00:00:00.000",115.28
"1185","LU0810451608","2011-06-21 00:00:00.000",115.28
"1186","LU0810451608","2011-06-22 00:00:00.000",115.31
"1187","LU0810451608","2011-06-24 00:00:00.000",115.37
"1188","LU0810451608","2011-06-27 00:00:00.000",115.36
"1189","LU0810451608","2011-06-28 00:00:00.000",115.31
"1190","LU0810451608","2011-06-29 00:00:00.000",115.28
"1191","LU0810451608","2011-06-30 00:00:00.000",115.25
"1192","LU0810451608","2011-07-01 00:00:00.000",115.25
"1193","LU0810451608","2011-07-04 00:00:00.000",115.29
"1194","LU0810451608","2011-07-05 00:00:00.000",115.29
"1195","LU0810451608","2011-07-06 00:00:00.000",115.31
"1196","LU0810451608","2011-07-07 00:00:00.000",115.31
"1197","LU0810451608","2011-07-08 00:00:00.000",115.36
"1198","LU0810451608","2011-07-11 00:00:00.000",115.47
"1199","LU0810451608","2011-07-12 00:00:00.000",115.46
"1200","LU0810451608","2011-07-13 00:00:00.000",115.46
"1201","LU0810451608","2011-07-14 00:00:00.000",115.48
"1202","LU0810451608","2011-07-15 00:00:00.000",115.49
"1203","LU0810451608","2011-07-18 00:00:00.000",115.52
"1204","LU0810451608","2011-07-19 00:00:00.000",115.52
"1205","LU0810451608","2011-07-20 00:00:00.000",115.49
"1206","LU0810451608","2011-07-21 00:00:00.000",115.44
"1207","LU0810451608","2011-07-22 00:00:00.000",115.46
"1208","LU0810451608","2011-07-25 00:00:00.000",115.51
"1209","LU0810451608","2011-07-26 00:00:00.000",115.51
"1210","LU0810451608","2011-07-27 00:00:00.000",115.55
"1211","LU0810451608","2011-07-28 00:00:00.000",115.58
"1212","LU0810451608","2011-07-29 00:00:00.000",115.61
"1213","LU0810451608","2011-08-01 00:00:00.000",115.63
"1214","LU0810451608","2011-08-02 00:00:00.000",115.68
"1215","LU0810451608","2011-08-03 00:00:00.000",115.67
"1216","LU0810451608","2011-08-04 00:00:00.000",115.8
"1217","LU0810451608","2011-08-05 00:00:00.000",115.84
"1218","LU0810451608","2011-08-08 00:00:00.000",115.89
"1219","LU0810451608","2011-08-09 00:00:00.000",115.84
"1220","LU0810451608","2011-08-10 00:00:00.000",115.95
"1221","LU0810451608","2011-08-11 00:00:00.000",115.88
"1222","LU0810451608","2011-08-12 00:00:00.000",115.85
"1223","LU0810451608","2011-08-15 00:00:00.000",115.88
"1224","LU0810451608","2011-08-16 00:00:00.000",115.83
"1225","LU0810451608","2011-08-17 00:00:00.000",115.87
"1226","LU0810451608","2011-08-18 00:00:00.000",115.94
"1227","LU0810451608","2011-08-19 00:00:00.000",115.9
"1228","LU0810451608","2011-08-22 00:00:00.000",115.9
"1229","LU0810451608","2011-08-23 00:00:00.000",115.85
"1230","LU0810451608","2011-08-24 00:00:00.000",115.81
"1231","LU0810451608","2011-08-25 00:00:00.000",115.85
"1232","LU0810451608","2011-08-26 00:00:00.000",115.86
"1233","LU0810451608","2011-08-29 00:00:00.000",115.83
"1234","LU0810451608","2011-08-30 00:00:00.000",115.88
"1235","LU0810451608","2011-08-31 00:00:00.000",115.86
"1236","LU0810451608","2011-09-01 00:00:00.000",115.91
"1237","LU0810451608","2011-09-02 00:00:00.000",115.95
"1238","LU0810451608","2011-09-05 00:00:00.000",116.01
"1239","LU0810451608","2011-09-06 00:00:00.000",116
"1240","LU0810451608","2011-09-07 00:00:00.000",115.96
"1241","LU0810451608","2011-09-08 00:00:00.000",115.98
"1242","LU0810451608","2011-09-09 00:00:00.000",116.01
"1243","LU0810451608","2011-09-12 00:00:00.000",116.01
"1244","LU0810451608","2011-09-13 00:00:00.000",116
"1245","LU0810451608","2011-09-14 00:00:00.000",115.94
"1246","LU0810451608","2011-09-15 00:00:00.000",115.94
"1247","LU0810451608","2011-09-16 00:00:00.000",115.9
"1248","LU0810451608","2011-09-19 00:00:00.000",115.94
"1249","LU0810451608","2011-09-20 00:00:00.000",115.99
"1250","LU0810451608","2011-09-21 00:00:00.000",116
"1251","LU0810451608","2011-09-22 00:00:00.000",116
"1252","LU0810451608","2011-09-23 00:00:00.000",116
"1253","LU0810451608","2011-09-26 00:00:00.000",116.01
"1254","LU0810451608","2011-09-27 00:00:00.000",115.99
"1255","LU0810451608","2011-09-28 00:00:00.000",115.97
"1256","LU0810451608","2011-09-29 00:00:00.000",115.92
"1257","LU0810451608","2011-09-30 00:00:00.000",115.93
"1258","LU0810451608","2011-10-03 00:00:00.000",115.96
"1259","LU0810451608","2011-10-04 00:00:00.000",115.97
"1260","LU0810451608","2011-10-05 00:00:00.000",115.94
"1261","LU0810451608","2011-10-06 00:00:00.000",115.92
"1262","LU0810451608","2011-10-07 00:00:00.000",115.86
"1263","LU0810451608","2011-10-10 00:00:00.000",115.9
"1264","LU0810451608","2011-10-11 00:00:00.000",115.91
"1265","LU0810451608","2011-10-12 00:00:00.000",115.93
"1266","LU0810451608","2011-10-13 00:00:00.000",115.92
"1267","LU0810451608","2011-10-14 00:00:00.000",115.94
"1268","LU0810451608","2011-10-17 00:00:00.000",115.94
"1269","LU0810451608","2011-10-18 00:00:00.000",115.99
"1270","LU0810451608","2011-10-19 00:00:00.000",116.01
"1271","LU0810451608","2011-10-20 00:00:00.000",115.98
"1272","LU0810451608","2011-10-21 00:00:00.000",115.98
"1273","LU0810451608","2011-10-24 00:00:00.000",115.98
"1274","LU0810451608","2011-10-25 00:00:00.000",116.01
"1275","LU0810451608","2011-10-26 00:00:00.000",116.05
"1276","LU0810451608","2011-10-27 00:00:00.000",116.06
"1277","LU0810451608","2011-10-28 00:00:00.000",116.04
"1278","LU0810451608","2011-11-01 00:00:00.000",116.08
"1279","LU0810451608","2011-11-02 00:00:00.000",116.13
"1280","LU0810451608","2011-11-03 00:00:00.000",116.15
"1281","LU0810451608","2011-11-04 00:00:00.000",116.18
"1282","LU0810451608","2011-11-07 00:00:00.000",116.17
"1283","LU0810451608","2011-11-08 00:00:00.000",116.19
"1284","LU0810451608","2011-11-09 00:00:00.000",116.18
"1285","LU0810451608","2011-11-10 00:00:00.000",116.17
"1286","LU0810451608","2011-11-11 00:00:00.000",116.16
"1287","LU0810451608","2011-11-14 00:00:00.000",116.17
"1288","LU0810451608","2011-11-15 00:00:00.000",116.2
"1289","LU0810451608","2011-11-16 00:00:00.000",116.18
"1290","LU0810451608","2011-11-17 00:00:00.000",116.14
"1291","LU0810451608","2011-11-18 00:00:00.000",116.04
"1292","LU0810451608","2011-11-21 00:00:00.000",116.01
"1293","LU0810451608","2011-11-22 00:00:00.000",115.98
"1294","LU0810451608","2011-11-23 00:00:00.000",115.89
"1295","LU0810451608","2011-11-24 00:00:00.000",115.8
"1296","LU0810451608","2011-11-25 00:00:00.000",115.73
"1297","LU0810451608","2011-11-28 00:00:00.000",115.69
"1298","LU0810451608","2011-11-29 00:00:00.000",115.66
"1299","LU0810451608","2011-11-30 00:00:00.000",115.69
"1300","LU0810451608","2011-12-01 00:00:00.000",115.76
"1301","LU0810451608","2011-12-02 00:00:00.000",115.84
"1302","LU0810451608","2011-12-05 00:00:00.000",115.85
"1303","LU0810451608","2011-12-06 00:00:00.000",115.94
"1304","LU0810451608","2011-12-08 00:00:00.000",115.98
"1305","LU0810451608","2011-12-09 00:00:00.000",115.98
"1306","LU0810451608","2011-12-12 00:00:00.000",115.95
"1307","LU0810451608","2011-12-13 00:00:00.000",116
"1308","LU0810451608","2011-12-14 00:00:00.000",115.98
"1309","LU0810451608","2011-12-15 00:00:00.000",115.96
"1310","LU0810451608","2011-12-16 00:00:00.000",115.99
"1311","LU0810451608","2011-12-19 00:00:00.000",116
"1312","LU0810451608","2011-12-20 00:00:00.000",116.01
"1313","LU0810451608","2011-12-21 00:00:00.000",116.02
"1314","LU0810451608","2011-12-22 00:00:00.000",116
"1315","LU0810451608","2011-12-26 00:00:00.000",116
"1316","LU0810451608","2011-12-27 00:00:00.000",115.99
"1317","LU0810451608","2011-12-28 00:00:00.000",116.07
"1318","LU0810451608","2011-12-29 00:00:00.000",116.06
"1319","LU0810451608","2012-01-02 00:00:00.000",116.06
"1320","LU0810451608","2012-01-03 00:00:00.000",116.09
"1321","LU0810451608","2012-01-04 00:00:00.000",116.14
"1322","LU0810451608","2012-01-06 00:00:00.000",116.15
"1323","LU0810451608","2012-01-09 00:00:00.000",116.19
"1324","LU0810451608","2012-01-10 00:00:00.000",116.23
"1325","LU0810451608","2012-01-11 00:00:00.000",116.24
"1326","LU0810451608","2012-01-12 00:00:00.000",116.28
"1327","LU0810451608","2012-01-13 00:00:00.000",116.3
"1328","LU0810451608","2012-01-16 00:00:00.000",116.33
"1329","LU0810451608","2012-01-17 00:00:00.000",116.35
"1330","LU0810451608","2012-01-18 00:00:00.000",116.37
"1331","LU0810451608","2012-01-19 00:00:00.000",116.37
"1332","LU0810451608","2012-01-20 00:00:00.000",116.38
"1333","LU0810451608","2012-01-23 00:00:00.000",116.42
"1334","LU0810451608","2012-01-24 00:00:00.000",116.45
"1335","LU0810451608","2012-01-25 00:00:00.000",116.46
"1336","LU0810451608","2012-01-26 00:00:00.000",116.46
"1337","LU0810451608","2012-01-27 00:00:00.000",116.48
"1338","LU0810451608","2012-01-30 00:00:00.000",116.49
"1339","LU0810451608","2012-01-31 00:00:00.000",116.57
"1340","LU0810451608","2012-02-01 00:00:00.000",116.58
"1341","LU0810451608","2012-02-02 00:00:00.000",116.59
"1342","LU0810451608","2012-02-03 00:00:00.000",116.6
"1343","LU0810451608","2012-02-06 00:00:00.000",116.61
"1344","LU0810451608","2012-02-07 00:00:00.000",116.67
"1345","LU0810451608","2012-02-08 00:00:00.000",116.64
"1346","LU0810451608","2012-02-09 00:00:00.000",116.65
"1347","LU0810451608","2012-02-10 00:00:00.000",116.68
"1348","LU0810451608","2012-02-13 00:00:00.000",116.66
"1349","LU0810451608","2012-02-14 00:00:00.000",116.71
"1350","LU0810451608","2012-02-15 00:00:00.000",116.7
"1351","LU0810451608","2012-02-16 00:00:00.000",116.71
"1352","LU0810451608","2012-02-17 00:00:00.000",116.76
"1353","LU0810451608","2012-02-20 00:00:00.000",116.68
"1354","LU0810451608","2012-02-21 00:00:00.000",116.71
"1355","LU0810451608","2012-02-22 00:00:00.000",116.74
"1356","LU0810451608","2012-02-23 00:00:00.000",116.71
"1357","LU0810451608","2012-02-24 00:00:00.000",116.73
"1358","LU0810451608","2012-02-27 00:00:00.000",116.73
"1359","LU0810451608","2012-02-28 00:00:00.000",116.77
"1360","LU0810451608","2012-02-29 00:00:00.000",116.8
"1361","LU0810451608","2012-03-01 00:00:00.000",116.81
"1362","LU0810451608","2012-03-02 00:00:00.000",116.84
"1363","LU0810451608","2012-03-05 00:00:00.000",116.87
"1364","LU0810451608","2012-03-06 00:00:00.000",116.88
"1365","LU0810451608","2012-03-07 00:00:00.000",116.89
"1366","LU0810451608","2012-03-08 00:00:00.000",116.89
"1367","LU0810451608","2012-03-09 00:00:00.000",116.89
"1368","LU0810451608","2012-03-12 00:00:00.000",116.91
"1369","LU0810451608","2012-03-13 00:00:00.000",116.94
"1370","LU0810451608","2012-03-14 00:00:00.000",116.93
"1371","LU0810451608","2012-03-15 00:00:00.000",116.92
"1372","LU0810451608","2012-03-19 00:00:00.000",116.94
"1373","LU0810451608","2012-03-20 00:00:00.000",116.96
"1374","LU0810451608","2012-03-21 00:00:00.000",116.96
"1375","LU0810451608","2012-03-22 00:00:00.000",116.98
"1376","LU0810451608","2012-03-23 00:00:00.000",116.99
"1377","LU0810451608","2012-03-26 00:00:00.000",116.99
"1378","LU0810451608","2012-03-27 00:00:00.000",116.99
"1379","LU0810451608","2012-03-28 00:00:00.000",117.01
"1380","LU0810451608","2012-03-29 00:00:00.000",117.01
"1381","LU0810451608","2012-03-30 00:00:00.000",117.01
"1382","LU0810451608","2012-04-02 00:00:00.000",117.02
"1383","LU0810451608","2012-04-03 00:00:00.000",117.01
"1384","LU0810451608","2012-04-04 00:00:00.000",117
"1385","LU0810451608","2012-04-09 00:00:00.000",117
"1386","LU0810451608","2012-04-10 00:00:00.000",116.99
"1387","LU0810451608","2012-04-11 00:00:00.000",116.99
"1388","LU0810451608","2012-04-12 00:00:00.000",117.03
"1389","LU0810451608","2012-04-13 00:00:00.000",117.01
"1390","LU0810451608","2012-04-16 00:00:00.000",117.02
"1391","LU0810451608","2012-04-17 00:00:00.000",117.03
"1392","LU0810451608","2012-04-18 00:00:00.000",117.03
"1393","LU0810451608","2012-04-19 00:00:00.000",117.05
"1394","LU0810451608","2012-04-20 00:00:00.000",117.06
"1395","LU0810451608","2012-04-23 00:00:00.000",117.05
"1396","LU0810451608","2012-04-24 00:00:00.000",117.08
"1397","LU0810451608","2012-04-25 00:00:00.000",117.07
"1398","LU0810451608","2012-04-26 00:00:00.000",117.07
"1399","LU0810451608","2012-04-27 00:00:00.000",117.09
"1400","LU0810451608","2012-05-01 00:00:00.000",117.08
"1401","LU0810451608","2012-05-02 00:00:00.000",117.12
"1402","LU0810451608","2012-05-03 00:00:00.000",117.14
"1403","LU0810451608","2012-05-04 00:00:00.000",117.15
"1404","LU0810451608","2012-05-07 00:00:00.000",117.17
"1405","LU0810451608","2012-05-08 00:00:00.000",117.18
"1406","LU0810451608","2012-05-09 00:00:00.000",117.19
"1407","LU0810451608","2012-05-10 00:00:00.000",117.17
"1408","LU0810451608","2012-05-11 00:00:00.000",117.17
"1409","LU0810451608","2012-05-14 00:00:00.000",117.16
"1410","LU0810451608","2012-05-15 00:00:00.000",117.17
"1411","LU0810451608","2012-05-17 00:00:00.000",117.18
"1412","LU0810451608","2012-05-18 00:00:00.000",117.15
"1413","LU0810451608","2012-05-21 00:00:00.000",117.12
"1414","LU0810451608","2012-05-22 00:00:00.000",117.13
"1415","LU0810451608","2012-05-23 00:00:00.000",117.13
"1416","LU0810451608","2012-05-24 00:00:00.000",117.13
"1417","LU0810451608","2012-05-25 00:00:00.000",117.13
"1418","LU0810451608","2012-05-28 00:00:00.000",117.12
"1419","LU0810451608","2012-05-29 00:00:00.000",117.14
"1420","LU0810451608","2012-05-31 00:00:00.000",117.18
"1421","LU0810451608","2012-06-01 00:00:00.000",117.17
"1422","LU0810451608","2012-06-04 00:00:00.000",117.17
"1423","LU0810451608","2012-06-05 00:00:00.000",117.19
"1424","LU0810451608","2012-06-07 00:00:00.000",117.16
"1425","LU0810451608","2012-06-08 00:00:00.000",117.16
"1426","LU0810451608","2012-06-11 00:00:00.000",117.18
"1427","LU0810451608","2012-06-12 00:00:00.000",117.2
"1428","LU0810451608","2012-06-13 00:00:00.000",117.18
"1429","LU0810451608","2012-06-14 00:00:00.000",117.15
"1430","LU0810451608","2012-06-15 00:00:00.000",117.16
"1431","LU0810451608","2012-06-18 00:00:00.000",117.18
"1432","LU0810451608","2012-06-19 00:00:00.000",117.2
"1433","LU0810451608","2012-06-20 00:00:00.000",117.2
"1434","LU0810451608","2012-06-21 00:00:00.000",117.16
"1435","LU0810451608","2012-06-25 00:00:00.000",117.16
"1436","LU0810451608","2012-06-26 00:00:00.000",117.22
"1437","LU0810451608","2012-06-27 00:00:00.000",117.2
"1438","LU0810451608","2012-06-29 00:00:00.000",117.21
"1439","LU0810451608","2012-07-02 00:00:00.000",117.22
"1440","LU0810451608","2012-07-03 00:00:00.000",117.25
"1441","LU0810451608","2012-07-04 00:00:00.000",117.26
"1442","LU0810451608","2012-07-05 00:00:00.000",117.26
"1443","LU0810451608","2012-07-06 00:00:00.000",117.29
"1444","LU0810451608","2012-07-09 00:00:00.000",117.31
"1445","LU0810451608","2012-07-10 00:00:00.000",117.3
"1446","LU0810451608","2012-07-11 00:00:00.000",117.32
"1447","LU0810451608","2012-07-12 00:00:00.000",117.33
"1448","LU0810451608","2012-07-13 00:00:00.000",117.34
"1449","LU0810451608","2012-07-16 00:00:00.000",117.36
"1450","LU0810451608","2012-07-17 00:00:00.000",117.39
"1451","LU0810451608","2012-07-18 00:00:00.000",117.41
"1452","LU0810451608","2012-07-19 00:00:00.000",117.42
"1453","LU0810451608","2012-07-20 00:00:00.000",117.44
"1454","LU0810451608","2012-07-23 00:00:00.000",117.44
"1455","LU0810451608","2012-07-24 00:00:00.000",117.45
"1456","LU0810451608","2012-07-25 00:00:00.000",117.44
"1457","LU0810451608","2012-07-26 00:00:00.000",117.43
"1458","LU0810451608","2012-07-27 00:00:00.000",117.44
"1459","LU0810451608","2012-07-30 00:00:00.000",117.45
"1460","LU0810451608","2012-08-01 00:00:00.000",117.5
"1461","LU0810451608","2012-08-02 00:00:00.000",117.49
"1462","LU0810451608","2012-08-03 00:00:00.000",117.51
"1463","LU0810451608","2012-08-06 00:00:00.000",117.48
"1464","LU0810451608","2012-08-07 00:00:00.000",117.53
"1465","LU0810451608","2012-08-08 00:00:00.000",117.52
"1466","LU0810451608","2012-08-09 00:00:00.000",117.54
"1467","LU0810451608","2012-08-10 00:00:00.000",117.55
"1468","LU0810451608","2012-08-13 00:00:00.000",117.56
"1469","LU0810451608","2012-08-15 00:00:00.000",117.57
"1470","LU0810451608","2012-08-16 00:00:00.000",117.56
"1471","LU0810451608","2012-08-17 00:00:00.000",117.56
"1472","LU0810451608","2012-08-20 00:00:00.000",117.56
"1473","LU0810451608","2012-08-21 00:00:00.000",117.58
"1474","LU0810451608","2012-08-22 00:00:00.000",117.58
"1475","LU0810451608","2012-08-23 00:00:00.000",117.58
"1476","LU0810451608","2012-08-24 00:00:00.000",117.58
"1477","LU0810451608","2012-08-27 00:00:00.000",117.58
"1478","LU0810451608","2012-08-28 00:00:00.000",117.58
"1479","LU0810451608","2012-08-29 00:00:00.000",117.58
"1480","LU0810451608","2012-08-30 00:00:00.000",117.55
"1481","LU0810451608","2012-08-31 00:00:00.000",117.56
"1482","LU0810451608","2012-09-03 00:00:00.000",117.56
"1483","LU0810451608","2012-09-04 00:00:00.000",117.57
"1484","LU0810451608","2012-09-05 00:00:00.000",117.56
"1485","LU0810451608","2012-09-06 00:00:00.000",117.54
"1486","LU0810451608","2012-09-07 00:00:00.000",117.54
"1487","LU0810451608","2012-09-10 00:00:00.000",117.58
"1488","LU0810451608","2012-09-11 00:00:00.000",117.58
"1489","LU0810451608","2012-09-12 00:00:00.000",117.58
"1490","LU0810451608","2012-09-13 00:00:00.000",117.53
"1491","LU0810451608","2012-09-14 00:00:00.000",117.55
"1492","LU0810451608","2012-09-17 00:00:00.000",117.55
"1493","LU0810451608","2012-09-18 00:00:00.000",117.57
"1494","LU0810451608","2012-09-19 00:00:00.000",117.58
"1495","LU0810451608","2012-09-20 00:00:00.000",117.58
"1496","LU0810451608","2012-09-21 00:00:00.000",117.59
"1497","LU0810451608","2012-09-24 00:00:00.000",117.6
"1498","LU0810451608","2012-09-25 00:00:00.000",117.6
"1499","LU0810451608","2012-09-26 00:00:00.000",117.55
"1500","LU0810451608","2012-09-27 00:00:00.000",117.54
"1501","LU0810451608","2012-09-28 00:00:00.000",117.55
"1502","LU0810451608","2012-10-01 00:00:00.000",117.58
"1503","LU0810451608","2012-10-02 00:00:00.000",117.58
"1504","LU0810451608","2012-10-03 00:00:00.000",117.63
"1505","LU0810451608","2012-10-04 00:00:00.000",117.65
"1506","LU0810451608","2012-10-05 00:00:00.000",117.66
"1507","LU0810451608","2012-10-08 00:00:00.000",117.68
"1508","LU0810451608","2012-10-09 00:00:00.000",117.69
"1509","LU0810451608","2012-10-10 00:00:00.000",117.69
"1510","LU0810451608","2012-10-11 00:00:00.000",117.69
"1511","LU0810451608","2012-10-12 00:00:00.000",117.69
"1512","LU0810451608","2012-10-15 00:00:00.000",117.72
"1513","LU0810451608","2012-10-16 00:00:00.000",117.73
"1514","LU0810451608","2012-10-17 00:00:00.000",117.74
"1515","LU0810451608","2012-10-18 00:00:00.000",117.75
"1516","LU0810451608","2012-10-19 00:00:00.000",117.75
"1517","LU0810451608","2012-10-22 00:00:00.000",117.78
"1518","LU0810451608","2012-10-23 00:00:00.000",117.78
"1519","LU0810451608","2012-10-24 00:00:00.000",117.78
"1520","LU0810451608","2012-10-25 00:00:00.000",117.77
"1521","LU0810451608","2012-10-26 00:00:00.000",117.76
"1522","LU0810451608","2012-10-29 00:00:00.000",117.78
"1523","LU0810451608","2012-10-30 00:00:00.000",117.79
"1524","LU0810451608","2012-11-01 00:00:00.000",117.78
"1525","LU0810451608","2012-11-02 00:00:00.000",117.78
"1526","LU0810451608","2012-11-05 00:00:00.000",117.82
"1527","LU0810451608","2012-11-06 00:00:00.000",117.84
"1528","LU0810451608","2012-11-07 00:00:00.000",117.84
"1529","LU0810451608","2012-11-08 00:00:00.000",117.86
"1530","LU0810451608","2012-11-09 00:00:00.000",117.86
"1531","LU0810451608","2012-11-12 00:00:00.000",117.85
"1532","LU0810451608","2012-11-13 00:00:00.000",117.85
"1533","LU0810451608","2012-11-14 00:00:00.000",117.84
"1534","LU0810451608","2012-11-15 00:00:00.000",117.83
"1535","LU0810451608","2012-11-16 00:00:00.000",117.83
"1536","LU0810451608","2012-11-19 00:00:00.000",117.82
"1537","LU0810451608","2012-11-20 00:00:00.000",117.82
"1538","LU0810451608","2012-11-21 00:00:00.000",117.8
"1539","LU0810451608","2012-11-22 00:00:00.000",117.79
"1540","LU0810451608","2012-11-23 00:00:00.000",117.8
"1541","LU0810451608","2012-11-26 00:00:00.000",117.81
"1542","LU0810451608","2012-11-27 00:00:00.000",117.82
"1543","LU0810451608","2012-11-28 00:00:00.000",117.81
"1544","LU0810451608","2012-11-29 00:00:00.000",117.81
"1545","LU0810451608","2012-11-30 00:00:00.000",117.83
"1546","LU0810451608","2012-12-03 00:00:00.000",117.84
"1547","LU0810451608","2012-12-04 00:00:00.000",117.83
"1548","LU0810451608","2012-12-05 00:00:00.000",117.87
"1549","LU0810451608","2012-12-06 00:00:00.000",117.9
"1550","LU0810451608","2012-12-07 00:00:00.000",117.96
"1551","LU0810451608","2012-12-10 00:00:00.000",117.96
