"","Ticker","Close","TRADE_DATE"
"1","LU0810451434",100,"2006-11-16 00:00:00.000"
"2","LU0810451434",100,"2006-11-17 00:00:00.000"
"3","LU0810451434",100,"2006-11-20 00:00:00.000"
"4","LU0810451434",100,"2006-11-21 00:00:00.000"
"5","LU0810451434",100,"2006-11-22 00:00:00.000"
"6","LU0810451434",100,"2006-11-23 00:00:00.000"
"7","LU0810451434",100,"2006-11-24 00:00:00.000"
"8","LU0810451434",99.5,"2006-11-27 00:00:00.000"
"9","LU0810451434",99.15,"2006-11-28 00:00:00.000"
"10","LU0810451434",99.15,"2006-11-29 00:00:00.000"
"11","LU0810451434",99.21,"2006-11-30 00:00:00.000"
"12","LU0810451434",98.96,"2006-12-01 00:00:00.000"
"13","LU0810451434",98.74,"2006-12-04 00:00:00.000"
"14","LU0810451434",98.79,"2006-12-05 00:00:00.000"
"15","LU0810451434",98.65,"2006-12-06 00:00:00.000"
"16","LU0810451434",98.78,"2006-12-08 00:00:00.000"
"17","LU0810451434",98.64,"2006-12-11 00:00:00.000"
"18","LU0810451434",98.76,"2006-12-12 00:00:00.000"
"19","LU0810451434",98.88,"2006-12-13 00:00:00.000"
"20","LU0810451434",98.95,"2006-12-14 00:00:00.000"
"21","LU0810451434",99.46,"2006-12-15 00:00:00.000"
"22","LU0810451434",99.51,"2006-12-18 00:00:00.000"
"23","LU0810451434",99.65,"2006-12-19 00:00:00.000"
"24","LU0810451434",99.39,"2006-12-20 00:00:00.000"
"25","LU0810451434",99.4,"2006-12-21 00:00:00.000"
"26","LU0810451434",99.43,"2006-12-26 00:00:00.000"
"27","LU0810451434",99.36,"2006-12-27 00:00:00.000"
"28","LU0810451434",99.71,"2006-12-28 00:00:00.000"
"29","LU0810451434",99.57,"2007-01-02 00:00:00.000"
"30","LU0810451434",100.03,"2007-01-03 00:00:00.000"
"31","LU0810451434",100.04,"2007-01-04 00:00:00.000"
"32","LU0810451434",99.85,"2007-01-05 00:00:00.000"
"33","LU0810451434",100.03,"2007-01-08 00:00:00.000"
"34","LU0810451434",99.73,"2007-01-09 00:00:00.000"
"35","LU0810451434",99.71,"2007-01-10 00:00:00.000"
"36","LU0810451434",100.15,"2007-01-11 00:00:00.000"
"37","LU0810451434",100.42,"2007-01-12 00:00:00.000"
"38","LU0810451434",100.65,"2007-01-15 00:00:00.000"
"39","LU0810451434",100.6,"2007-01-16 00:00:00.000"
"40","LU0810451434",100.65,"2007-01-17 00:00:00.000"
"41","LU0810451434",100.64,"2007-01-18 00:00:00.000"
"42","LU0810451434",100.64,"2007-01-19 00:00:00.000"
"43","LU0810451434",100.62,"2007-01-22 00:00:00.000"
"44","LU0810451434",100.62,"2007-01-23 00:00:00.000"
"45","LU0810451434",100.61,"2007-01-24 00:00:00.000"
"46","LU0810451434",101.01,"2007-01-25 00:00:00.000"
"47","LU0810451434",100.76,"2007-01-26 00:00:00.000"
"48","LU0810451434",100.49,"2007-01-29 00:00:00.000"
"49","LU0810451434",100.7,"2007-01-30 00:00:00.000"
"50","LU0810451434",100.87,"2007-01-31 00:00:00.000"
"51","LU0810451434",100.89,"2007-02-01 00:00:00.000"
"52","LU0810451434",101.26,"2007-02-02 00:00:00.000"
"53","LU0810451434",101.43,"2007-02-05 00:00:00.000"
"54","LU0810451434",101.4,"2007-02-06 00:00:00.000"
"55","LU0810451434",101.5,"2007-02-07 00:00:00.000"
"56","LU0810451434",101.47,"2007-02-08 00:00:00.000"
"57","LU0810451434",101.26,"2007-02-09 00:00:00.000"
"58","LU0810451434",101.26,"2007-02-12 00:00:00.000"
"59","LU0810451434",101.26,"2007-02-13 00:00:00.000"
"60","LU0810451434",101.32,"2007-02-14 00:00:00.000"
"61","LU0810451434",101.32,"2007-02-15 00:00:00.000"
"62","LU0810451434",101.32,"2007-02-16 00:00:00.000"
"63","LU0810451434",101.69,"2007-02-19 00:00:00.000"
"64","LU0810451434",101.69,"2007-02-20 00:00:00.000"
"65","LU0810451434",101.69,"2007-02-21 00:00:00.000"
"66","LU0810451434",101.69,"2007-02-23 00:00:00.000"
"67","LU0810451434",101.69,"2007-02-26 00:00:00.000"
"68","LU0810451434",101.39,"2007-02-27 00:00:00.000"
"69","LU0810451434",101.39,"2007-02-28 00:00:00.000"
"70","LU0810451434",99.6,"2007-03-01 00:00:00.000"
"71","LU0810451434",99.6,"2007-03-02 00:00:00.000"
"72","LU0810451434",99.43,"2007-03-05 00:00:00.000"
"73","LU0810451434",99.43,"2007-03-06 00:00:00.000"
"74","LU0810451434",99.2,"2007-03-07 00:00:00.000"
"75","LU0810451434",99.2,"2007-03-08 00:00:00.000"
"76","LU0810451434",99.86,"2007-03-09 00:00:00.000"
"77","LU0810451434",99.84,"2007-03-12 00:00:00.000"
"78","LU0810451434",99.84,"2007-03-13 00:00:00.000"
"79","LU0810451434",99.46,"2007-03-14 00:00:00.000"
"80","LU0810451434",98.85,"2007-03-15 00:00:00.000"
"81","LU0810451434",99.13,"2007-03-19 00:00:00.000"
"82","LU0810451434",99.13,"2007-03-20 00:00:00.000"
"83","LU0810451434",99.13,"2007-03-21 00:00:00.000"
"84","LU0810451434",99.82,"2007-03-22 00:00:00.000"
"85","LU0810451434",99.82,"2007-03-23 00:00:00.000"
"86","LU0810451434",100.09,"2007-03-26 00:00:00.000"
"87","LU0810451434",99.98,"2007-03-27 00:00:00.000"
"88","LU0810451434",99.87,"2007-03-28 00:00:00.000"
"89","LU0810451434",99.72,"2007-03-29 00:00:00.000"
"90","LU0810451434",99.93,"2007-03-30 00:00:00.000"
"91","LU0810451434",99.93,"2007-04-02 00:00:00.000"
"92","LU0810451434",99.95,"2007-04-03 00:00:00.000"
"93","LU0810451434",100.46,"2007-04-04 00:00:00.000"
"94","LU0810451434",100.53,"2007-04-09 00:00:00.000"
"95","LU0810451434",100.53,"2007-04-10 00:00:00.000"
"96","LU0810451434",100.89,"2007-04-11 00:00:00.000"
"97","LU0810451434",100.89,"2007-04-12 00:00:00.000"
"98","LU0810451434",100.77,"2007-04-13 00:00:00.000"
"99","LU0810451434",100.95,"2007-04-16 00:00:00.000"
"100","LU0810451434",101.37,"2007-04-17 00:00:00.000"
"101","LU0810451434",101.16,"2007-04-18 00:00:00.000"
"102","LU0810451434",101.34,"2007-04-19 00:00:00.000"
"103","LU0810451434",101.18,"2007-04-20 00:00:00.000"
"104","LU0810451434",101.8,"2007-04-23 00:00:00.000"
"105","LU0810451434",101.95,"2007-04-24 00:00:00.000"
"106","LU0810451434",101.72,"2007-04-25 00:00:00.000"
"107","LU0810451434",102.01,"2007-04-26 00:00:00.000"
"108","LU0810451434",102.16,"2007-04-27 00:00:00.000"
"109","LU0810451434",101.88,"2007-05-01 00:00:00.000"
"110","LU0810451434",101.88,"2007-05-02 00:00:00.000"
"111","LU0810451434",102.22,"2007-05-03 00:00:00.000"
"112","LU0810451434",102.13,"2007-05-04 00:00:00.000"
"113","LU0810451434",102.32,"2007-05-07 00:00:00.000"
"114","LU0810451434",102.43,"2007-05-08 00:00:00.000"
"115","LU0810451434",102.43,"2007-05-09 00:00:00.000"
"116","LU0810451434",102.39,"2007-05-10 00:00:00.000"
"117","LU0810451434",102.39,"2007-05-11 00:00:00.000"
"118","LU0810451434",102.35,"2007-05-14 00:00:00.000"
"119","LU0810451434",102.25,"2007-05-15 00:00:00.000"
"120","LU0810451434",102.25,"2007-05-17 00:00:00.000"
"121","LU0810451434",102.25,"2007-05-18 00:00:00.000"
"122","LU0810451434",102.39,"2007-05-21 00:00:00.000"
"123","LU0810451434",102.44,"2007-05-22 00:00:00.000"
"124","LU0810451434",102.33,"2007-05-23 00:00:00.000"
"125","LU0810451434",102.58,"2007-05-24 00:00:00.000"
"126","LU0810451434",102.58,"2007-05-28 00:00:00.000"
"127","LU0810451434",102.58,"2007-05-29 00:00:00.000"
"128","LU0810451434",102.58,"2007-05-30 00:00:00.000"
"129","LU0810451434",102.35,"2007-05-31 00:00:00.000"
"130","LU0810451434",102.35,"2007-06-01 00:00:00.000"
"131","LU0810451434",103.6,"2007-06-04 00:00:00.000"
"132","LU0810451434",103.4,"2007-06-05 00:00:00.000"
"133","LU0810451434",103.4,"2007-06-07 00:00:00.000"
"134","LU0810451434",103.4,"2007-06-08 00:00:00.000"
"135","LU0810451434",101.58,"2007-06-11 00:00:00.000"
"136","LU0810451434",101.85,"2007-06-12 00:00:00.000"
"137","LU0810451434",101.85,"2007-06-13 00:00:00.000"
"138","LU0810451434",101.58,"2007-06-14 00:00:00.000"
"139","LU0810451434",101.58,"2007-06-15 00:00:00.000"
"140","LU0810451434",103.35,"2007-06-18 00:00:00.000"
"141","LU0810451434",103.38,"2007-06-19 00:00:00.000"
"142","LU0810451434",103.38,"2007-06-20 00:00:00.000"
"143","LU0810451434",103.38,"2007-06-21 00:00:00.000"
"144","LU0810451434",103.27,"2007-06-22 00:00:00.000"
"145","LU0810451434",103.27,"2007-06-25 00:00:00.000"
"146","LU0810451434",102.08,"2007-06-26 00:00:00.000"
"147","LU0810451434",102.08,"2007-06-27 00:00:00.000"
"148","LU0810451434",102.07,"2007-06-29 00:00:00.000"
"149","LU0810451434",101.39,"2007-07-02 00:00:00.000"
"150","LU0810451434",102.43,"2007-07-03 00:00:00.000"
"151","LU0810451434",102.43,"2007-07-04 00:00:00.000"
"152","LU0810451434",103.15,"2007-07-05 00:00:00.000"
"153","LU0810451434",102.96,"2007-07-06 00:00:00.000"
"154","LU0810451434",102.96,"2007-07-09 00:00:00.000"
"155","LU0810451434",102.96,"2007-07-10 00:00:00.000"
"156","LU0810451434",103.08,"2007-07-11 00:00:00.000"
"157","LU0810451434",103.08,"2007-07-12 00:00:00.000"
"158","LU0810451434",103.3,"2007-07-13 00:00:00.000"
"159","LU0810451434",103.39,"2007-07-16 00:00:00.000"
"160","LU0810451434",103.37,"2007-07-17 00:00:00.000"
"161","LU0810451434",103.37,"2007-07-18 00:00:00.000"
"162","LU0810451434",103.37,"2007-07-19 00:00:00.000"
"163","LU0810451434",103.37,"2007-07-20 00:00:00.000"
"164","LU0810451434",103.37,"2007-07-23 00:00:00.000"
"165","LU0810451434",103.37,"2007-07-24 00:00:00.000"
"166","LU0810451434",103.37,"2007-07-25 00:00:00.000"
"167","LU0810451434",101.87,"2007-07-26 00:00:00.000"
"168","LU0810451434",101.87,"2007-07-27 00:00:00.000"
"169","LU0810451434",101.11,"2007-07-30 00:00:00.000"
"170","LU0810451434",101.11,"2007-08-01 00:00:00.000"
"171","LU0810451434",100.61,"2007-08-02 00:00:00.000"
"172","LU0810451434",100.47,"2007-08-03 00:00:00.000"
"173","LU0810451434",99.82,"2007-08-06 00:00:00.000"
"174","LU0810451434",99.62,"2007-08-07 00:00:00.000"
"175","LU0810451434",99.62,"2007-08-08 00:00:00.000"
"176","LU0810451434",100.98,"2007-08-10 00:00:00.000"
"177","LU0810451434",99.58,"2007-08-13 00:00:00.000"
"178","LU0810451434",99.85,"2007-08-15 00:00:00.000"
"179","LU0810451434",99.52,"2007-08-16 00:00:00.000"
"180","LU0810451434",99.52,"2007-08-17 00:00:00.000"
"181","LU0810451434",98.34,"2007-08-20 00:00:00.000"
"182","LU0810451434",98.83,"2007-08-21 00:00:00.000"
"183","LU0810451434",98.83,"2007-08-22 00:00:00.000"
"184","LU0810451434",98.83,"2007-08-23 00:00:00.000"
"185","LU0810451434",99.52,"2007-08-24 00:00:00.000"
"186","LU0810451434",100,"2007-08-27 00:00:00.000"
"187","LU0810451434",100.08,"2007-08-28 00:00:00.000"
"188","LU0810451434",100.08,"2007-08-29 00:00:00.000"
"189","LU0810451434",99.76,"2007-08-30 00:00:00.000"
"190","LU0810451434",99.76,"2007-08-31 00:00:00.000"
"191","LU0810451434",100.36,"2007-09-03 00:00:00.000"
"192","LU0810451434",100.54,"2007-09-04 00:00:00.000"
"193","LU0810451434",100.54,"2007-09-05 00:00:00.000"
"194","LU0810451434",100.36,"2007-09-06 00:00:00.000"
"195","LU0810451434",100.36,"2007-09-07 00:00:00.000"
"196","LU0810451434",99.92,"2007-09-10 00:00:00.000"
"197","LU0810451434",99.92,"2007-09-11 00:00:00.000"
"198","LU0810451434",99.92,"2007-09-12 00:00:00.000"
"199","LU0810451434",100.04,"2007-09-13 00:00:00.000"
"200","LU0810451434",100.04,"2007-09-14 00:00:00.000"
"201","LU0810451434",100.48,"2007-09-17 00:00:00.000"
"202","LU0810451434",100.15,"2007-09-18 00:00:00.000"
"203","LU0810451434",100.15,"2007-09-19 00:00:00.000"
"204","LU0810451434",100.15,"2007-09-20 00:00:00.000"
"205","LU0810451434",100.15,"2007-09-21 00:00:00.000"
"206","LU0810451434",101.02,"2007-09-24 00:00:00.000"
"207","LU0810451434",101.07,"2007-09-25 00:00:00.000"
"208","LU0810451434",101.07,"2007-09-26 00:00:00.000"
"209","LU0810451434",101.32,"2007-09-27 00:00:00.000"
"210","LU0810451434",101.32,"2007-09-28 00:00:00.000"
"211","LU0810451434",101.72,"2007-10-01 00:00:00.000"
"212","LU0810451434",101.95,"2007-10-02 00:00:00.000"
"213","LU0810451434",101.95,"2007-10-03 00:00:00.000"
"214","LU0810451434",101.95,"2007-10-04 00:00:00.000"
"215","LU0810451434",101.95,"2007-10-05 00:00:00.000"
"216","LU0810451434",102.26,"2007-10-08 00:00:00.000"
"217","LU0810451434",102.32,"2007-10-09 00:00:00.000"
"218","LU0810451434",102.32,"2007-10-10 00:00:00.000"
"219","LU0810451434",102.58,"2007-10-11 00:00:00.000"
"220","LU0810451434",102.58,"2007-10-12 00:00:00.000"
"221","LU0810451434",102.66,"2007-10-15 00:00:00.000"
"222","LU0810451434",102.46,"2007-10-16 00:00:00.000"
"223","LU0810451434",102.46,"2007-10-17 00:00:00.000"
"224","LU0810451434",102.18,"2007-10-18 00:00:00.000"
"225","LU0810451434",102.18,"2007-10-19 00:00:00.000"
"226","LU0810451434",101.21,"2007-10-22 00:00:00.000"
"227","LU0810451434",100.63,"2007-10-23 00:00:00.000"
"228","LU0810451434",100.63,"2007-10-24 00:00:00.000"
"229","LU0810451434",100.63,"2007-10-25 00:00:00.000"
"230","LU0810451434",100.63,"2007-10-26 00:00:00.000"
"231","LU0810451434",101.45,"2007-10-30 00:00:00.000"
"232","LU0810451434",101.45,"2007-11-01 00:00:00.000"
"233","LU0810451434",100.91,"2007-11-02 00:00:00.000"
"234","LU0810451434",100.91,"2007-11-05 00:00:00.000"
"235","LU0810451434",100.91,"2007-11-06 00:00:00.000"
"236","LU0810451434",99.7,"2007-11-07 00:00:00.000"
"237","LU0810451434",99.32,"2007-11-08 00:00:00.000"
"238","LU0810451434",99.32,"2007-11-09 00:00:00.000"
"239","LU0810451434",97.4,"2007-11-12 00:00:00.000"
"240","LU0810451434",97.25,"2007-11-13 00:00:00.000"
"241","LU0810451434",97.25,"2007-11-14 00:00:00.000"
"242","LU0810451434",98.4,"2007-11-15 00:00:00.000"
"243","LU0810451434",97.93,"2007-11-16 00:00:00.000"
"244","LU0810451434",97.2,"2007-11-19 00:00:00.000"
"245","LU0810451434",95.68,"2007-11-20 00:00:00.000"
"246","LU0810451434",95.68,"2007-11-21 00:00:00.000"
"247","LU0810451434",95.68,"2007-11-22 00:00:00.000"
"248","LU0810451434",95.68,"2007-11-23 00:00:00.000"
"249","LU0810451434",95.84,"2007-11-26 00:00:00.000"
"250","LU0810451434",95.71,"2007-11-27 00:00:00.000"
"251","LU0810451434",95.71,"2007-11-28 00:00:00.000"
"252","LU0810451434",97.04,"2007-11-29 00:00:00.000"
"253","LU0810451434",97.04,"2007-11-30 00:00:00.000"
"254","LU0810451434",97.99,"2007-12-03 00:00:00.000"
"255","LU0810451434",97.99,"2007-12-04 00:00:00.000"
"256","LU0810451434",97.99,"2007-12-05 00:00:00.000"
"257","LU0810451434",97.99,"2007-12-06 00:00:00.000"
"258","LU0810451434",98.44,"2007-12-07 00:00:00.000"
"259","LU0810451434",98.91,"2007-12-10 00:00:00.000"
"260","LU0810451434",99.38,"2007-12-11 00:00:00.000"
"261","LU0810451434",99.38,"2007-12-12 00:00:00.000"
"262","LU0810451434",100.11,"2007-12-13 00:00:00.000"
"263","LU0810451434",98.79,"2007-12-14 00:00:00.000"
"264","LU0810451434",98.92,"2007-12-17 00:00:00.000"
"265","LU0810451434",98.92,"2007-12-18 00:00:00.000"
"266","LU0810451434",98.92,"2007-12-19 00:00:00.000"
"267","LU0810451434",97.17,"2007-12-20 00:00:00.000"
"268","LU0810451434",97.17,"2007-12-26 00:00:00.000"
"269","LU0810451434",97.17,"2007-12-27 00:00:00.000"
"270","LU0810451434",97.77,"2007-12-28 00:00:00.000"
"271","LU0810451434",97.77,"2008-01-01 00:00:00.000"
"272","LU0810451434",97.77,"2008-01-02 00:00:00.000"
"273","LU0810451434",97.77,"2008-01-03 00:00:00.000"
"274","LU0810451434",97.17,"2008-01-04 00:00:00.000"
"275","LU0810451434",94.74,"2008-01-07 00:00:00.000"
"276","LU0810451434",94.56,"2008-01-08 00:00:00.000"
"277","LU0810451434",95.33,"2008-01-09 00:00:00.000"
"278","LU0810451434",95.22,"2008-01-10 00:00:00.000"
"279","LU0810451434",95.22,"2008-01-11 00:00:00.000"
"280","LU0810451434",93.93,"2008-01-14 00:00:00.000"
"281","LU0810451434",93.93,"2008-01-15 00:00:00.000"
"282","LU0810451434",93.99,"2008-01-16 00:00:00.000"
"283","LU0810451434",91.2,"2008-01-17 00:00:00.000"
"284","LU0810451434",91.2,"2008-01-18 00:00:00.000"
"285","LU0810451434",89.95,"2008-01-21 00:00:00.000"
"286","LU0810451434",86.81,"2008-01-22 00:00:00.000"
"287","LU0810451434",86.95,"2008-01-23 00:00:00.000"
"288","LU0810451434",85.56,"2008-01-24 00:00:00.000"
"289","LU0810451434",88.18,"2008-01-25 00:00:00.000"
"290","LU0810451434",88.23,"2008-01-28 00:00:00.000"
"291","LU0810451434",87.76,"2008-01-29 00:00:00.000"
"292","LU0810451434",87.76,"2008-01-30 00:00:00.000"
"293","LU0810451434",88.5,"2008-01-31 00:00:00.000"
"294","LU0810451434",88.5,"2008-02-01 00:00:00.000"
"295","LU0810451434",89.62,"2008-02-04 00:00:00.000"
"296","LU0810451434",89.62,"2008-02-05 00:00:00.000"
"297","LU0810451434",88.08,"2008-02-06 00:00:00.000"
"298","LU0810451434",88.08,"2008-02-07 00:00:00.000"
"299","LU0810451434",87.24,"2008-02-08 00:00:00.000"
"300","LU0810451434",87.34,"2008-02-11 00:00:00.000"
"301","LU0810451434",87.34,"2008-02-12 00:00:00.000"
"302","LU0810451434",87.97,"2008-02-13 00:00:00.000"
"303","LU0810451434",87.97,"2008-02-14 00:00:00.000"
"304","LU0810451434",88.39,"2008-02-15 00:00:00.000"
"305","LU0810451434",87.2,"2008-02-18 00:00:00.000"
"306","LU0810451434",88.26,"2008-02-19 00:00:00.000"
"307","LU0810451434",88.04,"2008-02-20 00:00:00.000"
"308","LU0810451434",87.6,"2008-02-21 00:00:00.000"
"309","LU0810451434",87.6,"2008-02-22 00:00:00.000"
"310","LU0810451434",87.54,"2008-02-25 00:00:00.000"
"311","LU0810451434",88.75,"2008-02-27 00:00:00.000"
"312","LU0810451434",89.6,"2008-02-29 00:00:00.000"
"313","LU0810451434",89.6,"2008-03-03 00:00:00.000"
"314","LU0810451434",86.11,"2008-03-04 00:00:00.000"
"315","LU0810451434",86.11,"2008-03-05 00:00:00.000"
"316","LU0810451434",85.71,"2008-03-06 00:00:00.000"
"317","LU0810451434",85.36,"2008-03-07 00:00:00.000"
"318","LU0810451434",84.76,"2008-03-10 00:00:00.000"
"319","LU0810451434",84.76,"2008-03-11 00:00:00.000"
"320","LU0810451434",84.77,"2008-03-12 00:00:00.000"
"321","LU0810451434",85.21,"2008-03-13 00:00:00.000"
"322","LU0810451434",85.21,"2008-03-14 00:00:00.000"
"323","LU0810451434",84.17,"2008-03-17 00:00:00.000"
"324","LU0810451434",83.65,"2008-03-19 00:00:00.000"
"325","LU0810451434",83.65,"2008-03-28 00:00:00.000"
"326","LU0810451434",84.39,"2008-03-31 00:00:00.000"
"327","LU0810451434",84.39,"2008-04-01 00:00:00.000"
"328","LU0810451434",84.39,"2008-04-02 00:00:00.000"
"329","LU0810451434",85.65,"2008-04-03 00:00:00.000"
"330","LU0810451434",85.65,"2008-04-04 00:00:00.000"
"331","LU0810451434",85.6,"2008-04-07 00:00:00.000"
"332","LU0810451434",86.03,"2008-04-08 00:00:00.000"
"333","LU0810451434",86.03,"2008-04-09 00:00:00.000"
"334","LU0810451434",85.65,"2008-04-10 00:00:00.000"
"335","LU0810451434",85.65,"2008-04-11 00:00:00.000"
"336","LU0810451434",85.4,"2008-04-14 00:00:00.000"
"337","LU0810451434",85.08,"2008-04-15 00:00:00.000"
"338","LU0810451434",85.37,"2008-04-17 00:00:00.000"
"339","LU0810451434",85.37,"2008-04-18 00:00:00.000"
"340","LU0810451434",86.25,"2008-04-21 00:00:00.000"
"341","LU0810451434",85.77,"2008-04-22 00:00:00.000"
"342","LU0810451434",85.77,"2008-04-23 00:00:00.000"
"343","LU0810451434",86.43,"2008-04-24 00:00:00.000"
"344","LU0810451434",86.24,"2008-04-25 00:00:00.000"
"345","LU0810451434",86.24,"2008-04-28 00:00:00.000"
"346","LU0810451434",86.24,"2008-04-29 00:00:00.000"
"347","LU0810451434",86.24,"2008-05-01 00:00:00.000"
"348","LU0810451434",86.24,"2008-05-02 00:00:00.000"
"349","LU0810451434",86.24,"2008-05-05 00:00:00.000"
"350","LU0810451434",86.99,"2008-05-06 00:00:00.000"
"351","LU0810451434",86.99,"2008-05-07 00:00:00.000"
"352","LU0810451434",86.95,"2008-05-12 00:00:00.000"
"353","LU0810451434",86.76,"2008-05-13 00:00:00.000"
"354","LU0810451434",86.8,"2008-05-14 00:00:00.000"
"355","LU0810451434",86.8,"2008-05-15 00:00:00.000"
"356","LU0810451434",87.12,"2008-05-19 00:00:00.000"
"357","LU0810451434",87.27,"2008-05-20 00:00:00.000"
"358","LU0810451434",87.27,"2008-05-22 00:00:00.000"
"359","LU0810451434",87.27,"2008-05-23 00:00:00.000"
"360","LU0810451434",86.25,"2008-05-26 00:00:00.000"
"361","LU0810451434",86.17,"2008-05-27 00:00:00.000"
"362","LU0810451434",86.17,"2008-05-28 00:00:00.000"
"363","LU0810451434",86.17,"2008-05-29 00:00:00.000"
"364","LU0810451434",86.17,"2008-05-30 00:00:00.000"
"365","LU0810451434",86.64,"2008-06-02 00:00:00.000"
"366","LU0810451434",86.41,"2008-06-03 00:00:00.000"
"367","LU0810451434",86.41,"2008-06-05 00:00:00.000"
"368","LU0810451434",86.41,"2008-06-06 00:00:00.000"
"369","LU0810451434",86.41,"2008-06-09 00:00:00.000"
"370","LU0810451434",86.41,"2008-06-10 00:00:00.000"
"371","LU0810451434",86.41,"2008-06-11 00:00:00.000"
"372","LU0810451434",85.36,"2008-06-12 00:00:00.000"
"373","LU0810451434",85.21,"2008-06-13 00:00:00.000"
"374","LU0810451434",85.21,"2008-06-16 00:00:00.000"
"375","LU0810451434",85.22,"2008-06-17 00:00:00.000"
"376","LU0810451434",85.35,"2008-06-18 00:00:00.000"
"377","LU0810451434",85.35,"2008-06-19 00:00:00.000"
"378","LU0810451434",85.35,"2008-06-20 00:00:00.000"
"379","LU0810451434",85.35,"2008-06-23 00:00:00.000"
"380","LU0810451434",85.35,"2008-06-24 00:00:00.000"
"381","LU0810451434",85.35,"2008-06-25 00:00:00.000"
"382","LU0810451434",84.24,"2008-06-26 00:00:00.000"
"383","LU0810451434",84.24,"2008-06-27 00:00:00.000"
"384","LU0810451434",84.24,"2008-06-30 00:00:00.000"
"385","LU0810451434",84.24,"2008-07-01 00:00:00.000"
"386","LU0810451434",84.24,"2008-07-02 00:00:00.000"
"387","LU0810451434",84.24,"2008-07-03 00:00:00.000"
"388","LU0810451434",84.24,"2008-07-04 00:00:00.000"
"389","LU0810451434",84.24,"2008-07-08 00:00:00.000"
"390","LU0810451434",82.95,"2008-07-09 00:00:00.000"
"391","LU0810451434",82.95,"2008-07-10 00:00:00.000"
"392","LU0810451434",82.95,"2008-07-11 00:00:00.000"
"393","LU0810451434",82.95,"2008-07-14 00:00:00.000"
"394","LU0810451434",82.95,"2008-07-15 00:00:00.000"
"395","LU0810451434",80.98,"2008-07-16 00:00:00.000"
"396","LU0810451434",80.98,"2008-07-17 00:00:00.000"
"397","LU0810451434",80.98,"2008-07-18 00:00:00.000"
"398","LU0810451434",80.98,"2008-07-21 00:00:00.000"
"399","LU0810451434",80.98,"2008-07-22 00:00:00.000"
"400","LU0810451434",80.98,"2008-07-23 00:00:00.000"
"401","LU0810451434",80.98,"2008-07-24 00:00:00.000"
"402","LU0810451434",84.01,"2008-07-25 00:00:00.000"
"403","LU0810451434",84.01,"2008-07-28 00:00:00.000"
"404","LU0810451434",84.01,"2008-07-29 00:00:00.000"
"405","LU0810451434",84.01,"2008-07-30 00:00:00.000"
"406","LU0810451434",84.01,"2008-08-04 00:00:00.000"
"407","LU0810451434",84.01,"2008-08-05 00:00:00.000"
"408","LU0810451434",84.01,"2008-08-06 00:00:00.000"
"409","LU0810451434",84.01,"2008-08-07 00:00:00.000"
"410","LU0810451434",84.01,"2008-08-08 00:00:00.000"
"411","LU0810451434",84.01,"2008-08-11 00:00:00.000"
"412","LU0810451434",85.18,"2008-08-12 00:00:00.000"
"413","LU0810451434",85.18,"2008-08-13 00:00:00.000"
"414","LU0810451434",85.1,"2008-08-15 00:00:00.000"
"415","LU0810451434",85.1,"2008-08-18 00:00:00.000"
"416","LU0810451434",85.12,"2008-08-19 00:00:00.000"
"417","LU0810451434",85.12,"2008-08-20 00:00:00.000"
"418","LU0810451434",85.12,"2008-08-21 00:00:00.000"
"419","LU0810451434",84.01,"2008-08-22 00:00:00.000"
"420","LU0810451434",84.01,"2008-08-25 00:00:00.000"
"421","LU0810451434",84.32,"2008-08-26 00:00:00.000"
"422","LU0810451434",84.32,"2008-08-27 00:00:00.000"
"423","LU0810451434",84.21,"2008-08-28 00:00:00.000"
"424","LU0810451434",84.57,"2008-08-29 00:00:00.000"
"425","LU0810451434",84.57,"2008-09-01 00:00:00.000"
"426","LU0810451434",84.73,"2008-09-02 00:00:00.000"
"427","LU0810451434",84.73,"2008-09-03 00:00:00.000"
"428","LU0810451434",84.73,"2008-09-04 00:00:00.000"
"429","LU0810451434",84.17,"2008-09-05 00:00:00.000"
"430","LU0810451434",84.17,"2008-09-08 00:00:00.000"
"431","LU0810451434",84.17,"2008-09-09 00:00:00.000"
"432","LU0810451434",84.88,"2008-09-10 00:00:00.000"
"433","LU0810451434",84.75,"2008-09-11 00:00:00.000"
"434","LU0810451434",84.75,"2008-09-12 00:00:00.000"
"435","LU0810451434",84.75,"2008-09-15 00:00:00.000"
"436","LU0810451434",83.46,"2008-09-17 00:00:00.000"
"437","LU0810451434",83.46,"2008-09-18 00:00:00.000"
"438","LU0810451434",81.06,"2008-09-19 00:00:00.000"
"439","LU0810451434",81.06,"2008-09-22 00:00:00.000"
"440","LU0810451434",81.06,"2008-09-23 00:00:00.000"
"441","LU0810451434",82.23,"2008-09-24 00:00:00.000"
"442","LU0810451434",82.23,"2008-09-25 00:00:00.000"
"443","LU0810451434",82.62,"2008-09-26 00:00:00.000"
"444","LU0810451434",82.62,"2008-09-29 00:00:00.000"
"445","LU0810451434",82.62,"2008-09-30 00:00:00.000"
"446","LU0810451434",82.62,"2008-10-01 00:00:00.000"
"447","LU0810451434",82.62,"2008-10-02 00:00:00.000"
"448","LU0810451434",80.54,"2008-10-03 00:00:00.000"
"449","LU0810451434",80.85,"2008-10-06 00:00:00.000"
"450","LU0810451434",80.85,"2008-10-07 00:00:00.000"
"451","LU0810451434",80.85,"2008-10-08 00:00:00.000"
"452","LU0810451434",80.85,"2008-10-09 00:00:00.000"
"453","LU0810451434",73.4,"2008-10-10 00:00:00.000"
"454","LU0810451434",73.4,"2008-10-13 00:00:00.000"
"455","LU0810451434",73.95,"2008-10-14 00:00:00.000"
"456","LU0810451434",75.9,"2008-10-15 00:00:00.000"
"457","LU0810451434",75.9,"2008-10-16 00:00:00.000"
"458","LU0810451434",71.87,"2008-10-17 00:00:00.000"
"459","LU0810451434",73.31,"2008-10-20 00:00:00.000"
"460","LU0810451434",74.67,"2008-10-21 00:00:00.000"
"461","LU0810451434",74.49,"2008-10-22 00:00:00.000"
"462","LU0810451434",72.58,"2008-10-23 00:00:00.000"
"463","LU0810451434",71.92,"2008-10-24 00:00:00.000"
"464","LU0810451434",70.07,"2008-10-27 00:00:00.000"
"465","LU0810451434",70.07,"2008-10-28 00:00:00.000"
"466","LU0810451434",68.54,"2008-10-29 00:00:00.000"
"467","LU0810451434",71.12,"2008-10-30 00:00:00.000"
"468","LU0810451434",71.83,"2008-10-31 00:00:00.000"
"469","LU0810451434",73.23,"2008-11-03 00:00:00.000"
"470","LU0810451434",73.84,"2008-11-04 00:00:00.000"
"471","LU0810451434",75.31,"2008-11-05 00:00:00.000"
"472","LU0810451434",75.31,"2008-11-06 00:00:00.000"
"473","LU0810451434",72.94,"2008-11-07 00:00:00.000"
"474","LU0810451434",73.17,"2008-11-10 00:00:00.000"
"475","LU0810451434",73.62,"2008-11-11 00:00:00.000"
"476","LU0810451434",71.96,"2008-11-12 00:00:00.000"
"477","LU0810451434",70.93,"2008-11-13 00:00:00.000"
"478","LU0810451434",70.77,"2008-11-14 00:00:00.000"
"479","LU0810451434",70.77,"2008-11-17 00:00:00.000"
"480","LU0810451434",70.69,"2008-11-18 00:00:00.000"
"481","LU0810451434",70.66,"2008-11-19 00:00:00.000"
"482","LU0810451434",69.64,"2008-11-20 00:00:00.000"
"483","LU0810451434",68.08,"2008-11-21 00:00:00.000"
"484","LU0810451434",67.69,"2008-11-24 00:00:00.000"
"485","LU0810451434",69.72,"2008-11-25 00:00:00.000"
"486","LU0810451434",70.25,"2008-11-26 00:00:00.000"
"487","LU0810451434",70.32,"2008-11-27 00:00:00.000"
"488","LU0810451434",71.13,"2008-12-01 00:00:00.000"
"489","LU0810451434",70.02,"2008-12-02 00:00:00.000"
"490","LU0810451434",70.15,"2008-12-03 00:00:00.000"
"491","LU0810451434",70.73,"2008-12-04 00:00:00.000"
"492","LU0810451434",70.28,"2008-12-08 00:00:00.000"
"493","LU0810451434",72.13,"2008-12-09 00:00:00.000"
"494","LU0810451434",72.12,"2008-12-10 00:00:00.000"
"495","LU0810451434",72.36,"2008-12-11 00:00:00.000"
"496","LU0810451434",72.49,"2008-12-12 00:00:00.000"
"497","LU0810451434",71.57,"2008-12-15 00:00:00.000"
"498","LU0810451434",71.13,"2008-12-16 00:00:00.000"
"499","LU0810451434",71.23,"2008-12-17 00:00:00.000"
"500","LU0810451434",70.36,"2008-12-18 00:00:00.000"
"501","LU0810451434",70.04,"2008-12-19 00:00:00.000"
"502","LU0810451434",70.34,"2008-12-22 00:00:00.000"
"503","LU0810451434",69.65,"2008-12-26 00:00:00.000"
"504","LU0810451434",68.89,"2008-12-29 00:00:00.000"
"505","LU0810451434",69.58,"2008-12-31 00:00:00.000"
"506","LU0810451434",72.34,"2009-01-06 00:00:00.000"
"507","LU0810451434",72.89,"2009-01-07 00:00:00.000"
"508","LU0810451434",72.17,"2009-01-08 00:00:00.000"
"509","LU0810451434",71.73,"2009-01-09 00:00:00.000"
"510","LU0810451434",71.53,"2009-01-12 00:00:00.000"
"511","LU0810451434",70.77,"2009-01-13 00:00:00.000"
"512","LU0810451434",70.05,"2009-01-14 00:00:00.000"
"513","LU0810451434",68.37,"2009-01-15 00:00:00.000"
"514","LU0810451434",67.93,"2009-01-16 00:00:00.000"
"515","LU0810451434",68.38,"2009-01-19 00:00:00.000"
"516","LU0810451434",68.08,"2009-01-20 00:00:00.000"
"517","LU0810451434",67.13,"2009-01-21 00:00:00.000"
"518","LU0810451434",67.08,"2009-01-22 00:00:00.000"
"519","LU0810451434",67.16,"2009-01-23 00:00:00.000"
"520","LU0810451434",67.16,"2009-01-26 00:00:00.000"
"521","LU0810451434",67.99,"2009-01-27 00:00:00.000"
"522","LU0810451434",67.93,"2009-01-28 00:00:00.000"
"523","LU0810451434",69.06,"2009-01-29 00:00:00.000"
"524","LU0810451434",68.07,"2009-01-30 00:00:00.000"
"525","LU0810451434",67.9,"2009-02-02 00:00:00.000"
"526","LU0810451434",67.2,"2009-02-03 00:00:00.000"
"527","LU0810451434",67.43,"2009-02-04 00:00:00.000"
"528","LU0810451434",68.09,"2009-02-05 00:00:00.000"
"529","LU0810451434",67.36,"2009-02-06 00:00:00.000"
"530","LU0810451434",67.88,"2009-02-09 00:00:00.000"
"531","LU0810451434",68.03,"2009-02-10 00:00:00.000"
"532","LU0810451434",67.49,"2009-02-11 00:00:00.000"
"533","LU0810451434",67.43,"2009-02-12 00:00:00.000"
"534","LU0810451434",66.96,"2009-02-13 00:00:00.000"
"535","LU0810451434",67.09,"2009-02-16 00:00:00.000"
"536","LU0810451434",66.35,"2009-02-17 00:00:00.000"
"537","LU0810451434",64.95,"2009-02-18 00:00:00.000"
"538","LU0810451434",64.95,"2009-02-19 00:00:00.000"
"539","LU0810451434",65.23,"2009-02-20 00:00:00.000"
"540","LU0810451434",63.67,"2009-02-23 00:00:00.000"
"541","LU0810451434",62.93,"2009-02-24 00:00:00.000"
"542","LU0810451434",62.56,"2009-02-25 00:00:00.000"
"543","LU0810451434",62.56,"2009-02-26 00:00:00.000"
"544","LU0810451434",63.02,"2009-02-27 00:00:00.000"
"545","LU0810451434",63.02,"2009-03-02 00:00:00.000"
"546","LU0810451434",60.12,"2009-03-03 00:00:00.000"
"547","LU0810451434",59.56,"2009-03-04 00:00:00.000"
"548","LU0810451434",59.56,"2009-03-05 00:00:00.000"
"549","LU0810451434",59.38,"2009-03-06 00:00:00.000"
"550","LU0810451434",57.97,"2009-03-09 00:00:00.000"
"551","LU0810451434",58,"2009-03-10 00:00:00.000"
"552","LU0810451434",59.71,"2009-03-11 00:00:00.000"
"553","LU0810451434",59.71,"2009-03-12 00:00:00.000"
"554","LU0810451434",61.54,"2009-03-13 00:00:00.000"
"555","LU0810451434",62.21,"2009-03-16 00:00:00.000"
"556","LU0810451434",63.14,"2009-03-19 00:00:00.000"
"557","LU0810451434",63.39,"2009-03-20 00:00:00.000"
"558","LU0810451434",63.41,"2009-03-23 00:00:00.000"
"559","LU0810451434",64.89,"2009-03-24 00:00:00.000"
"560","LU0810451434",64.77,"2009-03-25 00:00:00.000"
"561","LU0810451434",64.77,"2009-03-26 00:00:00.000"
"562","LU0810451434",65.67,"2009-03-27 00:00:00.000"
"563","LU0810451434",64.92,"2009-03-30 00:00:00.000"
"564","LU0810451434",63.53,"2009-03-31 00:00:00.000"
"565","LU0810451434",64.32,"2009-04-01 00:00:00.000"
"566","LU0810451434",65.02,"2009-04-02 00:00:00.000"
"567","LU0810451434",66.53,"2009-04-03 00:00:00.000"
"568","LU0810451434",66.18,"2009-04-06 00:00:00.000"
"569","LU0810451434",66.07,"2009-04-07 00:00:00.000"
"570","LU0810451434",65.94,"2009-04-08 00:00:00.000"
"571","LU0810451434",67.3,"2009-04-17 00:00:00.000"
"572","LU0810451434",67.94,"2009-04-20 00:00:00.000"
"573","LU0810451434",66.95,"2009-04-21 00:00:00.000"
"574","LU0810451434",66.8,"2009-04-22 00:00:00.000"
"575","LU0810451434",67.12,"2009-04-23 00:00:00.000"
"576","LU0810451434",67.32,"2009-04-24 00:00:00.000"
"577","LU0810451434",67.97,"2009-04-27 00:00:00.000"
"578","LU0810451434",68.09,"2009-04-28 00:00:00.000"
"579","LU0810451434",67.7,"2009-04-29 00:00:00.000"
"580","LU0810451434",68.32,"2009-05-01 00:00:00.000"
"581","LU0810451434",68.32,"2009-05-04 00:00:00.000"
"582","LU0810451434",69.36,"2009-05-05 00:00:00.000"
"583","LU0810451434",69.47,"2009-05-06 00:00:00.000"
"584","LU0810451434",69.76,"2009-05-07 00:00:00.000"
"585","LU0810451434",69.84,"2009-05-08 00:00:00.000"
"586","LU0810451434",70.57,"2009-05-11 00:00:00.000"
"587","LU0810451434",70.15,"2009-05-12 00:00:00.000"
"588","LU0810451434",70.13,"2009-05-13 00:00:00.000"
"589","LU0810451434",69.38,"2009-05-14 00:00:00.000"
"590","LU0810451434",69.66,"2009-05-15 00:00:00.000"
"591","LU0810451434",69.65,"2009-05-18 00:00:00.000"
"592","LU0810451434",70.59,"2009-05-19 00:00:00.000"
"593","LU0810451434",71.08,"2009-05-21 00:00:00.000"
"594","LU0810451434",70.87,"2009-05-22 00:00:00.000"
"595","LU0810451434",70.55,"2009-05-25 00:00:00.000"
"596","LU0810451434",70.58,"2009-05-26 00:00:00.000"
"597","LU0810451434",70.58,"2009-05-27 00:00:00.000"
"598","LU0810451434",70.43,"2009-05-28 00:00:00.000"
"599","LU0810451434",70.16,"2009-06-01 00:00:00.000"
"600","LU0810451434",70.71,"2009-06-02 00:00:00.000"
"601","LU0810451434",70.93,"2009-06-03 00:00:00.000"
"602","LU0810451434",70.54,"2009-06-04 00:00:00.000"
"603","LU0810451434",70.73,"2009-06-05 00:00:00.000"
"604","LU0810451434",70.79,"2009-06-08 00:00:00.000"
"605","LU0810451434",70.6,"2009-06-09 00:00:00.000"
"606","LU0810451434",70.85,"2009-06-11 00:00:00.000"
"607","LU0810451434",71.06,"2009-06-12 00:00:00.000"
"608","LU0810451434",71.11,"2009-06-15 00:00:00.000"
"609","LU0810451434",70.37,"2009-06-16 00:00:00.000"
"610","LU0810451434",70.37,"2009-06-17 00:00:00.000"
"611","LU0810451434",69.59,"2009-06-18 00:00:00.000"
"612","LU0810451434",70.27,"2009-06-22 00:00:00.000"
"613","LU0810451434",69.41,"2009-06-24 00:00:00.000"
"614","LU0810451434",70.33,"2009-06-25 00:00:00.000"
"615","LU0810451434",70.2,"2009-06-29 00:00:00.000"
"616","LU0810451434",70.74,"2009-06-30 00:00:00.000"
"617","LU0810451434",70.49,"2009-07-01 00:00:00.000"
"618","LU0810451434",70.94,"2009-07-02 00:00:00.000"
"619","LU0810451434",70.11,"2009-07-03 00:00:00.000"
"620","LU0810451434",70.01,"2009-07-06 00:00:00.000"
"621","LU0810451434",69.98,"2009-07-07 00:00:00.000"
"622","LU0810451434",69.64,"2009-07-08 00:00:00.000"
"623","LU0810451434",69.29,"2009-07-09 00:00:00.000"
"624","LU0810451434",69.32,"2009-07-10 00:00:00.000"
"625","LU0810451434",68.87,"2009-07-13 00:00:00.000"
"626","LU0810451434",69.35,"2009-07-14 00:00:00.000"
"627","LU0810451434",69.76,"2009-07-15 00:00:00.000"
"628","LU0810451434",70.52,"2009-07-16 00:00:00.000"
"629","LU0810451434",70.73,"2009-07-17 00:00:00.000"
"630","LU0810451434",71.08,"2009-07-20 00:00:00.000"
"631","LU0810451434",71.39,"2009-07-21 00:00:00.000"
"632","LU0810451434",71.61,"2009-07-22 00:00:00.000"
"633","LU0810451434",71.61,"2009-07-23 00:00:00.000"
"634","LU0810451434",72.48,"2009-07-24 00:00:00.000"
"635","LU0810451434",72.53,"2009-07-27 00:00:00.000"
"636","LU0810451434",72.69,"2009-07-28 00:00:00.000"
"637","LU0810451434",72.38,"2009-07-29 00:00:00.000"
"638","LU0810451434",72.86,"2009-07-30 00:00:00.000"
"639","LU0810451434",73.7,"2009-07-31 00:00:00.000"
"640","LU0810451434",73.64,"2009-08-03 00:00:00.000"
"641","LU0810451434",73.73,"2009-08-04 00:00:00.000"
"642","LU0810451434",73.66,"2009-08-05 00:00:00.000"
"643","LU0810451434",73.56,"2009-08-06 00:00:00.000"
"644","LU0810451434",73.93,"2009-08-07 00:00:00.000"
"645","LU0810451434",74.43,"2009-08-10 00:00:00.000"
"646","LU0810451434",74.06,"2009-08-13 00:00:00.000"
"647","LU0810451434",74.04,"2009-08-17 00:00:00.000"
"648","LU0810451434",73.26,"2009-08-18 00:00:00.000"
"649","LU0810451434",73.59,"2009-08-19 00:00:00.000"
"650","LU0810451434",73.65,"2009-08-20 00:00:00.000"
"651","LU0810451434",74.18,"2009-08-21 00:00:00.000"
"652","LU0810451434",75.06,"2009-08-24 00:00:00.000"
"653","LU0810451434",75.43,"2009-08-25 00:00:00.000"
"654","LU0810451434",75.37,"2009-08-26 00:00:00.000"
"655","LU0810451434",75.44,"2009-08-27 00:00:00.000"
"656","LU0810451434",75.41,"2009-08-28 00:00:00.000"
"657","LU0810451434",75.5,"2009-08-31 00:00:00.000"
"658","LU0810451434",75.37,"2009-09-01 00:00:00.000"
"659","LU0810451434",74.74,"2009-09-02 00:00:00.000"
"660","LU0810451434",74.56,"2009-09-03 00:00:00.000"
"661","LU0810451434",74.49,"2009-09-04 00:00:00.000"
"662","LU0810451434",75.02,"2009-09-07 00:00:00.000"
"663","LU0810451434",75.42,"2009-09-08 00:00:00.000"
"664","LU0810451434",75.38,"2009-09-09 00:00:00.000"
"665","LU0810451434",75.62,"2009-09-10 00:00:00.000"
"666","LU0810451434",75.7,"2009-09-11 00:00:00.000"
"667","LU0810451434",75.8,"2009-09-14 00:00:00.000"
"668","LU0810451434",75.85,"2009-09-15 00:00:00.000"
"669","LU0810451434",75.93,"2009-09-16 00:00:00.000"
"670","LU0810451434",76.42,"2009-09-17 00:00:00.000"
"671","LU0810451434",76.5,"2009-09-18 00:00:00.000"
"672","LU0810451434",76.53,"2009-09-21 00:00:00.000"
"673","LU0810451434",76.39,"2009-09-22 00:00:00.000"
"674","LU0810451434",76.55,"2009-09-23 00:00:00.000"
"675","LU0810451434",76.53,"2009-09-24 00:00:00.000"
"676","LU0810451434",75.91,"2009-09-25 00:00:00.000"
"677","LU0810451434",75.74,"2009-09-28 00:00:00.000"
"678","LU0810451434",76.19,"2009-09-29 00:00:00.000"
"679","LU0810451434",76.32,"2009-09-30 00:00:00.000"
"680","LU0810451434",76.31,"2009-10-01 00:00:00.000"
"681","LU0810451434",75.77,"2009-10-02 00:00:00.000"
"682","LU0810451434",74.87,"2009-10-05 00:00:00.000"
"683","LU0810451434",75.06,"2009-10-06 00:00:00.000"
"684","LU0810451434",75.76,"2009-10-07 00:00:00.000"
"685","LU0810451434",75.91,"2009-10-08 00:00:00.000"
"686","LU0810451434",76.47,"2009-10-09 00:00:00.000"
"687","LU0810451434",76.33,"2009-10-12 00:00:00.000"
"688","LU0810451434",76.78,"2009-10-13 00:00:00.000"
"689","LU0810451434",76.54,"2009-10-14 00:00:00.000"
"690","LU0810451434",77.01,"2009-10-15 00:00:00.000"
"691","LU0810451434",76.63,"2009-10-16 00:00:00.000"
"692","LU0810451434",76.42,"2009-10-19 00:00:00.000"
"693","LU0810451434",76.81,"2009-10-20 00:00:00.000"
"694","LU0810451434",76.62,"2009-10-21 00:00:00.000"
"695","LU0810451434",76.34,"2009-10-23 00:00:00.000"
"696","LU0810451434",76.25,"2009-10-26 00:00:00.000"
"697","LU0810451434",76,"2009-10-28 00:00:00.000"
"698","LU0810451434",75.2,"2009-10-29 00:00:00.000"
"699","LU0810451434",75.78,"2009-10-30 00:00:00.000"
"700","LU0810451434",75.17,"2009-11-02 00:00:00.000"
"701","LU0810451434",75.1,"2009-11-03 00:00:00.000"
"702","LU0810451434",74.83,"2009-11-04 00:00:00.000"
"703","LU0810451434",75.28,"2009-11-05 00:00:00.000"
"704","LU0810451434",75.39,"2009-11-06 00:00:00.000"
"705","LU0810451434",75.46,"2009-11-09 00:00:00.000"
"706","LU0810451434",76.14,"2009-11-10 00:00:00.000"
"707","LU0810451434",76.04,"2009-11-11 00:00:00.000"
"708","LU0810451434",76.28,"2009-11-12 00:00:00.000"
"709","LU0810451434",76.17,"2009-11-16 00:00:00.000"
"710","LU0810451434",76.64,"2009-11-18 00:00:00.000"
"711","LU0810451434",76.59,"2009-11-19 00:00:00.000"
"712","LU0810451434",76.1,"2009-11-20 00:00:00.000"
"713","LU0810451434",75.81,"2009-11-23 00:00:00.000"
"714","LU0810451434",76.55,"2009-11-24 00:00:00.000"
"715","LU0810451434",76.43,"2009-11-25 00:00:00.000"
"716","LU0810451434",75.52,"2009-11-27 00:00:00.000"
"717","LU0810451434",75.71,"2009-11-30 00:00:00.000"
"718","LU0810451434",75.71,"2009-12-01 00:00:00.000"
"719","LU0810451434",76.17,"2009-12-02 00:00:00.000"
"720","LU0810451434",76.31,"2009-12-03 00:00:00.000"
"721","LU0810451434",76.57,"2009-12-04 00:00:00.000"
"722","LU0810451434",76.57,"2009-12-08 00:00:00.000"
"723","LU0810451434",76.58,"2009-12-09 00:00:00.000"
"724","LU0810451434",76.32,"2009-12-10 00:00:00.000"
"725","LU0810451434",76.73,"2009-12-11 00:00:00.000"
"726","LU0810451434",76.98,"2009-12-14 00:00:00.000"
"727","LU0810451434",77.17,"2009-12-15 00:00:00.000"
"728","LU0810451434",77.33,"2009-12-16 00:00:00.000"
"729","LU0810451434",77.81,"2009-12-17 00:00:00.000"
"730","LU0810451434",77.35,"2009-12-18 00:00:00.000"
"731","LU0810451434",77.36,"2009-12-22 00:00:00.000"
"732","LU0810451434",77.9,"2009-12-25 00:00:00.000"
"733","LU0810451434",77.9,"2009-12-28 00:00:00.000"
"734","LU0810451434",77.87,"2009-12-29 00:00:00.000"
"735","LU0810451434",77.7,"2010-01-04 00:00:00.000"
"736","LU0810451434",78.4,"2010-01-06 00:00:00.000"
"737","LU0810451434",78.24,"2010-01-07 00:00:00.000"
"738","LU0810451434",78.09,"2010-01-08 00:00:00.000"
"739","LU0810451434",78.36,"2010-01-11 00:00:00.000"
"740","LU0810451434",78.29,"2010-01-12 00:00:00.000"
"741","LU0810451434",77.97,"2010-01-13 00:00:00.000"
"742","LU0810451434",78,"2010-01-14 00:00:00.000"
"743","LU0810451434",78.44,"2010-01-15 00:00:00.000"
"744","LU0810451434",78.02,"2010-01-18 00:00:00.000"
"745","LU0810451434",77.97,"2010-01-21 00:00:00.000"
"746","LU0810451434",77.97,"2010-01-22 00:00:00.000"
"747","LU0810451434",76.98,"2010-01-25 00:00:00.000"
"748","LU0810451434",76.77,"2010-01-26 00:00:00.000"
"749","LU0810451434",76.99,"2010-01-27 00:00:00.000"
"750","LU0810451434",76.69,"2010-01-28 00:00:00.000"
"751","LU0810451434",76.41,"2010-01-29 00:00:00.000"
"752","LU0810451434",76.35,"2010-02-01 00:00:00.000"
"753","LU0810451434",76.85,"2010-02-02 00:00:00.000"
"754","LU0810451434",77.34,"2010-02-03 00:00:00.000"
"755","LU0810451434",75.77,"2010-02-05 00:00:00.000"
"756","LU0810451434",75.17,"2010-02-08 00:00:00.000"
"757","LU0810451434",75.39,"2010-02-09 00:00:00.000"
"758","LU0810451434",75.39,"2010-02-10 00:00:00.000"
"759","LU0810451434",75.56,"2010-02-11 00:00:00.000"
"760","LU0810451434",75.84,"2010-02-12 00:00:00.000"
"761","LU0810451434",75.85,"2010-02-15 00:00:00.000"
"762","LU0810451434",75.95,"2010-02-16 00:00:00.000"
"763","LU0810451434",76.38,"2010-02-17 00:00:00.000"
"764","LU0810451434",76.96,"2010-02-18 00:00:00.000"
"765","LU0810451434",77.27,"2010-02-19 00:00:00.000"
"766","LU0810451434",77.31,"2010-02-23 00:00:00.000"
"767","LU0810451434",76.87,"2010-02-24 00:00:00.000"
"768","LU0810451434",76.94,"2010-02-25 00:00:00.000"
"769","LU0810451434",76.57,"2010-02-26 00:00:00.000"
"770","LU0810451434",76.9,"2010-03-01 00:00:00.000"
"771","LU0810451434",77.45,"2010-03-02 00:00:00.000"
"772","LU0810451434",77.78,"2010-03-03 00:00:00.000"
"773","LU0810451434",77.98,"2010-03-04 00:00:00.000"
"774","LU0810451434",77.97,"2010-03-05 00:00:00.000"
"775","LU0810451434",78.61,"2010-03-08 00:00:00.000"
"776","LU0810451434",78.67,"2010-03-09 00:00:00.000"
"777","LU0810451434",78.84,"2010-03-10 00:00:00.000"
"778","LU0810451434",78.89,"2010-03-12 00:00:00.000"
"779","LU0810451434",78.78,"2010-03-15 00:00:00.000"
"780","LU0810451434",78.44,"2010-03-16 00:00:00.000"
"781","LU0810451434",78.74,"2010-03-17 00:00:00.000"
"782","LU0810451434",78.9,"2010-03-19 00:00:00.000"
"783","LU0810451434",78.62,"2010-03-22 00:00:00.000"
"784","LU0810451434",78.35,"2010-03-23 00:00:00.000"
"785","LU0810451434",78.46,"2010-03-24 00:00:00.000"
"786","LU0810451434",78.44,"2010-03-25 00:00:00.000"
"787","LU0810451434",78.83,"2010-03-26 00:00:00.000"
"788","LU0810451434",78.61,"2010-03-29 00:00:00.000"
"789","LU0810451434",78.85,"2010-03-30 00:00:00.000"
"790","LU0810451434",78.96,"2010-03-31 00:00:00.000"
"791","LU0810451434",79.33,"2010-04-09 00:00:00.000"
"792","LU0810451434",79.99,"2010-04-12 00:00:00.000"
"793","LU0810451434",80.02,"2010-04-13 00:00:00.000"
"794","LU0810451434",79.8,"2010-04-14 00:00:00.000"
"795","LU0810451434",80.05,"2010-04-15 00:00:00.000"
"796","LU0810451434",80.05,"2010-04-16 00:00:00.000"
"797","LU0810451434",79.66,"2010-04-19 00:00:00.000"
"798","LU0810451434",79.85,"2010-04-21 00:00:00.000"
"799","LU0810451434",79.85,"2010-04-22 00:00:00.000"
"800","LU0810451434",79.22,"2010-04-23 00:00:00.000"
"801","LU0810451434",79.22,"2010-04-26 00:00:00.000"
"802","LU0810451434",79.71,"2010-04-27 00:00:00.000"
"803","LU0810451434",78.8,"2010-04-28 00:00:00.000"
"804","LU0810451434",78.14,"2010-04-29 00:00:00.000"
"805","LU0810451434",78.64,"2010-04-30 00:00:00.000"
"806","LU0810451434",78.33,"2010-05-03 00:00:00.000"
"807","LU0810451434",78.37,"2010-05-04 00:00:00.000"
"808","LU0810451434",77.46,"2010-05-05 00:00:00.000"
"809","LU0810451434",76.94,"2010-05-06 00:00:00.000"
"810","LU0810451434",74.65,"2010-05-10 00:00:00.000"
"811","LU0810451434",77.16,"2010-05-11 00:00:00.000"
"812","LU0810451434",76.76,"2010-05-13 00:00:00.000"
"813","LU0810451434",77.29,"2010-05-14 00:00:00.000"
"814","LU0810451434",76.23,"2010-05-17 00:00:00.000"
"815","LU0810451434",76.03,"2010-05-18 00:00:00.000"
"816","LU0810451434",76.43,"2010-05-19 00:00:00.000"
"817","LU0810451434",76.17,"2010-05-20 00:00:00.000"
"818","LU0810451434",75.43,"2010-05-24 00:00:00.000"
"819","LU0810451434",75.35,"2010-05-25 00:00:00.000"
"820","LU0810451434",73.97,"2010-05-26 00:00:00.000"
"821","LU0810451434",74.3,"2010-05-27 00:00:00.000"
"822","LU0810451434",75.73,"2010-05-28 00:00:00.000"
"823","LU0810451434",75.79,"2010-05-31 00:00:00.000"
"824","LU0810451434",75.79,"2010-06-01 00:00:00.000"
"825","LU0810451434",75.7,"2010-06-03 00:00:00.000"
"826","LU0810451434",76.07,"2010-06-04 00:00:00.000"
"827","LU0810451434",75.12,"2010-06-07 00:00:00.000"
"828","LU0810451434",73.92,"2010-06-09 00:00:00.000"
"829","LU0810451434",74.26,"2010-06-10 00:00:00.000"
"830","LU0810451434",74.92,"2010-06-11 00:00:00.000"
"831","LU0810451434",74.92,"2010-06-14 00:00:00.000"
"832","LU0810451434",75.92,"2010-06-15 00:00:00.000"
"833","LU0810451434",76.25,"2010-06-16 00:00:00.000"
"834","LU0810451434",76.3,"2010-06-17 00:00:00.000"
"835","LU0810451434",76.3,"2010-06-18 00:00:00.000"
"836","LU0810451434",75.85,"2010-06-21 00:00:00.000"
"837","LU0810451434",75.71,"2010-06-23 00:00:00.000"
"838","LU0810451434",75.71,"2010-06-24 00:00:00.000"
"839","LU0810451434",74.51,"2010-06-25 00:00:00.000"
"840","LU0810451434",73.95,"2010-06-29 00:00:00.000"
"841","LU0810451434",72.67,"2010-06-30 00:00:00.000"
"842","LU0810451434",72.49,"2010-07-01 00:00:00.000"
"843","LU0810451434",71.27,"2010-07-02 00:00:00.000"
"844","LU0810451434",71.53,"2010-07-05 00:00:00.000"
"845","LU0810451434",70.96,"2010-07-06 00:00:00.000"
"846","LU0810451434",72.19,"2010-07-07 00:00:00.000"
"847","LU0810451434",72.66,"2010-07-08 00:00:00.000"
"848","LU0810451434",73.19,"2010-07-09 00:00:00.000"
"849","LU0810451434",73.66,"2010-07-12 00:00:00.000"
"850","LU0810451434",73.98,"2010-07-13 00:00:00.000"
"851","LU0810451434",74.63,"2010-07-14 00:00:00.000"
"852","LU0810451434",75.07,"2010-07-15 00:00:00.000"
"853","LU0810451434",74.57,"2010-07-16 00:00:00.000"
"854","LU0810451434",73.39,"2010-07-20 00:00:00.000"
"855","LU0810451434",72.78,"2010-07-21 00:00:00.000"
"856","LU0810451434",72.75,"2010-07-22 00:00:00.000"
"857","LU0810451434",73.64,"2010-07-23 00:00:00.000"
"858","LU0810451434",73.93,"2010-07-26 00:00:00.000"
"859","LU0810451434",74.14,"2010-07-27 00:00:00.000"
"860","LU0810451434",75.18,"2010-07-28 00:00:00.000"
"861","LU0810451434",75.03,"2010-07-29 00:00:00.000"
"862","LU0810451434",74.34,"2010-07-30 00:00:00.000"
"863","LU0810451434",74.28,"2010-08-02 00:00:00.000"
"864","LU0810451434",75.62,"2010-08-03 00:00:00.000"
"865","LU0810451434",75.84,"2010-08-04 00:00:00.000"
"866","LU0810451434",76.11,"2010-08-05 00:00:00.000"
"867","LU0810451434",75.83,"2010-08-06 00:00:00.000"
"868","LU0810451434",75.23,"2010-08-09 00:00:00.000"
"869","LU0810451434",75.97,"2010-08-10 00:00:00.000"
"870","LU0810451434",75.95,"2010-08-11 00:00:00.000"
"871","LU0810451434",74.32,"2010-08-12 00:00:00.000"
"872","LU0810451434",74.32,"2010-08-16 00:00:00.000"
"873","LU0810451434",74.32,"2010-08-17 00:00:00.000"
"874","LU0810451434",74.36,"2010-08-18 00:00:00.000"
"875","LU0810451434",74.34,"2010-08-19 00:00:00.000"
"876","LU0810451434",73.37,"2010-08-20 00:00:00.000"
"877","LU0810451434",72.51,"2010-08-23 00:00:00.000"
"878","LU0810451434",72.61,"2010-08-24 00:00:00.000"
"879","LU0810451434",71.94,"2010-08-25 00:00:00.000"
"880","LU0810451434",71.36,"2010-08-26 00:00:00.000"
"881","LU0810451434",71.59,"2010-08-27 00:00:00.000"
"882","LU0810451434",71.97,"2010-08-30 00:00:00.000"
"883","LU0810451434",71.83,"2010-08-31 00:00:00.000"
"884","LU0810451434",71.44,"2010-09-01 00:00:00.000"
"885","LU0810451434",72.93,"2010-09-02 00:00:00.000"
"886","LU0810451434",72.87,"2010-09-03 00:00:00.000"
"887","LU0810451434",73.57,"2010-09-06 00:00:00.000"
"888","LU0810451434",73.59,"2010-09-07 00:00:00.000"
"889","LU0810451434",72.91,"2010-09-08 00:00:00.000"
"890","LU0810451434",73.13,"2010-09-09 00:00:00.000"
"891","LU0810451434",73.5,"2010-09-10 00:00:00.000"
"892","LU0810451434",73.98,"2010-09-13 00:00:00.000"
"893","LU0810451434",74.01,"2010-09-14 00:00:00.000"
"894","LU0810451434",73.68,"2010-09-15 00:00:00.000"
"895","LU0810451434",73.68,"2010-09-16 00:00:00.000"
"896","LU0810451434",73.93,"2010-09-17 00:00:00.000"
"897","LU0810451434",73.41,"2010-09-20 00:00:00.000"
"898","LU0810451434",73.91,"2010-09-21 00:00:00.000"
"899","LU0810451434",73.72,"2010-09-22 00:00:00.000"
"900","LU0810451434",73.13,"2010-09-23 00:00:00.000"
"901","LU0810451434",72.58,"2010-09-24 00:00:00.000"
"902","LU0810451434",73.27,"2010-09-27 00:00:00.000"
"903","LU0810451434",73.11,"2010-09-28 00:00:00.000"
"904","LU0810451434",73.07,"2010-09-29 00:00:00.000"
"905","LU0810451434",73.02,"2010-09-30 00:00:00.000"
"906","LU0810451434",73.02,"2010-10-01 00:00:00.000"
"907","LU0810451434",73.12,"2010-10-04 00:00:00.000"
"908","LU0810451434",72.62,"2010-10-05 00:00:00.000"
"909","LU0810451434",73.24,"2010-10-06 00:00:00.000"
"910","LU0810451434",73.63,"2010-10-07 00:00:00.000"
"911","LU0810451434",73.95,"2010-10-08 00:00:00.000"
"912","LU0810451434",73.74,"2010-10-12 00:00:00.000"
"913","LU0810451434",73.21,"2010-10-13 00:00:00.000"
"914","LU0810451434",74.19,"2010-10-14 00:00:00.000"
"915","LU0810451434",74.14,"2010-10-15 00:00:00.000"
"916","LU0810451434",74.15,"2010-10-18 00:00:00.000"
"917","LU0810451434",74.19,"2010-10-19 00:00:00.000"
"918","LU0810451434",74.4,"2010-10-20 00:00:00.000"
"919","LU0810451434",74.19,"2010-10-21 00:00:00.000"
"920","LU0810451434",74.65,"2010-10-22 00:00:00.000"
"921","LU0810451434",74.75,"2010-10-25 00:00:00.000"
"922","LU0810451434",74.92,"2010-10-26 00:00:00.000"
"923","LU0810451434",74.86,"2010-10-27 00:00:00.000"
"924","LU0810451434",74.86,"2010-11-01 00:00:00.000"
"925","LU0810451434",74.86,"2010-11-02 00:00:00.000"
"926","LU0810451434",74.86,"2010-11-03 00:00:00.000"
"927","LU0810451434",75.23,"2010-11-04 00:00:00.000"
"928","LU0810451434",75.98,"2010-11-05 00:00:00.000"
"929","LU0810451434",75.92,"2010-11-08 00:00:00.000"
"930","LU0810451434",75.95,"2010-11-09 00:00:00.000"
"931","LU0810451434",75.92,"2010-11-10 00:00:00.000"
"932","LU0810451434",75.73,"2010-11-11 00:00:00.000"
"933","LU0810451434",75.39,"2010-11-12 00:00:00.000"
"934","LU0810451434",75.25,"2010-11-15 00:00:00.000"
"935","LU0810451434",75.64,"2010-11-16 00:00:00.000"
"936","LU0810451434",74.86,"2010-11-17 00:00:00.000"
"937","LU0810451434",75.12,"2010-11-18 00:00:00.000"
"938","LU0810451434",76.23,"2010-11-19 00:00:00.000"
"939","LU0810451434",76.23,"2010-11-22 00:00:00.000"
"940","LU0810451434",75.76,"2010-11-23 00:00:00.000"
"941","LU0810451434",74.51,"2010-11-24 00:00:00.000"
"942","LU0810451434",74.84,"2010-11-25 00:00:00.000"
"943","LU0810451434",75.14,"2010-11-26 00:00:00.000"
"944","LU0810451434",74.81,"2010-11-29 00:00:00.000"
"945","LU0810451434",74.03,"2010-11-30 00:00:00.000"
"946","LU0810451434",73.29,"2010-12-01 00:00:00.000"
"947","LU0810451434",74.4,"2010-12-02 00:00:00.000"
"948","LU0810451434",75.35,"2010-12-03 00:00:00.000"
"949","LU0810451434",74.92,"2010-12-06 00:00:00.000"
"950","LU0810451434",75.19,"2010-12-08 00:00:00.000"
"951","LU0810451434",75.62,"2010-12-09 00:00:00.000"
"952","LU0810451434",75.94,"2010-12-10 00:00:00.000"
"953","LU0810451434",75.86,"2010-12-13 00:00:00.000"
"954","LU0810451434",75.78,"2010-12-14 00:00:00.000"
"955","LU0810451434",75.97,"2010-12-15 00:00:00.000"
"956","LU0810451434",75.93,"2010-12-16 00:00:00.000"
"957","LU0810451434",76.12,"2010-12-17 00:00:00.000"
"958","LU0810451434",75.92,"2010-12-20 00:00:00.000"
"959","LU0810451434",75.92,"2010-12-21 00:00:00.000"
"960","LU0810451434",76.2,"2010-12-22 00:00:00.000"
"961","LU0810451434",76.42,"2010-12-24 00:00:00.000"
"962","LU0810451434",76.42,"2010-12-27 00:00:00.000"
"963","LU0810451434",76.08,"2010-12-28 00:00:00.000"
"964","LU0810451434",76.13,"2010-12-29 00:00:00.000"
"965","LU0810451434",75.36,"2010-12-31 00:00:00.000"
"966","LU0810451434",75.3,"2011-01-03 00:00:00.000"
"967","LU0810451434",75.94,"2011-01-04 00:00:00.000"
"968","LU0810451434",76.38,"2011-01-07 00:00:00.000"
"969","LU0810451434",75.98,"2011-01-10 00:00:00.000"
"970","LU0810451434",75.47,"2011-01-11 00:00:00.000"
"971","LU0810451434",76.21,"2011-01-12 00:00:00.000"
"972","LU0810451434",77.04,"2011-01-13 00:00:00.000"
"973","LU0810451434",76.86,"2011-01-14 00:00:00.000"
"974","LU0810451434",76.97,"2011-01-17 00:00:00.000"
"975","LU0810451434",77.04,"2011-01-18 00:00:00.000"
"976","LU0810451434",77.51,"2011-01-19 00:00:00.000"
"977","LU0810451434",76.95,"2011-01-20 00:00:00.000"
"978","LU0810451434",76.82,"2011-01-21 00:00:00.000"
"979","LU0810451434",77.15,"2011-01-24 00:00:00.000"
"980","LU0810451434",77.29,"2011-01-25 00:00:00.000"
"981","LU0810451434",76.86,"2011-01-26 00:00:00.000"
"982","LU0810451434",76.87,"2011-01-27 00:00:00.000"
"983","LU0810451434",77.07,"2011-01-28 00:00:00.000"
"984","LU0810451434",76.64,"2011-01-31 00:00:00.000"
"985","LU0810451434",76.64,"2011-02-01 00:00:00.000"
"986","LU0810451434",77.42,"2011-02-02 00:00:00.000"
"987","LU0810451434",77.4,"2011-02-03 00:00:00.000"
"988","LU0810451434",77.33,"2011-02-04 00:00:00.000"
"989","LU0810451434",77.8,"2011-02-07 00:00:00.000"
"990","LU0810451434",78.15,"2011-02-08 00:00:00.000"
"991","LU0810451434",78.5,"2011-02-09 00:00:00.000"
"992","LU0810451434",78.52,"2011-02-10 00:00:00.000"
"993","LU0810451434",78.27,"2011-02-11 00:00:00.000"
"994","LU0810451434",78.36,"2011-02-14 00:00:00.000"
"995","LU0810451434",78.21,"2011-02-15 00:00:00.000"
"996","LU0810451434",78.37,"2011-02-16 00:00:00.000"
"997","LU0810451434",78.58,"2011-02-17 00:00:00.000"
"998","LU0810451434",78.36,"2011-02-18 00:00:00.000"
"999","LU0810451434",78.65,"2011-02-21 00:00:00.000"
"1000","LU0810451434",78.11,"2011-02-22 00:00:00.000"
"1001","LU0810451434",77.32,"2011-02-23 00:00:00.000"
"1002","LU0810451434",76.86,"2011-02-24 00:00:00.000"
"1003","LU0810451434",76.06,"2011-02-25 00:00:00.000"
"1004","LU0810451434",76.44,"2011-02-28 00:00:00.000"
"1005","LU0810451434",76.44,"2011-03-01 00:00:00.000"
"1006","LU0810451434",76.9,"2011-03-02 00:00:00.000"
"1007","LU0810451434",76.46,"2011-03-03 00:00:00.000"
"1008","LU0810451434",77.12,"2011-03-04 00:00:00.000"
"1009","LU0810451434",76.76,"2011-03-07 00:00:00.000"
"1010","LU0810451434",76.43,"2011-03-08 00:00:00.000"
"1011","LU0810451434",76.73,"2011-03-09 00:00:00.000"
"1012","LU0810451434",76.27,"2011-03-10 00:00:00.000"
"1013","LU0810451434",75.69,"2011-03-11 00:00:00.000"
"1014","LU0810451434",75.17,"2011-03-14 00:00:00.000"
"1015","LU0810451434",74.29,"2011-03-15 00:00:00.000"
"1016","LU0810451434",72.37,"2011-03-16 00:00:00.000"
"1017","LU0810451434",71.42,"2011-03-17 00:00:00.000"
"1018","LU0810451434",71.98,"2011-03-18 00:00:00.000"
"1019","LU0810451434",72.29,"2011-03-21 00:00:00.000"
"1020","LU0810451434",73.51,"2011-03-22 00:00:00.000"
"1021","LU0810451434",73.48,"2011-03-23 00:00:00.000"
"1022","LU0810451434",73.75,"2011-03-24 00:00:00.000"
"1023","LU0810451434",74.43,"2011-03-25 00:00:00.000"
"1024","LU0810451434",74.83,"2011-03-28 00:00:00.000"
"1025","LU0810451434",74.84,"2011-03-29 00:00:00.000"
"1026","LU0810451434",74.87,"2011-03-30 00:00:00.000"
"1027","LU0810451434",75.44,"2011-03-31 00:00:00.000"
"1028","LU0810451434",75.02,"2011-04-01 00:00:00.000"
"1029","LU0810451434",75.85,"2011-04-04 00:00:00.000"
"1030","LU0810451434",75.69,"2011-04-05 00:00:00.000"
"1031","LU0810451434",75.86,"2011-04-06 00:00:00.000"
"1032","LU0810451434",75.99,"2011-04-07 00:00:00.000"
"1033","LU0810451434",76.15,"2011-04-08 00:00:00.000"
"1034","LU0810451434",76.24,"2011-04-11 00:00:00.000"
"1035","LU0810451434",75.94,"2011-04-12 00:00:00.000"
"1036","LU0810451434",74.94,"2011-04-13 00:00:00.000"
"1037","LU0810451434",75.35,"2011-04-14 00:00:00.000"
"1038","LU0810451434",75.15,"2011-04-15 00:00:00.000"
"1039","LU0810451434",75.5,"2011-04-18 00:00:00.000"
"1040","LU0810451434",74.18,"2011-04-19 00:00:00.000"
"1041","LU0810451434",74.67,"2011-04-20 00:00:00.000"
"1042","LU0810451434",75.9,"2011-04-25 00:00:00.000"
"1043","LU0810451434",76,"2011-04-26 00:00:00.000"
"1044","LU0810451434",76.23,"2011-04-27 00:00:00.000"
"1045","LU0810451434",76.51,"2011-04-28 00:00:00.000"
"1046","LU0810451434",76.84,"2011-04-29 00:00:00.000"
"1047","LU0810451434",76.84,"2011-05-02 00:00:00.000"
"1048","LU0810451434",76.88,"2011-05-03 00:00:00.000"
"1049","LU0810451434",76.63,"2011-05-04 00:00:00.000"
"1050","LU0810451434",75.9897,"2011-05-05 00:00:00.000"
"1051","LU0810451434",76.393,"2011-05-06 00:00:00.000"
"1052","LU0810451434",75.7643,"2011-05-09 00:00:00.000"
"1053","LU0810451434",76.3952,"2011-05-10 00:00:00.000"
"1054","LU0810451434",76.6383,"2011-05-11 00:00:00.000"
"1055","LU0810451434",76.4068,"2011-05-12 00:00:00.000"
"1056","LU0810451434",76.1688,"2011-05-13 00:00:00.000"
"1057","LU0810451434",75.8115,"2011-05-16 00:00:00.000"
"1058","LU0810451434",75.2306,"2011-05-17 00:00:00.000"
"1059","LU0810451434",75.5581,"2011-05-18 00:00:00.000"
"1060","LU0810451434",75.8917,"2011-05-19 00:00:00.000"
"1061","LU0810451434",75.3083,"2011-05-20 00:00:00.000"
"1062","LU0810451434",74.2425,"2011-05-23 00:00:00.000"
"1063","LU0810451434",74.2272,"2011-05-24 00:00:00.000"
"1064","LU0810451434",74.2479,"2011-05-25 00:00:00.000"
"1065","LU0810451434",74.257,"2011-05-26 00:00:00.000"
"1066","LU0810451434",74.3393,"2011-05-27 00:00:00.000"
"1067","LU0810451434",74.18,"2011-05-30 00:00:00.000"
"1068","LU0810451434",75,"2011-05-31 00:00:00.000"
"1069","LU0810451434",74.25,"2011-06-01 00:00:00.000"
"1070","LU0810451434",74.18,"2011-06-02 00:00:00.000"
"1071","LU0810451434",73.37,"2011-06-03 00:00:00.000"
"1072","LU0810451434",72.99,"2011-06-06 00:00:00.000"
"1073","LU0810451434",72.94,"2011-06-07 00:00:00.000"
"1074","LU0810451434",72.22,"2011-06-08 00:00:00.000"
"1075","LU0810451434",72.4,"2011-06-09 00:00:00.000"
"1076","LU0810451434",71.59,"2011-06-10 00:00:00.000"
"1077","LU0810451434",72.4,"2011-06-13 00:00:00.000"
"1078","LU0810451434",72.34,"2011-06-14 00:00:00.000"
"1079","LU0810451434",71.66,"2011-06-15 00:00:00.000"
"1080","LU0810451434",71.26,"2011-06-16 00:00:00.000"
"1081","LU0810451434",71.34,"2011-06-17 00:00:00.000"
"1082","LU0810451434",70.88,"2011-06-20 00:00:00.000"
"1083","LU0810451434",71.61,"2011-06-21 00:00:00.000"
"1084","LU0810451434",71,"2011-06-22 00:00:00.000"
"1085","LU0810451434",69.76,"2011-06-24 00:00:00.000"
"1086","LU0810451434",69.69,"2011-06-27 00:00:00.000"
"1087","LU0810451434",69.88,"2011-06-28 00:00:00.000"
"1088","LU0810451434",70.93,"2011-06-29 00:00:00.000"
"1089","LU0810451434",71.93,"2011-06-30 00:00:00.000"
"1090","LU0810451434",72.56,"2011-07-01 00:00:00.000"
"1091","LU0810451434",72.64,"2011-07-04 00:00:00.000"
"1092","LU0810451434",72.42,"2011-07-05 00:00:00.000"
"1093","LU0810451434",71.72,"2011-07-06 00:00:00.000"
"1094","LU0810451434",72.21,"2011-07-07 00:00:00.000"
"1095","LU0810451434",71.41,"2011-07-08 00:00:00.000"
"1096","LU0810451434",69.98,"2011-07-11 00:00:00.000"
"1097","LU0810451434",69.41,"2011-07-12 00:00:00.000"
"1098","LU0810451434",69.48,"2011-07-13 00:00:00.000"
"1099","LU0810451434",68.96,"2011-07-14 00:00:00.000"
"1100","LU0810451434",68.56,"2011-07-15 00:00:00.000"
"1101","LU0810451434",67.5,"2011-07-18 00:00:00.000"
"1102","LU0810451434",68.35,"2011-07-19 00:00:00.000"
"1103","LU0810451434",69,"2011-07-20 00:00:00.000"
"1104","LU0810451434",69.96,"2011-07-21 00:00:00.000"
"1105","LU0810451434",70.02,"2011-07-22 00:00:00.000"
"1106","LU0810451434",69.47,"2011-07-25 00:00:00.000"
"1107","LU0810451434",69.38,"2011-07-26 00:00:00.000"
"1108","LU0810451434",68.47,"2011-07-27 00:00:00.000"
"1109","LU0810451434",68.12,"2011-07-28 00:00:00.000"
"1110","LU0810451434",67.23,"2011-07-29 00:00:00.000"
"1111","LU0810451434",66.68,"2011-08-01 00:00:00.000"
"1112","LU0810451434",64.56,"2011-08-02 00:00:00.000"
"1113","LU0810451434",63.69,"2011-08-03 00:00:00.000"
"1114","LU0810451434",61.62,"2011-08-04 00:00:00.000"
"1115","LU0810451434",60.53,"2011-08-05 00:00:00.000"
"1116","LU0810451434",58.16,"2011-08-08 00:00:00.000"
"1117","LU0810451434",58.09,"2011-08-09 00:00:00.000"
"1118","LU0810451434",55.73,"2011-08-10 00:00:00.000"
"1119","LU0810451434",58.24,"2011-08-11 00:00:00.000"
"1120","LU0810451434",60.3,"2011-08-12 00:00:00.000"
"1121","LU0810451434",58.24,"2011-08-15 00:00:00.000"
"1122","LU0810451434",61.79,"2011-08-16 00:00:00.000"
"1123","LU0810451434",62.11,"2011-08-17 00:00:00.000"
"1124","LU0810451434",59.58,"2011-08-18 00:00:00.000"
"1125","LU0810451434",58.63,"2011-08-19 00:00:00.000"
"1126","LU0810451434",58.95,"2011-08-22 00:00:00.000"
"1127","LU0810451434",59.81,"2011-08-23 00:00:00.000"
"1128","LU0810451434",60.8,"2011-08-24 00:00:00.000"
"1129","LU0810451434",60.39,"2011-08-25 00:00:00.000"
"1130","LU0810451434",60.65,"2011-08-26 00:00:00.000"
"1131","LU0810451434",62.26,"2011-08-29 00:00:00.000"
"1132","LU0810451434",62.29,"2011-08-30 00:00:00.000"
"1133","LU0810451434",63.2,"2011-08-31 00:00:00.000"
"1134","LU0810451434",62.8,"2011-09-01 00:00:00.000"
"1135","LU0810451434",60.9,"2011-09-02 00:00:00.000"
"1136","LU0810451434",58.84,"2011-09-05 00:00:00.000"
"1137","LU0810451434",60.89,"2011-09-06 00:00:00.000"
"1138","LU0810451434",62.37,"2011-09-07 00:00:00.000"
"1139","LU0810451434",62.63,"2011-09-08 00:00:00.000"
"1140","LU0810451434",61.27,"2011-09-09 00:00:00.000"
"1141","LU0810451434",61.27,"2011-09-12 00:00:00.000"
"1142","LU0810451434",59.92,"2011-09-13 00:00:00.000"
"1143","LU0810451434",59.92,"2011-09-14 00:00:00.000"
"1144","LU0810451434",61.06,"2011-09-15 00:00:00.000"
"1145","LU0810451434",61.63,"2011-09-16 00:00:00.000"
"1146","LU0810451434",62.1,"2011-09-19 00:00:00.000"
"1147","LU0810451434",61.06,"2011-09-20 00:00:00.000"
"1148","LU0810451434",61.98,"2011-09-21 00:00:00.000"
"1149","LU0810451434",61.72,"2011-09-22 00:00:00.000"
"1150","LU0810451434",59.61,"2011-09-23 00:00:00.000"
"1151","LU0810451434",59.79,"2011-09-26 00:00:00.000"
"1152","LU0810451434",61.07,"2011-09-27 00:00:00.000"
"1153","LU0810451434",63.01,"2011-09-28 00:00:00.000"
"1154","LU0810451434",62.77,"2011-09-29 00:00:00.000"
"1155","LU0810451434",63.7,"2011-09-30 00:00:00.000"
"1156","LU0810451434",62.81,"2011-10-03 00:00:00.000"
"1157","LU0810451434",62.28,"2011-10-04 00:00:00.000"
"1158","LU0810451434",61.79,"2011-10-05 00:00:00.000"
"1159","LU0810451434",62.82,"2011-10-06 00:00:00.000"
"1160","LU0810451434",64.27,"2011-10-07 00:00:00.000"
"1161","LU0810451434",64.31,"2011-10-10 00:00:00.000"
"1162","LU0810451434",65.1,"2011-10-11 00:00:00.000"
"1163","LU0810451434",65.21,"2011-10-12 00:00:00.000"
"1164","LU0810451434",65.87,"2011-10-13 00:00:00.000"
"1165","LU0810451434",65.27,"2011-10-14 00:00:00.000"
"1166","LU0810451434",65.54,"2011-10-17 00:00:00.000"
"1167","LU0810451434",65.05,"2011-10-18 00:00:00.000"
"1168","LU0810451434",65.09,"2011-10-19 00:00:00.000"
"1169","LU0810451434",65.31,"2011-10-20 00:00:00.000"
"1170","LU0810451434",64.78,"2011-10-21 00:00:00.000"
"1171","LU0810451434",65.39,"2011-10-24 00:00:00.000"
"1172","LU0810451434",66.08,"2011-10-25 00:00:00.000"
"1173","LU0810451434",65.55,"2011-10-26 00:00:00.000"
"1174","LU0810451434",65.54,"2011-10-27 00:00:00.000"
"1175","LU0810451434",67.14,"2011-10-28 00:00:00.000"
"1176","LU0810451434",66.94,"2011-11-01 00:00:00.000"
"1177","LU0810451434",65.96,"2011-11-02 00:00:00.000"
"1178","LU0810451434",65.03,"2011-11-03 00:00:00.000"
"1179","LU0810451434",65.71,"2011-11-04 00:00:00.000"
"1180","LU0810451434",65.51,"2011-11-07 00:00:00.000"
"1181","LU0810451434",65.63,"2011-11-08 00:00:00.000"
"1182","LU0810451434",65.8,"2011-11-09 00:00:00.000"
"1183","LU0810451434",64.86,"2011-11-10 00:00:00.000"
"1184","LU0810451434",64.73,"2011-11-11 00:00:00.000"
"1185","LU0810451434",65.48,"2011-11-14 00:00:00.000"
"1186","LU0810451434",65.35,"2011-11-15 00:00:00.000"
"1187","LU0810451434",65.31,"2011-11-16 00:00:00.000"
"1188","LU0810451434",65.2,"2011-11-17 00:00:00.000"
"1189","LU0810451434",64.83,"2011-11-18 00:00:00.000"
"1190","LU0810451434",64.65,"2011-11-21 00:00:00.000"
"1191","LU0810451434",63.56,"2011-11-22 00:00:00.000"
"1192","LU0810451434",63.2,"2011-11-23 00:00:00.000"
"1193","LU0810451434",62.48,"2011-11-24 00:00:00.000"
"1194","LU0810451434",62.29,"2011-11-25 00:00:00.000"
"1195","LU0810451434",62.71,"2011-11-28 00:00:00.000"
"1196","LU0810451434",63.9,"2011-11-29 00:00:00.000"
"1197","LU0810451434",64.22,"2011-11-30 00:00:00.000"
"1198","LU0810451434",65.45,"2011-12-01 00:00:00.000"
"1199","LU0810451434",65.46,"2011-12-02 00:00:00.000"
"1200","LU0810451434",65.92,"2011-12-05 00:00:00.000"
"1201","LU0810451434",66.25,"2011-12-06 00:00:00.000"
"1202","LU0810451434",66.25,"2011-12-08 00:00:00.000"
"1203","LU0810451434",65.32,"2011-12-09 00:00:00.000"
"1204","LU0810451434",65.84,"2011-12-12 00:00:00.000"
"1205","LU0810451434",65.04,"2011-12-13 00:00:00.000"
"1206","LU0810451434",65.05,"2011-12-14 00:00:00.000"
"1207","LU0810451434",64.64,"2011-12-15 00:00:00.000"
"1208","LU0810451434",64.79,"2011-12-16 00:00:00.000"
"1209","LU0810451434",64.46,"2011-12-19 00:00:00.000"
"1210","LU0810451434",64.27,"2011-12-20 00:00:00.000"
"1211","LU0810451434",64.95,"2011-12-21 00:00:00.000"
"1212","LU0810451434",64.97,"2011-12-22 00:00:00.000"
"1213","LU0810451434",65.38,"2011-12-26 00:00:00.000"
"1214","LU0810451434",65.65,"2011-12-27 00:00:00.000"
"1215","LU0810451434",65.52,"2011-12-28 00:00:00.000"
"1216","LU0810451434",65.29,"2011-12-29 00:00:00.000"
"1217","LU0810451434",65.62,"2012-01-02 00:00:00.000"
"1218","LU0810451434",66.02,"2012-01-03 00:00:00.000"
"1219","LU0810451434",66.87,"2012-01-04 00:00:00.000"
"1220","LU0810451434",66.63,"2012-01-06 00:00:00.000"
"1221","LU0810451434",66.47,"2012-01-09 00:00:00.000"
"1222","LU0810451434",66.16,"2012-01-10 00:00:00.000"
"1223","LU0810451434",66.66,"2012-01-11 00:00:00.000"
"1224","LU0810451434",66.6,"2012-01-12 00:00:00.000"
"1225","LU0810451434",66.63,"2012-01-13 00:00:00.000"
"1226","LU0810451434",66.6,"2012-01-16 00:00:00.000"
"1227","LU0810451434",66.71,"2012-01-17 00:00:00.000"
"1228","LU0810451434",67.15,"2012-01-18 00:00:00.000"
"1229","LU0810451434",67.32,"2012-01-19 00:00:00.000"
"1230","LU0810451434",67.92,"2012-01-20 00:00:00.000"
"1231","LU0810451434",67.73,"2012-01-23 00:00:00.000"
"1232","LU0810451434",67.87,"2012-01-24 00:00:00.000"
"1233","LU0810451434",67.83,"2012-01-25 00:00:00.000"
"1234","LU0810451434",67.75,"2012-01-26 00:00:00.000"
"1235","LU0810451434",67.86,"2012-01-27 00:00:00.000"
"1236","LU0810451434",67.61,"2012-01-30 00:00:00.000"
"1237","LU0810451434",67.02,"2012-01-31 00:00:00.000"
"1238","LU0810451434",67.18,"2012-02-01 00:00:00.000"
"1239","LU0810451434",67.74,"2012-02-02 00:00:00.000"
"1240","LU0810451434",67.83,"2012-02-03 00:00:00.000"
"1241","LU0810451434",68.46,"2012-02-06 00:00:00.000"
"1242","LU0810451434",68.47,"2012-02-07 00:00:00.000"
"1243","LU0810451434",68.53,"2012-02-08 00:00:00.000"
"1244","LU0810451434",68.64,"2012-02-09 00:00:00.000"
"1245","LU0810451434",68.65,"2012-02-10 00:00:00.000"
"1246","LU0810451434",68.15,"2012-02-13 00:00:00.000"
"1247","LU0810451434",68.53,"2012-02-14 00:00:00.000"
"1248","LU0810451434",68.5,"2012-02-15 00:00:00.000"
"1249","LU0810451434",68.7,"2012-02-16 00:00:00.000"
"1250","LU0810451434",68.76,"2012-02-17 00:00:00.000"
"1251","LU0810451434",69.11,"2012-02-20 00:00:00.000"
"1252","LU0810451434",69.37,"2012-02-21 00:00:00.000"
"1253","LU0810451434",69.22,"2012-02-22 00:00:00.000"
"1254","LU0810451434",68.83,"2012-02-23 00:00:00.000"
"1255","LU0810451434",68.72,"2012-02-24 00:00:00.000"
"1256","LU0810451434",68.76,"2012-02-27 00:00:00.000"
"1257","LU0810451434",68.52,"2012-02-28 00:00:00.000"
"1258","LU0810451434",68.56,"2012-02-29 00:00:00.000"
"1259","LU0810451434",68.63,"2012-03-01 00:00:00.000"
"1260","LU0810451434",68.83,"2012-03-02 00:00:00.000"
"1261","LU0810451434",68.9,"2012-03-05 00:00:00.000"
"1262","LU0810451434",68.75,"2012-03-06 00:00:00.000"
"1263","LU0810451434",68.06,"2012-03-07 00:00:00.000"
"1264","LU0810451434",68.13,"2012-03-08 00:00:00.000"
"1265","LU0810451434",68.42,"2012-03-09 00:00:00.000"
"1266","LU0810451434",68.68,"2012-03-12 00:00:00.000"
"1267","LU0810451434",68.56,"2012-03-13 00:00:00.000"
"1268","LU0810451434",69.06,"2012-03-14 00:00:00.000"
"1269","LU0810451434",69.06,"2012-03-15 00:00:00.000"
"1270","LU0810451434",69.52,"2012-03-19 00:00:00.000"
"1271","LU0810451434",69.51,"2012-03-20 00:00:00.000"
"1272","LU0810451434",69.27,"2012-03-21 00:00:00.000"
"1273","LU0810451434",69.08,"2012-03-22 00:00:00.000"
"1274","LU0810451434",68.77,"2012-03-23 00:00:00.000"
"1275","LU0810451434",68.66,"2012-03-26 00:00:00.000"
"1276","LU0810451434",68.91,"2012-03-27 00:00:00.000"
"1277","LU0810451434",68.8,"2012-03-28 00:00:00.000"
"1278","LU0810451434",68.65,"2012-03-29 00:00:00.000"
"1279","LU0810451434",68.27,"2012-03-30 00:00:00.000"
"1280","LU0810451434",68.36,"2012-04-02 00:00:00.000"
"1281","LU0810451434",68.36,"2012-04-03 00:00:00.000"
"1282","LU0810451434",68.26,"2012-04-04 00:00:00.000"
"1283","LU0810451434",67.93,"2012-04-09 00:00:00.000"
"1284","LU0810451434",67.84,"2012-04-10 00:00:00.000"
"1285","LU0810451434",67.84,"2012-04-11 00:00:00.000"
"1286","LU0810451434",67.07,"2012-04-12 00:00:00.000"
"1287","LU0810451434",67.14,"2012-04-13 00:00:00.000"
"1288","LU0810451434",67.06,"2012-04-16 00:00:00.000"
"1289","LU0810451434",67.05,"2012-04-17 00:00:00.000"
"1290","LU0810451434",67.05,"2012-04-18 00:00:00.000"
"1291","LU0810451434",67.42,"2012-04-19 00:00:00.000"
"1292","LU0810451434",67.15,"2012-04-20 00:00:00.000"
"1293","LU0810451434",67.28,"2012-04-23 00:00:00.000"
"1294","LU0810451434",66.85,"2012-04-24 00:00:00.000"
"1295","LU0810451434",66.89,"2012-04-25 00:00:00.000"
"1296","LU0810451434",67.17,"2012-04-26 00:00:00.000"
"1297","LU0810451434",67.28,"2012-04-27 00:00:00.000"
"1298","LU0810451434",67.45,"2012-05-01 00:00:00.000"
"1299","LU0810451434",67.45,"2012-05-02 00:00:00.000"
"1300","LU0810451434",67.22,"2012-05-03 00:00:00.000"
"1301","LU0810451434",67.12,"2012-05-04 00:00:00.000"
"1302","LU0810451434",66.88,"2012-05-07 00:00:00.000"
"1303","LU0810451434",66.98,"2012-05-08 00:00:00.000"
"1304","LU0810451434",66.73,"2012-05-09 00:00:00.000"
"1305","LU0810451434",66.56,"2012-05-10 00:00:00.000"
"1306","LU0810451434",66.72,"2012-05-11 00:00:00.000"
"1307","LU0810451434",66.72,"2012-05-14 00:00:00.000"
"1308","LU0810451434",66.36,"2012-05-15 00:00:00.000"
"1309","LU0810451434",66.16,"2012-05-17 00:00:00.000"
"1310","LU0810451434",65.96,"2012-05-18 00:00:00.000"
"1311","LU0810451434",65.86,"2012-05-21 00:00:00.000"
"1312","LU0810451434",66,"2012-05-22 00:00:00.000"
"1313","LU0810451434",66,"2012-05-23 00:00:00.000"
"1314","LU0810451434",66,"2012-05-24 00:00:00.000"
"1315","LU0810451434",66,"2012-05-25 00:00:00.000"
"1316","LU0810451434",66.03,"2012-05-28 00:00:00.000"
"1317","LU0810451434",66.09,"2012-05-29 00:00:00.000"
"1318","LU0810451434",65.93,"2012-05-31 00:00:00.000"
"1319","LU0810451434",65.95,"2012-06-01 00:00:00.000"
"1320","LU0810451434",65.48,"2012-06-04 00:00:00.000"
"1321","LU0810451434",65.19,"2012-06-05 00:00:00.000"
"1322","LU0810451434",65.69,"2012-06-07 00:00:00.000"
"1323","LU0810451434",65.7,"2012-06-08 00:00:00.000"
"1324","LU0810451434",65.75,"2012-06-11 00:00:00.000"
"1325","LU0810451434",65.7,"2012-06-12 00:00:00.000"
"1326","LU0810451434",65.73,"2012-06-13 00:00:00.000"
"1327","LU0810451434",65.8,"2012-06-14 00:00:00.000"
"1328","LU0810451434",65.69,"2012-06-15 00:00:00.000"
"1329","LU0810451434",66.16,"2012-06-18 00:00:00.000"
"1330","LU0810451434",66.06,"2012-06-19 00:00:00.000"
"1331","LU0810451434",66.06,"2012-06-20 00:00:00.000"
"1332","LU0810451434",66.44,"2012-06-21 00:00:00.000"
"1333","LU0810451434",66.44,"2012-06-25 00:00:00.000"
"1334","LU0810451434",65.65,"2012-06-26 00:00:00.000"
"1335","LU0810451434",65.64,"2012-06-27 00:00:00.000"
"1336","LU0810451434",65.99,"2012-06-29 00:00:00.000"
"1337","LU0810451434",66.82,"2012-07-02 00:00:00.000"
"1338","LU0810451434",67.19,"2012-07-03 00:00:00.000"
"1339","LU0810451434",67.66,"2012-07-04 00:00:00.000"
"1340","LU0810451434",67.68,"2012-07-05 00:00:00.000"
"1341","LU0810451434",67.64,"2012-07-06 00:00:00.000"
"1342","LU0810451434",67.26,"2012-07-09 00:00:00.000"
"1343","LU0810451434",67.15,"2012-07-10 00:00:00.000"
"1344","LU0810451434",67.26,"2012-07-11 00:00:00.000"
"1345","LU0810451434",67.34,"2012-07-12 00:00:00.000"
"1346","LU0810451434",67.14,"2012-07-13 00:00:00.000"
"1347","LU0810451434",67.41,"2012-07-16 00:00:00.000"
"1348","LU0810451434",67.55,"2012-07-17 00:00:00.000"
"1349","LU0810451434",67.55,"2012-07-18 00:00:00.000"
"1350","LU0810451434",67.81,"2012-07-19 00:00:00.000"
"1351","LU0810451434",68.15,"2012-07-20 00:00:00.000"
"1352","LU0810451434",67.74,"2012-07-23 00:00:00.000"
"1353","LU0810451434",67.03,"2012-07-24 00:00:00.000"
"1354","LU0810451434",66.74,"2012-07-25 00:00:00.000"
"1355","LU0810451434",66.77,"2012-07-26 00:00:00.000"
"1356","LU0810451434",67.38,"2012-07-27 00:00:00.000"
"1357","LU0810451434",68.05,"2012-07-30 00:00:00.000"
"1358","LU0810451434",68.56,"2012-08-01 00:00:00.000"
"1359","LU0810451434",68.64,"2012-08-02 00:00:00.000"
"1360","LU0810451434",68.45,"2012-08-03 00:00:00.000"
"1361","LU0810451434",69.07,"2012-08-06 00:00:00.000"
"1362","LU0810451434",69.1,"2012-08-07 00:00:00.000"
"1363","LU0810451434",69.31,"2012-08-08 00:00:00.000"
"1364","LU0810451434",69.45,"2012-08-09 00:00:00.000"
"1365","LU0810451434",69.72,"2012-08-10 00:00:00.000"
"1366","LU0810451434",69.69,"2012-08-13 00:00:00.000"
"1367","LU0810451434",69.49,"2012-08-15 00:00:00.000"
"1368","LU0810451434",69.66,"2012-08-16 00:00:00.000"
"1369","LU0810451434",69.66,"2012-08-17 00:00:00.000"
"1370","LU0810451434",70.04,"2012-08-20 00:00:00.000"
"1371","LU0810451434",69.92,"2012-08-21 00:00:00.000"
"1372","LU0810451434",69.76,"2012-08-22 00:00:00.000"
"1373","LU0810451434",69.97,"2012-08-23 00:00:00.000"
"1374","LU0810451434",69.92,"2012-08-24 00:00:00.000"
"1375","LU0810451434",69.88,"2012-08-27 00:00:00.000"
"1376","LU0810451434",69.73,"2012-08-28 00:00:00.000"
"1377","LU0810451434",69.5,"2012-08-29 00:00:00.000"
"1378","LU0810451434",69.59,"2012-08-30 00:00:00.000"
"1379","LU0810451434",69.44,"2012-08-31 00:00:00.000"
"1380","LU0810451434",69.27,"2012-09-03 00:00:00.000"
"1381","LU0810451434",69.35,"2012-09-04 00:00:00.000"
"1382","LU0810451434",69.26,"2012-09-05 00:00:00.000"
"1383","LU0810451434",69.35,"2012-09-06 00:00:00.000"
"1384","LU0810451434",69.62,"2012-09-07 00:00:00.000"
"1385","LU0810451434",69.89,"2012-09-10 00:00:00.000"
"1386","LU0810451434",69.89,"2012-09-11 00:00:00.000"
"1387","LU0810451434",69.89,"2012-09-12 00:00:00.000"
"1388","LU0810451434",70.04,"2012-09-13 00:00:00.000"
"1389","LU0810451434",70.26,"2012-09-14 00:00:00.000"
"1390","LU0810451434",70.53,"2012-09-17 00:00:00.000"
"1391","LU0810451434",70.34,"2012-09-18 00:00:00.000"
"1392","LU0810451434",70.17,"2012-09-19 00:00:00.000"
"1393","LU0810451434",70.35,"2012-09-20 00:00:00.000"
"1394","LU0810451434",70.27,"2012-09-21 00:00:00.000"
"1395","LU0810451434",70.53,"2012-09-24 00:00:00.000"
"1396","LU0810451434",70.32,"2012-09-25 00:00:00.000"
"1397","LU0810451434",70.34,"2012-09-26 00:00:00.000"
"1398","LU0810451434",69.53,"2012-09-27 00:00:00.000"
"1399","LU0810451434",69.88,"2012-09-28 00:00:00.000"
"1400","LU0810451434",69.31,"2012-10-01 00:00:00.000"
"1401","LU0810451434",70.01,"2012-10-02 00:00:00.000"
"1402","LU0810451434",69.97,"2012-10-03 00:00:00.000"
"1403","LU0810451434",69.92,"2012-10-04 00:00:00.000"
"1404","LU0810451434",70.17,"2012-10-05 00:00:00.000"
"1405","LU0810451434",70.43,"2012-10-08 00:00:00.000"
"1406","LU0810451434",70.21,"2012-10-09 00:00:00.000"
"1407","LU0810451434",69.96,"2012-10-10 00:00:00.000"
"1408","LU0810451434",69.63,"2012-10-11 00:00:00.000"
"1409","LU0810451434",69.87,"2012-10-12 00:00:00.000"
"1410","LU0810451434",69.82,"2012-10-15 00:00:00.000"
"1411","LU0810451434",70.11,"2012-10-16 00:00:00.000"
"1412","LU0810451434",70.71,"2012-10-17 00:00:00.000"
"1413","LU0810451434",70.89,"2012-10-18 00:00:00.000"
"1414","LU0810451434",70.98,"2012-10-19 00:00:00.000"
"1415","LU0810451434",70.62,"2012-10-22 00:00:00.000"
"1416","LU0810451434",70.65,"2012-10-23 00:00:00.000"
"1417","LU0810451434",69.75,"2012-10-24 00:00:00.000"
"1418","LU0810451434",69.6,"2012-10-25 00:00:00.000"
"1419","LU0810451434",69.25,"2012-10-26 00:00:00.000"
"1420","LU0810451434",69.22,"2012-10-29 00:00:00.000"
"1421","LU0810451434",69.43,"2012-10-30 00:00:00.000"
"1422","LU0810451434",69.74,"2012-11-01 00:00:00.000"
"1423","LU0810451434",69.58,"2012-11-02 00:00:00.000"
"1424","LU0810451434",70.21,"2012-11-05 00:00:00.000"
"1425","LU0810451434",70.2,"2012-11-06 00:00:00.000"
"1426","LU0810451434",70.52,"2012-11-07 00:00:00.000"
"1427","LU0810451434",69.92,"2012-11-08 00:00:00.000"
"1428","LU0810451434",69.77,"2012-11-09 00:00:00.000"
"1429","LU0810451434",69.8,"2012-11-12 00:00:00.000"
"1430","LU0810451434",69.63,"2012-11-13 00:00:00.000"
"1431","LU0810451434",69.53,"2012-11-14 00:00:00.000"
"1432","LU0810451434",69.08,"2012-11-15 00:00:00.000"
"1433","LU0810451434",68.47,"2012-11-16 00:00:00.000"
"1434","LU0810451434",67.97,"2012-11-19 00:00:00.000"
"1435","LU0810451434",69.05,"2012-11-20 00:00:00.000"
"1436","LU0810451434",69,"2012-11-21 00:00:00.000"
"1437","LU0810451434",69.17,"2012-11-22 00:00:00.000"
"1438","LU0810451434",69.42,"2012-11-23 00:00:00.000"
"1439","LU0810451434",69.88,"2012-11-26 00:00:00.000"
"1440","LU0810451434",69.72,"2012-11-27 00:00:00.000"
"1441","LU0810451434",69.87,"2012-11-28 00:00:00.000"
"1442","LU0810451434",70.03,"2012-11-29 00:00:00.000"
"1443","LU0810451434",70.49,"2012-11-30 00:00:00.000"
"1444","LU0810451434",70.42,"2012-12-03 00:00:00.000"
"1445","LU0810451434",70.55,"2012-12-04 00:00:00.000"
"1446","LU0810451434",70.64,"2012-12-05 00:00:00.000"
"1447","LU0810451434",70.87,"2012-12-06 00:00:00.000"
"1448","LU0810451434",71.27,"2012-12-07 00:00:00.000"
"1449","LU0810451434",71.4,"2012-12-10 00:00:00.000"
"1450","LU0810451434",71.46,"2012-12-11 00:00:00.000"
"1451","LU0810451434",71.7,"2012-12-12 00:00:00.000"
"1452","LU0810451434",71.81,"2012-12-13 00:00:00.000"
"1453","LU0810451434",71.66,"2012-12-14 00:00:00.000"
"1454","LU0810451434",71.64,"2012-12-17 00:00:00.000"
"1455","LU0810451434",71.6,"2012-12-18 00:00:00.000"
"1456","LU0810451434",71.72,"2012-12-19 00:00:00.000"
"1457","LU0810451434",71.69,"2012-12-26 00:00:00.000"
"1458","LU0810451434",71.65,"2012-12-27 00:00:00.000"
"1459","LU0810451434",71.63,"2013-01-02 00:00:00.000"
"1460","LU0810451434",72.05,"2013-01-03 00:00:00.000"
"1461","LU0810451434",72.77,"2013-01-04 00:00:00.000"
"1462","LU0810451434",72.77,"2013-01-07 00:00:00.000"
"1463","LU0810451434",72.81,"2013-01-08 00:00:00.000"
"1464","LU0810451434",72.79,"2013-01-09 00:00:00.000"
"1465","LU0810451434",73.1,"2013-01-10 00:00:00.000"
"1466","LU0810451434",73.19,"2013-01-11 00:00:00.000"
