RatingRedditoFisso,ScadenzaRedditoFisso,Nome,Settore,Moneta,Valore percentuale,Valore EUR
AAA,2011-03-03,20110303 - 14.5% KFW 03-03-11,Government,TRY,0.000938917803411933,134363.255057771
AAA,2011-03-03,20110303 - 14.5% KFW 03-03-11 Pro-rata,Government,TRY,0.0000823685639254724,11787.3027044999
AAA,2011-03-07,20110307 - 4.25% UK 07-03-11,Government,GBP,0.00114719237790785,164168.260004265
AAA,2011-03-07,20110307 - 4.25% UK 07-03-11 Pro-rata,Government,GBP,0.0000292158990856723,4180.92327818822
AAA,2011-04-29,20110429 - 2.25% IKB 29-04-11,Banking,EUR,0.000203307885702622,29094.25
AAA,2011-04-29,20110429 - 2.25% IKB 29-04-11 Pro-rata,Banking,EUR,0.00000211116119210636,302.116424560547
AAA,2011-05-11,20110511 - 2% HSH Nordbank 11-05-11,Banking,EUR,0.00030925117998734,44255.2
AAA,2011-05-11,20110511 - 2% HSH Nordbank 11-05-11 Pro-rata,Banking,EUR,0.00000264506596124342,378.520538330078
AAA,2011-07-04,20110704 - 2.25% Berlin 04-07-11,Government,EUR,0.00211217845960098,302262
AAA,2011-07-04,20110704 - 2.25% Berlin 04-07-11 Pro-rata,Government,EUR,0.0000133105262595799,1904.79467773437
AAA,2011-07-04,20110704 - 5.25% Bk Ned Gemeenten 04-07-11,Government,EUR,0.0017320817916695,247868.5
AAA,2011-07-04,20110704 - 5.25% Bk Ned Gemeenten 04-07-11 Pro-rata,Government,EUR,0.0000249498391697843,3570.43139648437
AAA,2011-10-14,20111014 - 3.5% Germany 14-10-11,Government,EUR,0.00169474471083402,242525.4
AAA,2011-10-14,20111014 - 3.5% Germany 14-10-11 Pro-rata,Government,EUR,0.000000158137267773421,22.6301364898682
AAA,2011-11-07,20111107 - 4% Yorkshire 07-11-11,Financial,EUR,0.00214186308451707,306510
AAA,2011-11-07,20111107 - 4% Yorkshire 07-11-11 Pro-rata,Financial,EUR,0.0000785708692143734,11243.8359375
AAA,2011-11-21,20111121 - 5% Bank Of Scotland 21-11-11,Financial,USD,0.00221158887204744,316488.065960623
AAA,2011-11-21,20111121 - 5% Bank Of Scotland 21-11-11 Pro-rata,Financial,USD,0.0000424171708710838,6070.08316156088
AAA,2011-11-24,20111124 - 3.5% Societe De Fin 24-11-11,Financial,EUR,0.000257702794610467,36878.4
AAA,2011-11-24,20111124 - 3.5% Societe De Fin 24-11-11 Pro-rata,Financial,EUR,0.00000783985651255783,1121.91784667969
AAA,2012-02-02,20120202 - 3.125% Swedbank 02-02-12,Banking,EUR,0.000716260370503407,102500
AAA,2012-02-02,20120202 - 3.125% Swedbank 02-02-12 Pro-rata,Banking,EUR,0.0000152561309317219,2183.21923828125
AAA,2012-03-07,20120307 - 5% UK 07-03-12,Government,GBP,0.00278583646258714,398665.414386239
AAA,2012-03-07,20120307 - 5% UK 07-03-12 Pro-rata,Government,GBP,0.0000798777660778181,11430.8586097287
AAA,2012-04-13,20120413 - 4% Germany 13-04-12,Government,EUR,0.00204398767716664,292503.6
AAA,2012-04-13,20120413 - 4% Germany 13-04-12 Pro-rata,Government,EUR,0.0000395266606727062,5656.4384765625
AAA,2012-05-31,20120531 - 5.125% Dexia 31-05-12,Banking,USD,0.00287930139976197,412040.656763096
AAA,2012-05-31,20120531 - 5.125% Dexia 31-05-12 Pro-rata,Banking,USD,0.0000525014931467509,7513.19390148554
AAA,2012-07-15,20120715 - 5% Republic of Austria 15-07-12,Government,EUR,0.0017117905546475,244964.735
AAA,2012-07-15,20120715 - 5% Republic of Austria 15-07-12 Pro-rata,Government,EUR,0.0000201672879465106,2886.02734375
AAA,2012-10-01,20121001 - 2.25% BNP 01-10-12,Financial,EUR,0.00212404392408015,303960
AAA,2012-10-01,20121001 - 2.25% BNP 01-10-12 Pro-rata,Financial,EUR,0.00000180919783718978,258.904144287109
AAA,2012-10-25,20121025 - 4.75% France 25-10-12,Government,EUR,0.00437112977988874,625527.84
AAA,2012-10-25,20121025 - 4.75% France 25-10-12 Pro-rata,Government,EUR,0.000187565197927467,26841.40234375
AAA,2012-11-23,20121123 - 3.25% Muenchner Hypobk 23-11-12,Banking,EUR,0.000594324205028907,85050.4
AAA,2012-11-23,20121123 - 3.25% Muenchner Hypobk 23-11-12 Pro-rata,Banking,EUR,0.0000166329394998553,2380.24658203125
AAA,2012-12-14,20121214 - 6% IBRD 14-12-12,Supranational organization,MXN,0.00102955164041343,147333.354584741
AAA,2012-12-14,20121214 - 6% IBRD 14-12-12 Pro-rata,Supranational organization,MXN,0.0000501248958302707,7173.09240352326
AAA,2013-01-17,20130117 - 4.5% New York Life Glob 17-01-13,Financial,GBP,0.00225617615778089,322868.702075485
AAA,2013-01-17,20130117 - 4.5% New York Life Glob 17-01-13 Pro-rata,Financial,GBP,0.0000712698077741954,10199.0220284291
AAA,2013-01-18,20130118 - 3.375% KFW 18-01-13,Supranational organization,NOK,0.000439591428199622,62907.4610937824
AAA,2013-01-18,20130118 - 3.375% KFW 18-01-13 Pro-rata,Supranational organization,NOK,0.0000108174625807332,1548.02633258331
AAA,2013-02-08,20130208 - 5% EIB 08-02-13,Supranational organization,NZD,0.00123531254860613,176778.642860189
AAA,2013-02-08,20130208 - 5% EIB 08-02-13 Pro-rata,Supranational organization,NZD,0.0000413138371443444,5912.19126686998
AAA,2013-03-07,20130307 - 2.875% EIB 07-03-13,Supranational organization,GBP,0.0021441370982279,306835.421334139
AAA,2013-03-07,20130307 - 2.875% EIB 07-03-13 Pro-rata,Supranational organization,GBP,0.0000360478691778038,5158.60815827073
AAA,2013-05-29,20130529 - 4% Rabobank 29-05-13,Banking,NOK,0.00133305495579908,190766.009954414
AAA,2013-05-29,20130529 - 4% Rabobank 29-05-13 Pro-rata,Banking,NOK,0.0000197490420248358,2826.1745182453
AAA,2014-01-04,20140104 - 4.25% Germany 04-01-14,Government,EUR,0.0015541948600043,222412.1
AAA,2014-01-04,20140104 - 4.25% Germany 04-01-14 Pro-rata,Government,EUR,0.0000466780625732606,6679.83544921875
AAA,2014-01-22,20140122 - 4.375% Rabobank 22-01-14,Banking,EUR,0.000750144726957759,107349
AAA,2014-01-22,20140122 - 4.375% Rabobank 22-01-14 Pro-rata,Banking,EUR,0.0000222799335994947,3188.35620117187
AAA,2014-01-23,20140123 - 5.375% CCD 23-01-14,Financial,EUR,0.000763848010729048,109310
AAA,2014-01-23,20140123 - 5.375% CCD 23-01-14 Pro-rata,Financial,EUR,0.0000272695851351648,3902.39721679687
AAA,2015-01-04,20150104 - 3.75% Germany 04-01-15,Government,EUR,0.00149999596186126,214656
AAA,2015-01-04,20150104 - 3.75% Germany 04-01-15 Pro-rata,Government,EUR,0.0000397592746899447,5689.7265625
AAA,2015-04-16,20150416 - 2.625% CFF 16-04-15,Financial,EUR,0.00356522966859354,510200
AAA,2015-04-16,20150416 - 2.625% CFF 16-04-15 Pro-rata,Financial,EUR,0.000045732494475053,6544.5205078125
AAA,2015-04-25,20150425 - 3.5% France 25-04-15,Government,EUR,0.00797971353570436,1141932
AAA,2015-04-25,20150425 - 3.5% France 25-04-15 Pro-rata,Government,EUR,0.000122298401054558,17501.4375
AAA,2015-10-06,20151006 - 3.125% Asfinag 06-10-15,Transportation,EUR,0.0292815624949057,4190320
AAA,2015-10-06,20151006 - 3.125% Asfinag 06-10-15 Pro-rata,Transportation,EUR,0.0000215380673984346,3082.19189453125
AAA,2021-04-25,20210425 - 3.375% Cse D Amort Dette 25-04-21,Financial,EUR,0.00361728956869355,517650
AAA,2021-04-25,20210425 - 3.375% Cse D Amort Dette 25-04-21 Pro-rata,Financial,EUR,0.00005589128232283,7998.28759765625
AA+,2010-11-04,20101104 - 1.023% GECC 04-11-10,Financial,EUR,0.00216408462576781,309690
AA+,2010-11-04,20101104 - 1.023% GECC 04-11-10 Pro-rata,Financial,EUR,0.00000443214921524371,634.25998878479
AA+,2012-06-22,20120622 - 2.875% DEPFA 22-06-12,Banking,EUR,0.00037665512420004,53901
AA+,2012-06-22,20120622 - 2.875% DEPFA 22-06-12 Pro-rata,Banking,EUR,0.00000335479308315488,480.085601806641
AA+,2012-12-01,20121201 - 4.25% Gen Elec Cap Corp 01-12-12,Financial,USD,0.00182638642417545,261363.906461014
AA+,2012-12-01,20121201 - 4.25% Gen Elec Cap Corp 01-12-12 Pro-rata,Financial,USD,0.0000287578311095433,4115.37174206145
AA,2011-01-10,20110110 - 4.25% BP 10-01-11,Financial,EUR,0.0140806306981889,2015000
AA,2011-01-10,20110110 - 4.25% BP 10-01-11 Pro-rata,Financial,EUR,0.000452395127160444,64739.7265625
AA,2011-03-01,20110301 - 3.375% Anz Banking Group 01-03-11,Banking,EUR,0.000183133591288432,26207.22
AA,2011-03-01,20110301 - 3.375% Anz Banking Group 01-03-11 Pro-rata,Banking,EUR,0.00000383033002774356,548.137023925781
AA,2011-12-09,20111209 - 3.375% ICO 09-12-11,Government,EUR,0.0283499348598275,4057000
AA,2011-12-09,20111209 - 3.375% ICO 09-12-11 Pro-rata,Government,EUR,0.000801216056723229,114657.53125
AA,2012-02-05,20120205 - 4.25% Slovenia 05-02-12,Government,EUR,0.00259696444207585,371637
AA,2012-02-05,20120205 - 4.25% Slovenia 05-02-12 Pro-rata,Government,EUR,0.0000732001379543318,10475.2607421875
AA,2012-05-02,20120502 - 4.25% Toyota 02-05-12,Financial,EUR,0.00103286702040286,147807.8
AA,2012-05-02,20120502 - 4.25% Toyota 02-05-12 Pro-rata,Financial,EUR,0.0000191795996303929,2744.68481445312
AA,2012-11-16,20121116 - 2.625% ANZ 16-11-12,Banking,EUR,0.00213190531839056,305085
AA,2012-11-16,20121116 - 2.625% ANZ 16-11-12 Pro-rata,Banking,EUR,0.0000502052286262426,7184.58837890625
AA,2013-06-11,20130611 - 4.75% Eksportfinans 11-06-13,Financial,EUR,0.0010999349860925,157405.52
AA,2013-06-11,20130611 - 4.75% Eksportfinans 11-06-13 Pro-rata,Financial,EUR,0.0000167290470925381,2394
AA,2014-05-14,20140514 - 7.25% Kookmin Bank 14-05-14,Banking,USD,0.00348003085706232,498007.676451774
AA,2014-05-14,20140514 - 7.25% Kookmin Bank 14-05-14 Pro-rata,Banking,USD,0.0000906249013818105,12968.8208006077
AA-,2010-11-12,20101112 - 6.875% Rabo 12-11-10,Banking,CHF,0.00228087045894257,326402.564862412
AA-,2010-11-12,20101112 - 6.875% Rabo 12-11-10 Pro-rata,Banking,CHF,0.000132464936756511,18956.3133417525
AA-,2010-12-23,20101223 - 0.939% Royal Bank Of Canada 23-12-10,Banking,EUR,0.000195289612901313,27946.8
AA-,2010-12-23,20101223 - 0.939% Royal Bank Of Canada 23-12-10 Pro-rata,Banking,EUR,0.000000112277015084752,16.0673332214355
AA-,2011-10-15,20111015 - 5.3% Wells Fargo 15-10-11,Financial,USD,0.00181675871976408,259986.139739854
AA-,2011-10-15,20111015 - 5.3% Wells Fargo 15-10-11 Pro-rata,Financial,USD,0,0
AA-,2011-11-16,20111116 - 1.625% NRW 16-11-11,Government,EUR,0.00210750355045106,301593
AA-,2011-11-16,20111116 - 1.625% NRW 16-11-11 Pro-rata,Government,EUR,0.0000310794287071298,4447.6025390625
AA-,2012-01-23,20120123 - 4.25% Aegon 23-01-12,Financial,EUR,0.00142972557858534,204600
AA-,2012-01-23,20120123 - 4.25% Aegon 23-01-12 Pro-rata,Financial,EUR,0.0000431239958116228,6171.23291015625
AA-,2012-08-06,20120806 - 3% Nordea 06-08-12,Banking,EUR,0.00142902678797997,204500
AA-,2012-08-06,20120806 - 3% Nordea 06-08-12 Pro-rata,Banking,EUR,0.00000804087823382407,1150.68493652344
AA-,2013-03-04,20130304 - 4.625% Roche 04-03-13,Financial,EUR,0.000372191599208245,53262.25
AA-,2013-03-04,20130304 - 4.625% Roche 04-03-13 Pro-rata,Financial,EUR,0.00000996135561731571,1425.513671875
AA-,2014-03-01,20140301 - 5% Roche 01-03-14,Financial,USD,0.000813968422942585,116482.450778307
AA-,2014-03-01,20140301 - 5% Roche 01-03-14 Pro-rata,Financial,USD,0.00000443156238204191,634.176010380202
A+,2010-10-29,20101029 - 1.046% JP Morgan 29-10-10,Banking,EUR,0.00204291433479679,292350
A+,2010-10-29,20101029 - 1.046% JP Morgan 29-10-10 Pro-rata,Banking,EUR,0.0000213798448957155,3059.54956054688
A+,2010-11-01,20101101 - 7.125% Unilever 01-11-10,Food,USD,0.000298310923011393,42689.6012509773
A+,2010-11-01,20101101 - 7.125% Unilever 01-11-10 Pro-rata,Food,USD,0.00000967300237370441,1384.24905821309
A+,2010-11-26,20101126 - 2.5% Credit Suisse 26-11-10,Financial,CHF,0.000520590456119838,74498.777190172
A+,2010-11-26,20101126 - 2.5% Credit Suisse 26-11-10 Pro-rata,Financial,CHF,0.0000115359857658229,1650.85015127362
A+,2010-12-06,20101206 - 0.934% CS 06-12-10,Banking,EUR,0.00204815526433706,293100
A+,2010-12-06,20101206 - 0.934% CS 06-12-10 Pro-rata,Banking,EUR,0.00000212117879729655,303.549987792969
A+,2010-12-17,20101217 - 1.776% Credit Suisse 17-12-10,Financial,EUR,0.00459805266518827,658001.5
A+,2010-12-17,20101217 - 1.776% Credit Suisse 17-12-10 Pro-rata,Financial,EUR,0.00000627420771637102,897.866638183594
A+,2011-03-02,20110302 - 5.25% Credit Suisse USA 02-03-11,Banking,USD,0.000272296482049921,38966.8206695572
A+,2011-03-02,20110302 - 5.25% Credit Suisse USA 02-03-11 Pro-rata,Banking,USD,0.00000168191036138416,240.688748311891
A+,2011-04-08,20110408 - 3.75% EDF 08-04-11,Energy,EUR,0.000226296349642754,32384
A+,2011-04-08,20110408 - 3.75% EDF 08-04-11 Pro-rata,Energy,EUR,0.0000043650481475181,624.657531738281
A+,2011-11-11,20111111 - 4% IBM 11-11-11,Technology,EUR,0.000718164574903038,102772.5
A+,2011-11-11,20111111 - 4% IBM 11-11-11 Pro-rata,Technology,EUR,0.0000258839700311307,3704.10961914062
A+,2012-03-30,20120330 - 5.125% Credit Suisse Intl 30-03-12,Financial,EUR,0.000732262675366361,104790
A+,2012-03-30,20120330 - 5.125% Credit Suisse Intl 30-03-12 Pro-rata,Financial,EUR,0.0000195254532111616,2794.17797851562
A+,2012-04-04,20120404 - 4.75% BHP 04-04-12,Financial,EUR,0.000727161503947166,104060
A+,2012-04-04,20120404 - 4.75% BHP 04-04-12 Pro-rata,Financial,EUR,0.0000176420692230245,2524.65747070312
A+,2012-05-18,20120518 - 6% Swiss Re 18-05-12,Financial,EUR,0.000742472006110805,106251
A+,2012-05-18,20120518 - 6% Swiss Re 18-05-12 Pro-rata,Financial,EUR,0.000017230453236335,2465.75341796875
A+,2012-06-18,20120618 - 3% Glaxo 18-06-12,Financial,EUR,0.000357312600243422,51133
A+,2012-06-18,20120618 - 3% Glaxo 18-06-12 Pro-rata,Financial,EUR,0.00000341737331335142,489.041107177734
A+,2012-07-06,20120706 - 4.625% UBS AG 06-07-12,Financial,EUR,0.000729656186408334,104417
A+,2012-07-06,20120706 - 4.625% UBS AG 06-07-12 Pro-rata,Financial,EUR,0.00000894308412300668,1279.79455566406
A+,2012-10-08,20121008 - 3.75% BASF 08-10-12,Chemical,EUR,0.00072775547596173,104145
A+,2012-10-08,20121008 - 3.75% BASF 08-10-12 Pro-rata,Chemical,EUR,0.000000502554942927497,71.9178161621094
A+,2012-10-09,20121009 - 2.25% Royal Bank of Scotland 09-10-12,Banking,CHF,0.000395637290224114,56617.4311995931
A+,2012-10-09,20121009 - 2.25% Royal Bank of Scotland 09-10-12 Pro-rata,Banking,CHF,0.000000146460013717295,20.9590702267553
A+,2013-02-20,20130220 - 4.125% Siemens 20-02-13,Financial,EUR,0.00232272950943298,332392.77855
A+,2013-02-20,20130220 - 4.125% Siemens 20-02-13 Pro-rata,Financial,EUR,0.0000589572243978555,8437.03735351563
A+,2013-03-18,20130318 - 3% Schlumberger 18-03-13,Energy,USD,0.000591268640118636,84613.1352619234
A+,2013-03-18,20130318 - 3% Schlumberger 18-03-13 Pro-rata,Energy,USD,0.00000976737312856982,1397.75392707371
A+,2013-05-21,20130521 - 4.875% Unilever 21-05-13,Food,EUR,0.000754693853798712,108000
A+,2013-05-21,20130521 - 4.875% Unilever 21-05-13 Pro-rata,Food,EUR,0.0000137197486837222,1963.35620117188
A+,2013-05-21,20130521 - 5.2% Corp Andina De Fom 21-05-13,Financial,USD,0.00305999060066186,437898.073779231
A+,2013-05-21,20130521 - 5.2% Corp Andina De Fom 21-05-13 Pro-rata,Financial,USD,0.0000588873510360151,8427.0381690241
A+,2013-09-03,20130903 - 6.25% UBS 03-09-13,Financial,EUR,0.00286781288555452,410396.6
A+,2013-09-03,20130903 - 6.25% UBS 03-09-13 Pro-rata,Financial,EUR,0.0000185945313955396,2660.958984375
A+,2014-05-19,20140519 - 5.625% UBS AG 19-05-14,Financial,EUR,0.00287811557472384,411870.96
A+,2014-05-19,20140519 - 5.625% UBS AG 19-05-14 Pro-rata,Financial,EUR,0.0000596905979728571,8541.986328125
A+,2014-05-21,20140521 - 5.75% Royal Bank of Scotland 21-05-14,Banking,EUR,0.00360411764529858,515765.04
A+,2014-05-21,20140521 - 5.75% Royal Bank of Scotland 21-05-14 Pro-rata,Banking,EUR,0.0000770275928920664,11022.986328125
A+,2014-09-11,20140911 - 4.5% Nat Bank Abu Dhabi 11-09-14,Banking,USD,0.00317324146675855,454104.769351055
A+,2014-09-11,20140911 - 4.5% Nat Bank Abu Dhabi 11-09-14 Pro-rata,Banking,USD,0.0000126655498919225,1812.49573113983
A+,2015-07-15,20150715 - 3.5% UBS AG 15-07-15,Financial,EUR,0.00570206844865801,815991
A+,2015-07-15,20150715 - 3.5% UBS AG 15-07-15 Pro-rata,Financial,EUR,0.0000487009180691373,6969.31494140625
A+,2016-06-20,20160620 - 3.375% Quebec 20-06-16,Government,EUR,0.0296930104033471,4249200
A+,2016-06-20,20160620 - 3.375% Quebec 20-06-16 Pro-rata,Government,EUR,0.000302394455491902,43273.97265625
A+,2020-12-10,20201210 - 7.25% Allianz Finance 10-12-20,Financial,USD,0.00050538022671344,72322.1266614543
A+,2020-12-10,20201210 - 7.25% Allianz Finance 10-12-20 Pro-rata,Financial,USD,0.00000350096171425557,501.002973903174
A,2010-10-21,20101021 - 4.25% Bank of America 21-10-10,Banking,EUR,0.0139793060604104,2000500
A,2010-10-21,20101021 - 4.25% Bank of America 21-10-10 Pro-rata,Banking,EUR,0.000584208108237264,83602.7421875
A,2010-11-25,20101125 - 4.75% E.ON 25-11-10,Financial,EUR,0.000174610302516623,24987.5
A,2010-11-25,20101125 - 4.75% E.ON 25-11-10 Pro-rata,Financial,EUR,0.00000736601898884751,1054.10961914063
A,2011-01-14,20110114 - 4.375% Morgan Stanley 14-01-11,Banking,EUR,0.00211913492007743,303257.5
A,2011-01-14,20110114 - 4.375% Morgan Stanley 14-01-11 Pro-rata,Banking,EUR,0.0000690795185204385,9885.58203125
A,2011-01-15,20110115 - 5% Oracle 15-01-11,Technology,USD,0.000451856114682881,64662.5915132561
A,2011-01-15,20110115 - 5% Oracle 15-01-11 Pro-rata,Technology,USD,0.0000167632261931976,2398.89117918829
A,2011-09-21,20110921 - 4.125% Syngenta 21-09-11,Financial,EUR,0.000713073885342924,102044
A,2011-09-21,20110921 - 4.125% Syngenta 21-09-11 Pro-rata,Financial,EUR,0.00000189534988158733,271.232879638672
A,2011-10-27,20111027 - 1.625% BP Capital Markets 27-10-11,Financial,CHF,0.000521423650808036,74618.0110038204
A,2011-10-27,20111027 - 1.625% BP Capital Markets 27-10-11 Pro-rata,Financial,CHF,0.0000081800626455049,1170.60283619344
A,2011-12-21,20111221 - 2.5% Merril Lynch 21-12-11,Financial,CHF,0.000789712340407857,113011.298998595
A,2011-12-21,20111221 - 2.5% Merril Lynch 21-12-11 Pro-rata,Financial,CHF,0.0000159478670787937,2282.20971436333
A,2012-02-10,20120210 - 4.375% Morgan Stanley 10-02-12,Banking,EUR,0.00286392341704504,409840
A,2012-02-10,20120210 - 4.375% Morgan Stanley 10-02-12 Pro-rata,Banking,EUR,0.0000827540385963997,11842.4658203125
A,2012-04-14,20120414 - 4.875% Zurich 14-04-12,Financial,EUR,0.0153085455499436,2190720
A,2012-04-14,20120414 - 4.875% Zurich 14-04-12 Pro-rata,Financial,EUR,0.000360633377399247,51608.2177734375
A,2012-05-15,20120515 - 7% HSBC 15-05-12,Financial,USD,0.00295911298224848,423462.044210676
A,2012-05-15,20120515 - 7% HSBC 15-05-12 Pro-rata,Financial,USD,0.0000798219285401682,11422.8680132294
A,2012-06-04,20120604 - 5.125% Caterpillar 04-06-12,Financial,EUR,0.000737224088664482,105500
A,2012-06-04,20120604 - 5.125% Caterpillar 04-06-12 Pro-rata,Financial,EUR,0.0000130496748578083,1867.46569824219
A,2012-10-04,20121004 - 3.125% Goldman Sachs 04-10-12,Banking,EUR,0.0143039641756649,2046960
A,2012-10-04,20121004 - 3.125% Goldman Sachs 04-10-12 Pro-rata,Banking,EUR,0.0000131621518251457,1883.56164550781
A,2012-10-26,20121026 - 6.125% RWE Finance 26-10-12,Financial,EUR,0.00106981333753182,153094.98
A,2012-10-26,20121026 - 6.125% RWE Finance 26-10-12 Pro-rata,Financial,EUR,0.000058530559505087,8375.97973632813
A,2012-11-08,20121108 - 4.5% BP Capital 08-11-12,Financial,EUR,0.00222242490643357,318038.75
A,2012-11-08,20121108 - 4.5% BP Capital 08-11-12 Pro-rata,Financial,EUR,0.000089602671042035,12822.53515625
A,2013-06-06,20130606 - 4.625% ABB 06-06-13,Financial,EUR,0.000744211994718174,106500
A,2013-06-06,20130606 - 4.625% ABB 06-06-13 Pro-rata,Financial,EUR,0.0000115994455072221,1659.93151855469
A,2013-11-19,20131119 - 5% Fortum 19-11-13,Financial,EUR,0.000745749334049986,106720
A,2013-11-19,20131119 - 5% Fortum 19-11-13 Pro-rata,Financial,EUR,0.0000315891636979369,4520.5478515625
A,2014-01-21,20140121 - 8.125% Exp-Imp Bank Korea 21-01-14,Government,USD,0.00296416752954789,424185.372094676
A,2014-01-21,20140121 - 8.125% Exp-Imp Bank Korea 21-01-14 Pro-rata,Government,USD,0.0000474585559336306,6791.52747174639
A,2014-01-23,20140123 - 8% Korea Development Bank 23-01-14,Government,USD,0.00298491717510187,427154.73736584
A,2014-01-23,20140123 - 8% Korea Development Bank 23-01-14 Pro-rata,Government,USD,0.0000459778721931524,6579.63513531523
A,2014-01-24,20140124 - 7.5% John Deere Capital Corp 24-01-14,Financial,EUR,0.0170291427180139,2436945
A,2014-01-24,20140124 - 7.5% John Deere Capital Corp 24-01-14 Pro-rata,Financial,EUR,0.000796046927235249,113917.806152344
A,2014-01-28,20140128 - 4.875% E.ON International 28-01-14,Financial,EUR,0.0042754016836739,611828.72964
A,2014-01-28,20140128 - 4.875% E.ON International 28-01-14 Pro-rata,Financial,EUR,0.000136376167325437,19516.0275878906
A,2014-02-01,20140201 - 4.75% Conocophillips 01-02-14,Machinery,USD,0.000537513170732201,76920.4918615396
A,2014-02-01,20140201 - 4.75% Conocophillips 01-02-14 Pro-rata,Machinery,USD,0.00000475261593668099,680.120181949232
A,2014-06-10,20140610 - 6.5% Qtel International 10-06-14,Financial,USD,0.00315131268345693,450966.664297391
A,2014-06-10,20140610 - 6.5% Qtel International 10-06-14 Pro-rata,Financial,USD,0.0000626637673344987,8967.45990186758
A,2014-09-22,20140922 - 4.785% South Korea 22-09-14,Government,USD,0.00305389723002665,437026.085720378
A,2014-09-22,20140922 - 4.785% South Korea 22-09-14 Pro-rata,Government,USD,0.0000085031361792496,1216.8360756306
A,2014-11-15,20141115 - 5.125% Bank of America 15-11-14,Banking,USD,0.00314630085963599,450249.450330514
A,2014-11-15,20141115 - 5.125% Bank of America 15-11-14 Pro-rata,Banking,USD,0.0000614108374383208,8788.16013931338
A,2014-11-15,20141115 - 5.5% Goldman Sachs 15-11-14,Banking,USD,0.00307902021503637,440621.295045845
A,2014-11-15,20141115 - 5.5% Goldman Sachs 15-11-14 Pro-rata,Banking,USD,0.0000635140014653377,9089.13213448006
A,2016-06-10,20160610 - 4.25% McDonald 10-06-16,Leisure,EUR,0.0153719957369112,2199800
A,2016-06-10,20160610 - 4.25% McDonald 10-06-16 Pro-rata,Leisure,EUR,0.000206669709982386,29575.341796875
A,2021-01-16,20210116 - 5.868% BNP FRN 16-01-21,Banking,EUR,0.000684814793261794,98000
A,2021-01-16,20210116 - 5.868% BNP FRN 16-01-21 Pro-rata,Banking,EUR,0.0000305571748553309,4372.86572265625
A-,2010-10-30,20101030 - 4% Nomura 30-10-10,Banking,EUR,0.0035865427820573,513250
A-,2010-10-30,20101030 - 4% Nomura 30-10-10 Pro-rata,Banking,EUR,0.0000298927096087997,4277.77783203125
A-,2010-11-19,20101119 - 4.625% Reuters 19-11-10,Financial,EUR,0.000699559275035084,100110
A-,2010-11-19,20101119 - 4.625% Reuters 19-11-10 Pro-rata,Financial,EUR,0.0000292199769324012,4181.5068359375
A-,2010-12-16,20101216 - 1.397% BMW 16-12-10,Financial,EUR,0.00349395302684589,500000
A-,2010-12-16,20101216 - 1.397% BMW 16-12-10 Pro-rata,Financial,EUR,0.00000393195876568178,562.680541992188
A-,2011-02-04,20110204 - 5.25% BMW 04-02-11,Financial,EUR,0.000127091702802793,18187.38
A-,2011-02-04,20110204 - 5.25% BMW 04-02-11 Pro-rata,Financial,EUR,0.00000457726996723221,655.027404785156
A-,2011-03-01,20110301 - 7.75% France Telecom 01-03-11,Telecommunications,USD,0.00140248476482998,200701.720093823
A-,2011-03-01,20110301 - 7.75% France Telecom 01-03-11 Pro-rata,Telecommunications,USD,0.0000129380372007965,1851.48985996473
A-,2011-04-01,20110401 - 5.25% VW 01-04-11,Financial,EUR,0.000709398246758682,101518
A-,2011-04-01,20110401 - 5.25% VW 01-04-11 Pro-rata,Financial,EUR,0.000019800661723137,2833.5615234375
A-,2011-05-06,20110506 - 5.25% Danone 06-05-11,Food,EUR,0.000713877494539098,102159
A-,2011-05-06,20110506 - 5.25% Danone 06-05-11 Pro-rata,Food,EUR,0.0000162827781889144,2330.13696289063
A-,2013-02-14,20130214 - 5.125% Telefonica 14-02-13,Telecommunications,EUR,0.00343416071981744,491443.45866
A-,2013-02-14,20130214 - 5.125% Telefonica 14-02-13 Pro-rata,Telecommunications,EUR,0.000110152997237368,15763.376953125
A-,2013-04-18,20130418 - 2.875% BMW Finance 18-04-13,Financial,EUR,0.00177721821420963,254327.72
A-,2013-04-18,20130418 - 2.875% BMW Finance 18-04-13 Pro-rata,Financial,EUR,0.0000245706266971648,3516.16442871094
A-,2013-06-07,20130607 - 6.375% CS GP FIN 07-06-13,Financial,EUR,0.00231124992725855,330750
A-,2013-06-07,20130607 - 6.375% CS GP FIN 07-06-13 Pro-rata,Financial,EUR,0.0000475991286434549,6811.64404296875
A-,2013-06-10,20130610 - 4.25% Henkel 10-06-13,Industrial,EUR,0.000741486711357234,106110
A-,2013-06-10,20130610 - 4.25% Henkel 10-06-13 Pro-rata,Industrial,EUR,0.0000103334854991193,1478.76708984375
A-,2013-07-01,20130701 - 5.5% Diageo 01-07-13,Financial,EUR,0.00075881671837039,108590
A-,2013-07-01,20130701 - 5.5% Diageo 01-07-13 Pro-rata,Financial,EUR,0.0000111615045975927,1597.26025390625
A-,2013-07-08,20130708 - 5.875% Hutchison Whampoa 08-07-13,Financial,EUR,0.00284721358669415,407448.75
A-,2013-07-08,20130708 - 5.875% Hutchison Whampoa 08-07-13 Pro-rata,Financial,EUR,0.0000417569252727263,5975.59912109375
A-,2013-09-05,20130905 - 1.206% Vodafone 05-09-13,Telecommunications,EUR,0.00278621790172799,398720
A-,2013-09-05,20130905 - 1.206% Vodafone 05-09-13 Pro-rata,Telecommunications,EUR,0.00000374551764477879,536
A-,2014-01-15,20140115 - 5.25% Poland 15-01-14,Government,USD,0.00151784804577111,217210.711493354
A-,2014-01-15,20140115 - 5.25% Poland 15-01-14 Pro-rata,Government,USD,0.0000179273391232808,2565.48084440969
A-,2014-01-15,20140115 - 6.875% Volkswagen 15-01-14,Financial,EUR,0.00211924987113202,303273.95
A-,2014-01-15,20140115 - 6.875% Volkswagen 15-01-14 Pro-rata,Financial,EUR,0.0000952215889771417,13626.626953125
A-,2014-01-17,20140117 - 4.5% Schneider 17-01-14,Energy,EUR,0.00074567945498945,106710
A-,2014-01-17,20140117 - 4.5% Schneider 17-01-14 Pro-rata,Energy,EUR,0.0000233472645958625,3341.09594726563
A-,2014-02-18,20140218 - 5.5% EDP 18-02-14,Financial,EUR,0.000736525298059113,105400
A-,2014-02-18,20140218 - 5.5% EDP 18-02-14 Pro-rata,Financial,EUR,0.0000251660343374474,3601.36987304688
A-,2014-03-13,20140313 - 5.125% Teliasonera 13-03-14,Telecommunications,EUR,0.000765629926772739,109565
A-,2014-03-13,20140313 - 5.125% Teliasonera 13-03-14 Pro-rata,Telecommunications,EUR,0.0000211934575148127,3032.87670898437
A-,2014-03-17,20140317 - 5.75% DSM 17-03-14,Chemical,EUR,0.000777823822836432,111310
A-,2014-03-17,20140317 - 5.75% DSM 17-03-14 Pro-rata,Chemical,EUR,0.0000233376920517055,3339.72607421875
A-,2014-03-19,20140319 - 4.625% Henkel 19-03-14,Industrial,EUR,0.000757139620917504,108350
A-,2014-03-19,20140319 - 4.625% Henkel 19-03-14 Pro-rata,Industrial,EUR,0.0000185945313955396,2660.958984375
A-,2014-03-28,20140328 - 4.5% Telenor 28-03-14,Telecommunications,EUR,0.000753575788830121,107840
A-,2014-03-28,20140328 - 4.5% Telenor 28-03-14 Pro-rata,Telecommunications,EUR,0.0000173166061337484,2478.08227539062
A-,2014-04-07,20140407 - 6.25% OMV 07-04-14,Energy,EUR,0.000785440640434956,112400
A-,2014-04-07,20140407 - 6.25% OMV 07-04-14 Pro-rata,Energy,EUR,0.0000228542811308222,3270.5478515625
A-,2014-06-10,20140610 - 4.15% Vodafone 10-06-14,Telecommunications,USD,0.00239612492292854,342895.98407847
A-,2014-06-10,20140610 - 4.15% Vodafone 10-06-14 Pro-rata,Telecommunications,USD,0.000031920839926637,4568.01217437273
A-,2015-05-11,20150511 - 4.125% Teliasonera 11-05-15,Telecommunications,EUR,0.00363560115282437,520270.46799
A-,2015-05-11,20150511 - 4.125% Teliasonera 11-05-15 Pro-rata,Telecommunications,EUR,0.0000598859454325182,8569.94140625
A-,2015-12-01,20151201 - 4.625% Aegon 01-12-15,Insurance,USD,0.00347364563245049,497093.922809013
A-,2015-12-01,20151201 - 4.625% Aegon 01-12-15 Pro-rata,Insurance,USD,0.0000559210894302818,8002.55312544424
A-,2017-06-28,20170628 - 3.75% America Movil 28-06-17,Telecommunications,EUR,0.000363022254064101,51950.0765
A-,2017-06-28,20170628 - 3.75% America Movil 28-06-17 Pro-rata,Telecommunications,EUR,0.00000391274927466907,559.931579589844
Aa3,2013-01-11,20130111 - 2.375% Deutsche Bank 11-01-13,Banking,USD,0.00332636208937078,476017.001919113
Aa4,2013-01-11,20130111 - 2.375% Deutsche Bank 11-01-13 Pro-rata,Banking,USD,0.0000200826214562717,2873.91119771306
Ae,2015-09-01,20150901 - 2.5% Skand Enskilda Bkn 01-09-15,Banking,EUR,0.00173824163085583,248750
Ae,2015-09-01,20150901 - 2.5% Skand Enskilda Bkn 01-09-15 Pro-rata,Banking,EUR,0.00000526486090066145,753.424682617188
A /*-,2014-02-15,20140215 - 4.85% AT&T 15-02-14,Telecommunications,USD,0.000513405615044831,73470.5949250125
A /*-,2014-02-15,20140215 - 4.85% AT&T 15-02-14 Pro-rata,Telecommunications,USD,0.00000373385341947743,534.330798208828
BBB+,2011-03-31,20110331 - 9.5% Deutsche Bk 31-03-11,Financial,EUR,0.00237204470992567,339450
BBB+,2011-03-31,20110331 - 9.5% Deutsche Bk 31-03-11 Pro-rata,Financial,EUR,0.000111636109923454,15975.6168823242
BBB+,2011-09-19,20110919 - 5.33% Deutsche Bk 19-09-11,Financial,EUR,0.00408146122831002,584075
BBB+,2011-09-19,20110919 - 5.33% Deutsche Bk 19-09-11 Pro-rata,Financial,EUR,0.0000161839517680683,2315.99446868896
BBB+,2012-11-02,20121102 - 3.125% Gas Natural 02-11-12,Financial,EUR,0.00141022932069554,201810
BBB+,2012-11-02,20121102 - 3.125% Gas Natural 02-11-12 Pro-rata,Financial,EUR,0.0000415206057545238,5941.78076171875
BBB+,2013-01-30,20130130 - 7.375% Anheuser-Busch 30-01-13,Consumer Cyclical,EUR,0.000781527413044888,111840
BBB+,2013-01-30,20130130 - 7.375% Anheuser-Busch 30-01-13 Pro-rata,Consumer Cyclical,EUR,0.0000364280463836098,5213.01318359375
BBB+,2013-04-02,20130402 - 6.5% ELM 02-04-13,Services,EUR,0.00076901906120878,110050
BBB+,2013-04-02,20130402 - 6.5% ELM 02-04-13 Pro-rata,Services,EUR,0.0000243906633788219,3490.41088867188
BBB+,2013-04-02,20130402 - 6.5% Securitas 02-04-13,Services,EUR,0.000768236415730767,109938
BBB+,2013-04-02,20130402 - 6.5% Securitas 02-04-13 Pro-rata,Services,EUR,0.0000243906633788219,3490.41088867188
BBB+,2013-07-09,20130709 - 5.125% Bat 09-07-13,Financial,EUR,0.00424900508070891,608051.26
BBB+,2013-07-09,20130709 - 5.125% Bat 09-07-13 Pro-rata,Financial,EUR,0.0000541355470423954,7747.0341796875
BBB+,2013-07-19,20130719 - 3% Daimler 19-07-13,Auto,EUR,0.00215716659877465,308700
BBB+,2013-07-19,20130719 - 3% Daimler 19-07-13 Pro-rata,Auto,EUR,0.0000151627986261907,2169.86297607422
BBB+,2013-09-27,20130927 - 4.875% Merck 27-09-13,Financial,EUR,0.000752876998224752,107740
BBB+,2013-09-27,20130927 - 4.875% Merck 27-09-13 Pro-rata,Financial,EUR,0.00000167996923745854,240.41096496582
BBB+,2014-01-16,20140116 - 7.875% Daimler 16-01-14,Financial,EUR,0.000818675121626314,117156
BBB+,2014-01-16,20140116 - 7.875% Daimler 16-01-14 Pro-rata,Financial,EUR,0.0000410084789072011,5868.4931640625
BBB+,2014-05-01,20140501 - 8.95% Rio Tinto 01-05-14,Metalli preziosi,USD,0.0015382999764279,220137.472457175
BBB+,2014-05-01,20140501 - 8.95% Rio Tinto 01-05-14 Pro-rata,Metalli preziosi,USD,0.0000508302150167948,7274.026672116
BBB+,2014-05-20,20140520 - 7.25% Amer Express 20-05-14,Financial,USD,0.00153912701192225,220255.824863174
BBB+,2014-05-20,20140520 - 7.25% Amer Express 20-05-14 Pro-rata,Financial,USD,0.0000382905190714083,5479.54119262652
BBB+,2014-09-10,20140910 - 5.875% Deutsche Telekom 10-09-14,Financial,EUR,0.00226101338148514,323560.93
BBB+,2014-09-10,20140910 - 5.875% Deutsche Telekom 10-09-14 Pro-rata,Financial,EUR,0.0000112982711919905,1616.83215332031
BBB+,2015-06-22,20150622 - 4% Kon Kpn 22-06-15,Telecommunications,EUR,0.00363198660258473,519753.21
BBB+,2015-06-22,20150622 - 4% Kon Kpn 22-06-15 Pro-rata,Telecommunications,EUR,0.0000430646463790554,6162.73974609375
BBB+,2020-07-07,20200707 - 4% BAT 07-07-20,Financial,EUR,0.000700825483612013,100291.2
BBB+,2020-07-07,20200707 - 4% BAT 07-07-20 Pro-rata,Financial,EUR,0.00000735166017261194,1052.05480957031
BBB+,2020-12-12,20201212 - 7.875% Claudius 12-12-20,Financial,USD,0.000255918586549484,36623.0720022745
BBB+,2020-12-12,20201212 - 7.875% Claudius 12-12-20 Pro-rata,Financial,USD,0.00000342249201444452,489.773615750942
BBB,2010-11-16,20101116 - 6.375% PSA 16-11-10,Financial,EUR,0.000701306251548507,100360
BBB,2010-11-16,20101116 - 6.375% PSA 16-11-10 Pro-rata,Financial,EUR,0.0000406423303727179,5816.095703125
BBB,2011-05-27,20110527 - 5.875% Xstrata Fin 27-05-11,Financial,EUR,0.00250532154813471,358522.5
BBB,2011-05-27,20110527 - 5.875% Xstrata Fin 27-05-11 Pro-rata,Financial,EUR,0.0000555071863343221,7943.32177734375
BBB,2011-08-10,20110810 - 7.5% VTB Capital SA 10-08-11,Financial,CHF,0.00108044521192102,154616.447848523
BBB,2011-08-10,20110810 - 7.5% VTB Capital SA 10-08-11 Pro-rata,Financial,CHF,0.0000141035567675911,2018.280821068
BBB,2011-11-05,20111105 - 2.299% Banque PSA 05-11-11,Financial,EUR,0.0014010751637652,200500
BBB,2011-11-05,20111105 - 2.299% Banque PSA 05-11-11 Pro-rata,Financial,EUR,0.00000633682718529784,906.827758789063
BBB,2012-02-15,20120215 - 3.875% Vivendi 15-02-12,Services,EUR,0.0143391832221755,2052000
BBB,2012-02-15,20120215 - 3.875% Vivendi 15-02-12 Pro-rata,Services,EUR,0.000359063507454,51383.5625
BBB,2012-05-04,20120504 - 8.5% PSA 04-05-12,Financial,EUR,0.000756440830312135,108250
BBB,2012-05-04,20120504 - 8.5% PSA 04-05-12 Pro-rata,Financial,EUR,0.0000266880569161957,3819.17797851563
BBB,2012-06-14,20120614 - 3% Mexico 14-06-12,Government,CHF,0.000531161613726353,76011.5562008357
BBB,2012-06-14,20120614 - 3% Mexico 14-06-12 Pro-rata,Government,CHF,0.00000525086225196956,751.4214146018
BBB,2012-06-25,20120625 - 5% Imperial 25-06-12,Financial,EUR,0.000730236182610791,104500
BBB,2012-06-25,20120625 - 5% Imperial 25-06-12 Pro-rata,Financial,EUR,0.0000107211709784321,1534.24658203125
BBB,2013-01-18,20130118 - 3.875% PSA 18-01-13,Financial,EUR,0.00141966299386802,203160
BBB,2013-01-18,20130118 - 3.875% PSA 18-01-13 Pro-rata,Financial,EUR,0.0000400608055658123,5732.876953125
BBB,2013-06-03,20130603 - 8.25% Arcelormittal 03-06-13,Basic Materials,EUR,0.00396214273244324,567000
BBB,2013-06-03,20130603 - 8.25% Arcelormittal 03-06-13 Pro-rata,Basic Materials,EUR,0.000105823702823771,15143.8359375
BBB,2013-09-30,20130930 - 4.25% Anglo American 30-09-13,Financial,EUR,0.0147217710786152,2106750
BBB,2013-09-30,20130930 - 4.25% Anglo American 30-09-13 Pro-rata,Financial,EUR,0.000024409808467136,3493.15063476562
BBB,2013-12-09,20131209 - 4% Holcim 09-12-13,Financial,CHF,0.000417020450776701,59677.4552451782
BBB,2013-12-09,20131209 - 4% Holcim 09-12-13 Pro-rata,Financial,CHF,0.0000132790403431588,1900.28890502089
BBB,2014-02-25,20140225 - 6.875% Sandvika 25-02-14,Building and Construction,EUR,0.000794105643941533,113640
BBB,2014-02-25,20140225 - 6.875% Sandvika 25-02-14 Pro-rata,Building and Construction,EUR,0.0000305361906647888,4369.86279296875
BBB,2014-03-26,20140326 - 9% Holcim 26-03-14,Financial,EUR,0.0167396687097397,2395520
BBB,2014-03-26,20140326 - 9% Holcim 26-03-14 Pro-rata,Financial,EUR,0.000699556381605233,100109.5859375
BBB,2014-04-09,20140409 - 7.75% Bacardi 09-04-14,Food,EUR,0.0161767229980543,2314960
BBB,2014-04-09,20140409 - 7.75% Bacardi 09-04-14 Pro-rata,Food,EUR,0.000560851250624864,80260.2734375
BBB,2014-07-28,20140728 - 8.25% ST Gobain 28-07-14,Machinery,EUR,0.00125212095832471,179184
BBB,2014-07-28,20140728 - 8.25% ST Gobain 28-07-14 Pro-rata,Machinery,EUR,0.0000187165800540181,2678.42468261719
BBB,2014-10-08,20141008 - 4.625% Repsol 08-10-14,Financial,EUR,0.00353745972993617,506226
BBB,2014-10-08,20141008 - 4.625% Repsol 08-10-14 Pro-rata,Financial,EUR,0.00000295033219363069,422.205474853516
BBB,2014-12-09,20141209 - 4.375% Holcim 09-12-14,Financial,EUR,0.000742129598714174,106202
BBB,2014-12-09,20141209 - 4.375% Holcim 09-12-14 Pro-rata,Financial,EUR,0.0000259653358034497,3715.75341796875
BBB,2015-03-04,20150304 - 6.465% VTB Capital 04-03-15,Financial,USD,0.000789734211768422,113014.428886204
BBB,2015-03-04,20150304 - 6.465% VTB Capital 04-03-15 Pro-rata,Financial,USD,0.00000548561055666658,785.014926434004
BBB,2034-04-28,20340428 - 8.625% Gaz Capital 28-04-34,Financial,USD,0.000321605598817643,46023.1715118345
BBB,2034-04-28,20340428 - 8.625% Gaz Capital 28-04-34 Pro-rata,Financial,USD,0.00000993635078976839,1421.93537140055
BBB-,2011-09-15,20110915 - 9.25% Skand Enskilda 15-09-11,Banking,EUR,0.00234171719765265,335110
BBB-,2011-09-15,20110915 - 9.25% Skand Enskilda 15-09-11 Pro-rata,Banking,EUR,0.0000164694423201554,2356.84941864014
BBB-,2012-07-23,20120723 - 2.875% RCI 23-07-12,Banking,EUR,0.00420452524182159,601686
BBB-,2012-07-23,20120723 - 2.875% RCI 23-07-12 Pro-rata,Banking,EUR,0.0000277410299493438,3969.86303710938
BBB-,2013-05-06,20130506 - 6.5% Accor 06-05-13,Leisure,EUR,0.0157823884715384,2258529
BBB-,2013-05-06,20130506 - 6.5% Accor 06-05-13 Pro-rata,Leisure,EUR,0.00042335220049717,60583.5563964844
BBB-,2014-03-24,20140324 - 6.75% Deutsche Lufthansa 24-03-14,Transportation,EUR,0.000781247896802741,111800
BBB-,2014-03-24,20140324 - 6.75% Deutsche Lufthansa 24-03-14 Pro-rata,Transportation,EUR,0.0000264918240260556,3791.09619140625
BBB-,2014-04-28,20140428 - 7.625% Adecco 28-04-14,Financial,EUR,0.00157213910395958,224980
BBB-,2014-04-28,20140428 - 7.625% Adecco 28-04-14 Pro-rata,Financial,EUR,0.0000496332780695257,7102.73974609375
BBB-,2014-10-23,20141023 - 6.75% Franz Haniel & Cie 23-10-14,Industrial,EUR,0.0153559235529877,2197500
BBB-,2014-10-23,20141023 - 6.75% Franz Haniel & Cie 23-10-14 Pro-rata,Industrial,EUR,0.000922690758351708,132041.09375
BBB-,2015-01-12,20150112 - 7.5% Autoroutes Paris 12-01-15,Transportation,EUR,0.0160565310139308,2297760
BBB-,2015-01-12,20150112 - 7.5% Autoroutes Paris 12-01-15 Pro-rata,Transportation,EUR,0.000792600842047284,113424.65625
BB+,2011-11-15,20111115 - 5.625% FIAT 15-11-11,Financial,EUR,0.00143345712041801,205134
BB+,2011-11-15,20111115 - 5.625% FIAT 15-11-11 Pro-rata,Financial,EUR,0.0000719371421763971,10294.5205078125
BB+,2012-12-18,20121218 - 5.75% Fiat 18-12-12,Financial,EUR,0.000727441020189314,104100
BB+,2012-12-18,20121218 - 5.75% Fiat 18-12-12 Pro-rata,Financial,EUR,0.0000331351184900937,4741.78076171875
BB+,2013-02-15,20130215 - 6.625% Fiat 15-02-13,Financial,EUR,0.000736455418998576,105390
BB+,2013-02-15,20130215 - 6.625% Fiat 15-02-13 Pro-rata,Financial,EUR,0.00000771581264994605,1104.16662597656
BB+,2013-02-25,20130225 - 6.75% Thyssen 25-02-13,Financial,EUR,0.000762031155155088,109050
BB+,2013-02-25,20130225 - 6.75% Thyssen 25-02-13 Pro-rata,Financial,EUR,0.0000299809899278071,4290.4111328125
BB+,2014-09-15,20140915 - 7.625% Fiat 15-09-14,Financial,EUR,0.000763219099184216,109220
BB+,2014-09-15,20140915 - 7.625% Fiat 15-09-14 Pro-rata,Financial,EUR,0.00000437940696375367,626.712341308594
BB+,2016-03-18,20160318 - 4.875% Pernod Ricard 18-03-16,Food,EUR,0.014372166138749,2056720
BB+,2016-03-18,20160318 - 4.875% Pernod Ricard 18-03-16 Pro-rata,Food,EUR,0.000393859458090262,56363.015625
BB+,2016-07-15,20160715 - 5.5% FMC Finance 15-07-16,Financial,EUR,0.000244725204882853,35021.25
BB+,2016-07-15,20160715 - 5.5% FMC Finance 15-07-16 Pro-rata,Financial,EUR,0.00000317076237186264,453.75
BB+,2017-07-13,20170713 - 6% Barry Callebaut 13-07-17,Financial,EUR,0.000745522227103241,106687.5
BB+,2017-07-13,20170713 - 6% Barry Callebaut 13-07-17 Pro-rata,Financial,EUR,0.0000107977504786726,1545.20544433594
BB-,2011-07-15,20110715 - 6.25% Road King Infrastructure 15-07-11,Financial,USD,0.000758815372345413,108589.807377923
BB-,2011-07-15,20110715 - 6.25% Road King Infrastructure 15-07-11 Pro-rata,Financial,USD,0.0000116411293008317,1665.89665221409
BB-,2013-07-29,20130729 - 9.75% Steel Cap 29-07-13,Financial,USD,0.00081182441872968,116175.634373445
BB-,2013-07-29,20130729 - 9.75% Steel Cap 29-07-13 Pro-rata,Financial,USD,0.0000153352464530113,2194.54101631912
BB-,2014-01-27,20140127 - 5.625% Royal Caribbean Cruises 27-01-14,Leisure,EUR,0.0139073306280574,1990200
BB-,2014-01-27,20140127 - 5.625% Royal Caribbean Cruises 27-01-14 Pro-rata,Leisure,EUR,0.000562143521907652,80445.203125
BB-,2015-12-15,20151215 - 6.75% Heidelberger Zement 15-12-15,Financial,EUR,0.0168115043839717,2405800
BB-,2015-12-15,20151215 - 6.75% Heidelberger Zement 15-12-15 Pro-rata,Financial,EUR,0.000903564995965294,129304.11328125
BB-,2016-12-15,20161215 - 5.18% Remy Cointreau 15-12-16,Beverages,EUR,0.0144356163257165,2065800
BB-,2016-12-15,20161215 - 5.18% Remy Cointreau 15-12-16 Pro-rata,Beverages,EUR,0.000602958680120913,86286.03125
BB,2013-01-31,20130131 - 5% Fresenius Finance 31-01-13,Financial,EUR,0.0147881561861252,2116250
BB,2013-01-31,20130131 - 5% Fresenius Finance 31-01-13 Pro-rata,Financial,EUR,0.000145581380667997,20833.333984375
BB,2020-12-31,20201231 - 3.42% ING 31-12-20,Banking,EUR,0.00188002624468524,269040
BB,2020-12-31,20201231 - 3.42% ING 31-12-20 Pro-rata,Banking,EUR,0.0000754280379943445,10794.0830078125
B,2013-04-16,20130416 - 8.5% Kazkommerts 16-04-13,Banking,USD,0.000730131629748164,104485.038026868
B,2013-04-16,20130416 - 8.5% Kazkommerts 16-04-13 Pro-rata,Banking,USD,0.0000314879621083503,4506.06546029835
NR,2013-08-01,20130801 - 6.6% Abu Dhabi National 01-08-13,Energy,USD,0.00307481028599301,440018.835738148
NR,2013-08-01,20130801 - 6.6% Abu Dhabi National 01-08-13 Pro-rata,Energy,USD,0.0000381393614326723,5457.90987165932
NR,2014-07-15,20140715 - 3.75% Netherlands 15-07-14,Government,EUR,0.0048002679917794,686939.4
NR,2014-07-15,20140715 - 3.75% Netherlands 15-07-14 Pro-rata,Government,EUR,0.0000416115440709999,5954.79443359375
NR,2016-07-15,20160715 - 4% Netherlands 15-07-16,Government,EUR,0.00185309771979579,265186.41
NR,2016-07-15,20160715 - 4% Netherlands 15-07-16 Pro-rata,Government,EUR,0.0000166974582086294,2389.4794921875
blank,2010-12-31,20101231 - 3.13% UBS SA Jersey FRN 31-12-10,(blank),EUR,0.000701355166890883,100367
blank,2010-12-31,20101231 - 3.13% UBS SA Jersey FRN 31-12-10 Pro-rata,(blank),EUR,0.000000911339450044631,130.41667175293
blank,2011-02-01,20110201 - 3.5% Porsche Intl Financing 01-02-11,Financial,EUR,0.014048486330342,2010400
blank,2011-02-01,20110201 - 3.5% Porsche Intl Financing 01-02-11 Pro-rata,Financial,EUR,0.000343077471309827,49095.890625
blank,2011-02-25,20110225 - 3.141% UBS SA Jersey FRN 25-02-11,(blank),EUR,0.00210475730337196,301200
blank,2011-02-25,20110225 - 3.141% UBS SA Jersey FRN 25-02-11 Pro-rata,(blank),EUR,0.00000914542204776911,1308.75
blank,2012-05-21,20120521 - 3.5% Hilti 21-05-12,Engeneering,CHF,0.00134873390152084,193009.735843299
blank,2012-05-21,20120521 - 3.5% Hilti 21-05-12 Pro-rata,Engeneering,CHF,0.0000182261338043356,2608.23967355809
blank,2012-11-15,20121115 - 4% USA Treasury 15-11-12,Government,USD,0.000995437622965838,142451.489089488
blank,2012-11-15,20121115 - 4% USA Treasury 15-11-12 Pro-rata,Government,USD,0.0000338150747855272,4839.0854893738
blank,2013-11-20,20131120 - 6.375% Otto Gmbh 20-11-13,International trade,EUR,0.000566596892598464,81082.5
blank,2013-11-20,20131120 - 6.375% Otto Gmbh 20-11-13 Pro-rata,International trade,EUR,0.0000301156026571187,4309.6748046875
blank,2013-12-04,20131204 - 3.75% Luxembourg 04-12-13,Government,EUR,0.0299839868114228,4290840
blank,2013-12-04,20131204 - 3.75% Luxembourg 04-12-13 Pro-rata,Government,EUR,0.00090459879661362,129452.0546875
blank,2014-01-22,20140122 - 4.375% Rabobank 22-01-14,Banking,EUR,0.00210694451796677,301513
blank,2014-01-22,20140122 - 4.375% Rabobank 22-01-14 Pro-rata,Banking,EUR,0.0000626066156836022,8959.28125
blank,2014-04-07,20140407 - 7.125% Heineken 07-04-14,Consumer Cyclical,EUR,0.0168649339136582,2413446
blank,2014-04-07,20140407 - 7.125% Heineken 07-04-14 Pro-rata,Consumer Cyclical,EUR,0.000547131498529078,78296.9167480469
blank,2014-05-28,20140528 - 6% Carlsberg 28-05-14,Consumer Cyclical,EUR,0.0155726883987732,2228520
blank,2014-05-28,20140528 - 6% Carlsberg 28-05-14 Pro-rata,Consumer Cyclical,EUR,0.00032163513617709,46027.3984375
blank,2014-07-14,20140714 - 4.75% Adidas 14-07-14,Financial,EUR,0.0149030373616479,2132690
blank,2014-07-14,20140714 - 4.75% Adidas 14-07-14 Pro-rata,Financial,EUR,0.000169145609851842,24205.478515625
blank,2014-09-10,20140910 - 2.125% Allreal 10-09-14,(blank),CHF,0.000475983295500427,68115.2968919724
blank,2014-09-10,20140910 - 2.125% Allreal 10-09-14 Pro-rata,(blank),CHF,0.00000096826335835533,138.562732657773
blank,2014-10-06,20141006 - 3% UBS Covered Bond 06-10-14,Banking,EUR,0.000728908480460589,104310
blank,2014-10-06,20141006 - 3% UBS Covered Bond 06-10-14 Pro-rata,Banking,EUR,0.000000524092954026883,75
blank,2014-10-30,20141030 - 4.875% Moller-Maersk 30-10-14,Transportation,EUR,0.014944825039849,2138670
blank,2014-10-30,20141030 - 4.875% Moller-Maersk 30-10-14 Pro-rata,Transportation,EUR,0.00065332133794511,93493.1484375
blank,2014-11-03,20141103 - 11.75% Prime Dig PTE 03-11-14,Financial,USD,0.000780570314782807,111703.035041581
blank,2014-11-03,20141103 - 11.75% Prime Dig PTE 03-11-14 Pro-rata,Financial,USD,0.0000393935815540144,5637.39427109247
blank,2015-01-20,20150120 - 1.875% Swiss Prime Site 20-01-15,Real Estate,CHF,0.000167022988316231,23901.7220656525
blank,2015-01-20,20150120 - 1.875% Swiss Prime Site 20-01-15 Pro-rata,Real Estate,CHF,0.00000215621672238792,308.564068523613
blank,2015-04-08,20150408 - 6.375% Trafigura Beheer 08-04-15,Services,EUR,0.00133427078189191,190940
blank,2015-04-08,20150408 - 6.375% Trafigura Beheer 08-04-15 Pro-rata,Services,EUR,0.0000463786369405743,6636.986328125
blank,2015-04-09,20150409 - 5.25% Prysmian 09-04-15,(blank),EUR,0.00143964840518158,206020
blank,2015-04-09,20150409 - 5.25% Prysmian 09-04-15 Pro-rata,(blank),EUR,0.0000379931496761441,5436.986328125
blank,2015-04-21,20150421 - 4% Stada Arzneimittel 21-04-15,Healthcare,EUR,0.000361631126184603,51751
blank,2015-04-21,20150421 - 4% Stada Arzneimittel 21-04-15 Pro-rata,Healthcare,EUR,0.0000067773117882685,969.863037109375
blank,2015-06-17,20150617 - 2.5% Skand Enskilda 17-06-15,Banking,EUR,0.00355342010736281,508510
blank,2015-06-17,20150617 - 2.5% Skand Enskilda 17-06-15 Pro-rata,Banking,EUR,0.0000287174209232039,4109.5888671875
blank,2016-10-14,20161014 - 5.375% Campari 14-10-16,Beverages,EUR,0.0148483604907308,2124865.5
blank,2016-10-14,20161014 - 5.375% Campari 14-10-16 Pro-rata,Beverages,EUR,0.00000205808185273331,294.520538330078
blank,2020-12-31,20201231 - 0% Carmignac 31-12-20,Fondi,EUR,0.000255284342517648,36532.3089
blank,2020-12-31,20201231 - 0% Carmignac 31-12-20 Pro-rata,Fondi,EUR,0,0
blank,2020-12-31,20201231 - 0% Cert Crossover EUR Bond Basket 31-12-20,(blank),EUR,0.00152476110091555,218200
blank,2020-12-31,20201231 - 0% Cert Crossover EUR Bond Basket 31-12-20 Pro-rata,(blank),EUR,0,0
blank,2020-12-31,20201231 - 0% CL MMF EUR 31-12-20,Fondi,EUR,0.000000218257462518587,31.2336
blank,2020-12-31,20201231 - 0% CL MMF EUR 31-12-20 Pro-rata,Fondi,EUR,0,0
blank,2020-12-31,20201231 - 0% CS FI SIF Premium Credit Core 31-12-20,(blank),EUR,0.00601005733329581,860065.56
blank,2020-12-31,20201231 - 0% CS FI SIF Premium Credit Core 31-12-20 Pro-rata,(blank),EUR,0,0
blank,2020-12-31,20201231 - 0% CS Fixed Income SIC 31-12-20,Fondi,EUR,0.0198952435554046,2847096.5984
blank,2020-12-31,20201231 - 0% CS Fixed Income SIC 31-12-20 Pro-rata,Fondi,EUR,0,0
blank,2020-12-31,20201231 - 0% CS FXD I-GBL EM MKT 31-12-20,Fondi,EUR,0.0102320693907424,1464254
blank,2020-12-31,20201231 - 0% CS FXD I-GBL EM MKT 31-12-20 Pro-rata,Fondi,EUR,0,0
blank,2020-12-31,20201231 - 0% CS FXD I-GL HIGH YLD 31-12-20,Fondi,EUR,0.00604939477211822,865694.92
blank,2020-12-31,20201231 - 0% CS FXD I-GL HIGH YLD 31-12-20 Pro-rata,Fondi,EUR,0,0
blank,2020-12-31,20201231 - 0% CS FXD I-GLOB CRED OP 31-12-20,Fondi,EUR,0.0104594601163522,1496794.61
blank,2020-12-31,20201231 - 0% CS FXD I-GLOB CRED OP 31-12-20 Pro-rata,Fondi,EUR,0,0
blank,2020-12-31,20201231 - 0% ETF x-trackers 31-12-20,Fondi,EUR,0.000125333892491389,17935.829636
blank,2020-12-31,20201231 - 0% ETF x-trackers 31-12-20 Pro-rata,Fondi,EUR,0,0
blank,2020-12-31,20201231 - 0% Franklin Templeton Global Bond 31-12-20,Fondi,EUR,0.000210316825353535,30097.26
blank,2020-12-31,20201231 - 0% Franklin Templeton Global Bond 31-12-20 Pro-rata,Fondi,EUR,0,0
blank,2020-12-31,20201231 - 0% Ishares Inflation Linked 31-12-20,Fondi,EUR,0.00260542959146929,372848.4
blank,2020-12-31,20201231 - 0% Ishares Inflation Linked 31-12-20 Pro-rata,Fondi,EUR,0,0
blank,2020-12-31,20201231 - 0% Ishres Treasury Bond 31-12-20,Fondi,USD,0.00324453584027436,464307.306844836
blank,2020-12-31,20201231 - 0% Ishres Treasury Bond 31-12-20 Pro-rata,Fondi,USD,0,0
blank,2020-12-31,20201231 - 0% Pictet Asian Local Cur Debt 31-12-20,Fondi,EUR,0.00559282651332064,800358
blank,2020-12-31,20201231 - 0% Pictet Asian Local Cur Debt 31-12-20 Pro-rata,Fondi,EUR,0,0
blank,2020-12-31,20201231 - 0% Pictet Convertible Bonds 31-12-20,Fondi,EUR,0.0188331894601774,2695112
blank,2020-12-31,20201231 - 0% Pictet Convertible Bonds 31-12-20 Pro-rata,Fondi,EUR,0,0
blank,2020-12-31,20201231 - 0% Pictet EM LCL CCY DBT-I EUR 31-12-20,Fondi,EUR,0.023940566139948,3426000
blank,2020-12-31,20201231 - 0% Pictet EM LCL CCY DBT-I EUR 31-12-20 Pro-rata,Fondi,EUR,0,0
blank,2020-12-31,20201231 - 0% Pictet MMF EUR 31-12-20,Fondi,EUR,0.058505259537362,8372359.2
blank,2020-12-31,20201231 - 0% Pictet MMF EUR 31-12-20 Pro-rata,Fondi,EUR,0,0
blank,2020-12-31,20201231 - 0% Pictet US High Yield 31-12-20,Fondi,EUR,0.0161777013049018,2315100
blank,2020-12-31,20201231 - 0% Pictet US High Yield 31-12-20 Pro-rata,Fondi,EUR,0,0
blank,2020-12-31,20201231 - 0% Schroder International Euro Liquidity 31-12-20,Fondi,EUR,0.000154472009794422,22105.622
blank,2020-12-31,20201231 - 0% Schroder International Euro Liquidity 31-12-20 Pro-rata,Fondi,EUR,0,0
blank,2020-12-31,20201231 - 0% SocGen Oblig Corporate 31-12-20,Fondi,EUR,0.00038254350958059,54743.65377
blank,2020-12-31,20201231 - 0% SocGen Oblig Corporate 31-12-20 Pro-rata,Fondi,EUR,0,0
blank,2020-12-31,20201231 - 0% SPDR Series Trust High Yield ETF 31-12-20,Fondi,USD,0.00489494151852307,700487.596844125
blank,2020-12-31,20201231 - 0% SPDR Series Trust High Yield ETF 31-12-20 Pro-rata,Fondi,USD,0,0
blank,2020-12-31,20201231 - 0% UBS Bond Fund Euro High Yield 31-12-20,Fondi,EUR,0.000805044512077983,115205.4
blank,2020-12-31,20201231 - 0% UBS Bond Fund Euro High Yield 31-12-20 Pro-rata,Fondi,EUR,0,0
blank,2020-12-31,20201231 - 0% UBS Bond Sicav Russia 31-12-20,Fondi,USD,0.000524040801767616,74992.5367829981
blank,2020-12-31,20201231 - 0% UBS Bond Sicav Russia 31-12-20 Pro-rata,Fondi,USD,0,0
B-,2013-04-01,20130401 - 13% Renaissance Consumer Funding 01-04-13,(blank),USD,0.00103435314214323,148020.470538062
B-,2013-04-01,20130401 - 13% Renaissance Consumer Funding 01-04-13 Pro-rata,(blank),USD,0.00000502206927623091,718.680136459148
